{
  "type": "FeatureCollection",
  "generator": "overpass-turbo",
  "copyright": "The data included in this document is from www.openstreetmap.org. The data is made available under ODbL.",
  "timestamp": "2025-01-17T18:44:15Z",
  "features": [
    {
      "type": "Feature",
      "properties": {
        "@id": "relation/2434814",
        "amenity": "school",
        "name": "ОУ Глигор Прличев",
        "type": "multipolygon"
      },
      "geometry": {
        "type": "Polygon",
        "coordinates": [
          [
            [
              21.4579145,
              42.0148858
            ],
            [
              21.4583182,
              42.0141457
            ],
            [
              21.4590425,
              42.0142741
            ],
            [
              21.4591366,
              42.0143532
            ],
            [
              21.459543,
              42.0143561
            ],
            [
              21.4598768,
              42.0143962
            ],
            [
              21.4597003,
              42.0151114
            ],
            [
              21.4579145,
              42.0148858
            ]
          ],
          [
            [
              21.4584325,
              42.0147168
            ],
            [
              21.45878,
              42.0147474
            ],
            [
              21.4588545,
              42.0142804
            ],
            [
              21.458507,
              42.0142498
            ],
            [
              21.4584325,
              42.0147168
            ]
          ]
        ]
      },
      "id": "relation/2434814"
    },
    {
      "type": "Feature",
      "properties": {
        "@id": "relation/2963885",
        "amenity": "hospital",
        "building": "yes",
        "name": "Поликлиника Ѓорче Петров",
        "type": "multipolygon"
      },
      "geometry": {
        "type": "Polygon",
        "coordinates": [
          [
            [
              21.3623532,
              42.0097135
            ],
            [
              21.362354,
              42.0096012
            ],
            [
              21.3624953,
              42.0096017
            ],
            [
              21.3624969,
              42.0093552
            ],
            [
              21.3623555,
              42.0093547
            ],
            [
              21.3623562,
              42.0092472
            ],
            [
              21.3625715,
              42.009248
            ],
            [
              21.3625714,
              42.0092692
            ],
            [
              21.3625983,
              42.0092693
            ],
            [
              21.3625985,
              42.0092353
            ],
            [
              21.3629398,
              42.0092366
            ],
            [
              21.3629396,
              42.0092684
            ],
            [
              21.3629636,
              42.0092684
            ],
            [
              21.3629637,
              42.0092492
            ],
            [
              21.3631861,
              42.00925
            ],
            [
              21.3631854,
              42.0093637
            ],
            [
              21.3630235,
              42.0093632
            ],
            [
              21.363022,
              42.0096027
            ],
            [
              21.3631824,
              42.0096033
            ],
            [
              21.3631817,
              42.0097164
            ],
            [
              21.3629604,
              42.0097156
            ],
            [
              21.3629606,
              42.0096813
            ],
            [
              21.3629367,
              42.0096812
            ],
            [
              21.3629366,
              42.0096954
            ],
            [
              21.3625954,
              42.0096942
            ],
            [
              21.3625955,
              42.0096828
            ],
            [
              21.3625708,
              42.0096827
            ],
            [
              21.3625706,
              42.0097143
            ],
            [
              21.3623532,
              42.0097135
            ]
          ],
          [
            [
              21.3625942,
              42.0095759
            ],
            [
              21.3629227,
              42.0095774
            ],
            [
              21.362923,
              42.0095425
            ],
            [
              21.3628601,
              42.0095422
            ],
            [
              21.3628613,
              42.0093817
            ],
            [
              21.3629209,
              42.0093818
            ],
            [
              21.3629215,
              42.0093434
            ],
            [
              21.3625968,
              42.0093419
            ],
            [
              21.362597,
              42.0093812
            ],
            [
              21.3626558,
              42.0093812
            ],
            [
              21.362654,
              42.0095414
            ],
            [
              21.3625945,
              42.0095411
            ],
            [
              21.3625942,
              42.0095759
            ]
          ]
        ]
      },
      "id": "relation/2963885"
    },
    {
      "type": "Feature",
      "properties": {
        "@id": "relation/3030761",
        "addr:city": "Kicevo",
        "addr:housenumber": "143",
        "addr:postcode": "6250",
        "addr:street": "11 Септември",
        "amenity": "school",
        "building": "school",
        "name": "О.У Санде Штерјоски",
        "type": "multipolygon",
        "website": "https://www.facebook.com/Sande.Sterjoski/"
      },
      "geometry": {
        "type": "Polygon",
        "coordinates": [
          [
            [
              20.9574034,
              41.5185741
            ],
            [
              20.9579005,
              41.518948
            ],
            [
              20.9578045,
              41.5190196
            ],
            [
              20.9577562,
              41.5189833
            ],
            [
              20.9576412,
              41.519069
            ],
            [
              20.957732,
              41.5191374
            ],
            [
              20.9576042,
              41.5192326
            ],
            [
              20.9573867,
              41.519069
            ],
            [
              20.9574555,
              41.5190177
            ],
            [
              20.9573738,
              41.5189562
            ],
            [
              20.9572199,
              41.5190709
            ],
            [
              20.9570817,
              41.518967
            ],
            [
              20.9572752,
              41.5188228
            ],
            [
              20.9573225,
              41.5188584
            ],
            [
              20.9573453,
              41.5188415
            ],
            [
              20.9573156,
              41.5188192
            ],
            [
              20.9573579,
              41.5187877
            ],
            [
              20.9573836,
              41.518807
            ],
            [
              20.9574573,
              41.5187522
            ],
            [
              20.9573116,
              41.5186425
            ],
            [
              20.9574034,
              41.5185741
            ]
          ],
          [
            [
              20.9574272,
              41.518921
            ],
            [
              20.9575447,
              41.5190105
            ],
            [
              20.9576475,
              41.5189348
            ],
            [
              20.957589,
              41.5188929
            ],
            [
              20.95753,
              41.5188453
            ],
            [
              20.9574272,
              41.518921
            ]
          ]
        ]
      },
      "id": "relation/3030761"
    },
    {
      "type": "Feature",
      "properties": {
        "@id": "relation/4081495",
        "addr:city": "Cкoпje",
        "addr:city:en": "Skopje",
        "addr:country": "MK",
        "addr:housenumber": "53",
        "addr:postcode": "1000",
        "addr:street": "11-ти Октомври",
        "amenity": "hospital",
        "building": "yes",
        "building:levels": "3",
        "healthcare": "hospital",
        "int_name": "Gradska Bolnica",
        "name": "Градска болница",
        "name:en": "City Hospital",
        "name:mk": "Градски клинички центар",
        "phone": "+3892 323 5020",
        "type": "multipolygon",
        "website": "http://www.gradskahirurgija.org.mk"
      },
      "geometry": {
        "type": "Polygon",
        "coordinates": [
          [
            [
              21.4337978,
              41.9926958
            ],
            [
              21.4340322,
              41.9924014
            ],
            [
              21.4343291,
              41.992532
            ],
            [
              21.4348186,
              41.9927473
            ],
            [
              21.4347197,
              41.9928715
            ],
            [
              21.4345446,
              41.9927945
            ],
            [
              21.4344092,
              41.9929647
            ],
            [
              21.4337978,
              41.9926958
            ]
          ],
          [
            [
              21.4343517,
              41.9928464
            ],
            [
              21.4344679,
              41.9926992
            ],
            [
              21.4343626,
              41.9926533
            ],
            [
              21.4343303,
              41.9926942
            ],
            [
              21.43428,
              41.9926723
            ],
            [
              21.4342285,
              41.9927375
            ],
            [
              21.4342964,
              41.9927672
            ],
            [
              21.434264,
              41.9928082
            ],
            [
              21.4343517,
              41.9928464
            ]
          ],
          [
            [
              21.4339508,
              41.9926676
            ],
            [
              21.4340205,
              41.9927054
            ],
            [
              21.434101,
              41.9926795
            ],
            [
              21.4341412,
              41.9926137
            ],
            [
              21.4341331,
              41.9925898
            ],
            [
              21.4341707,
              41.9925699
            ],
            [
              21.4340634,
              41.992522
            ],
            [
              21.4339508,
              41.9926676
            ]
          ]
        ]
      },
      "id": "relation/4081495"
    },
    {
      "type": "Feature",
      "properties": {
        "@id": "relation/6984035",
        "addr:city": "Cкoпje",
        "addr:city:en": "Skopje",
        "addr:country": "MK",
        "addr:postcode": "1000",
        "amenity": "courthouse",
        "building": "office",
        "building:levels": "4",
        "int_name": "Lazar Bojadžiu",
        "name": "Лазар Бојаџиу",
        "name:en": "Lazar Bojadžiu",
        "roof:levels": "0",
        "roof:shape": "mansard",
        "type": "multipolygon"
      },
      "geometry": {
        "type": "Polygon",
        "coordinates": [
          [
            [
              21.4410288,
              41.9978203
            ],
            [
              21.4410767,
              41.9972936
            ],
            [
              21.4413516,
              41.9973074
            ],
            [
              21.4417086,
              41.9973253
            ],
            [
              21.4416607,
              41.997852
            ],
            [
              21.4410288,
              41.9978203
            ]
          ],
          [
            [
              21.4412003,
              41.9977088
            ],
            [
              21.4415098,
              41.9977242
            ],
            [
              21.441536,
              41.9974356
            ],
            [
              21.4412264,
              41.9974201
            ],
            [
              21.4412003,
              41.9977088
            ]
          ]
        ]
      },
      "id": "relation/6984035"
    },
    {
      "type": "Feature",
      "properties": {
        "@id": "relation/8465887",
        "amenity": "courthouse",
        "building": "yes",
        "name": "Апелационен Суд",
        "type": "multipolygon"
      },
      "geometry": {
        "type": "Polygon",
        "coordinates": [
          [
            [
              22.1967913,
              41.7374232
            ],
            [
              22.1969246,
              41.7374446
            ],
            [
              22.1968654,
              41.7376497
            ],
            [
              22.1969883,
              41.7376695
            ],
            [
              22.1970113,
              41.7375897
            ],
            [
              22.1974762,
              41.7376644
            ],
            [
              22.1973947,
              41.737947
            ],
            [
              22.1970369,
              41.7378895
            ],
            [
              22.1969888,
              41.7378818
            ],
            [
              22.197002,
              41.7378358
            ],
            [
              22.1966869,
              41.7377852
            ],
            [
              22.1967913,
              41.7374232
            ]
          ],
          [
            [
              22.1971925,
              41.7377966
            ],
            [
              22.1973026,
              41.7378093
            ],
            [
              22.1973112,
              41.737768
            ],
            [
              22.1972011,
              41.7377553
            ],
            [
              22.1971925,
              41.7377966
            ]
          ]
        ]
      },
      "id": "relation/8465887"
    },
    {
      "type": "Feature",
      "properties": {
        "@id": "relation/9429039",
        "amenity": "hospital",
        "building:levels": "3",
        "healthcare": "hospital",
        "name": "Оддел за Психијатрија",
        "operator": "Клиничка Болница Штип",
        "type": "multipolygon"
      },
      "geometry": {
        "type": "Polygon",
        "coordinates": [
          [
            [
              22.1868011,
              41.7349446
            ],
            [
              22.1867191,
              41.7350998
            ],
            [
              22.1865491,
              41.7350493
            ],
            [
              22.1865624,
              41.7350288
            ],
            [
              22.1863873,
              41.7349748
            ],
            [
              22.1864601,
              41.7348442
            ],
            [
              22.1868011,
              41.7349446
            ]
          ]
        ]
      },
      "id": "relation/9429039"
    },
    {
      "type": "Feature",
      "properties": {
        "@id": "relation/9789012",
        "amenity": "school",
        "building": "yes",
        "name": "О.У. Блаже Конески",
        "type": "multipolygon"
      },
      "geometry": {
        "type": "Polygon",
        "coordinates": [
          [
            [
              21.7751595,
              41.7164386
            ],
            [
              21.7752532,
              41.7164255
            ],
            [
              21.7753787,
              41.7168168
            ],
            [
              21.774976,
              41.7168933
            ],
            [
              21.7749424,
              41.7167915
            ],
            [
              21.7748397,
              41.7165023
            ],
            [
              21.774937,
              41.7164836
            ],
            [
              21.7749192,
              41.7164183
            ],
            [
              21.7748012,
              41.7164387
            ],
            [
              21.7746411,
              41.7159163
            ],
            [
              21.774798,
              41.7158923
            ],
            [
              21.774734,
              41.7156606
            ],
            [
              21.7749263,
              41.715613
            ],
            [
              21.7749052,
              41.7153942
            ],
            [
              21.7751127,
              41.7153624
            ],
            [
              21.7752597,
              41.7158387
            ],
            [
              21.7753556,
              41.7158182
            ],
            [
              21.7754438,
              41.7161702
            ],
            [
              21.7750991,
              41.716239
            ],
            [
              21.7751595,
              41.7164386
            ]
          ]
        ]
      },
      "id": "relation/9789012"
    },
    {
      "type": "Feature",
      "properties": {
        "@id": "relation/15777568",
        "addr:city": "Cкoпje",
        "addr:housenumber": "27A",
        "addr:postcode": "1000",
        "addr:street": "Булевар Јане Сандански",
        "amenity": "school",
        "name": "ОУ Ѓорѓија Пулевски",
        "type": "multipolygon"
      },
      "geometry": {
        "type": "Polygon",
        "coordinates": [
          [
            [
              21.4654756,
              41.9890396
            ],
            [
              21.4658689,
              41.989393
            ],
            [
              21.4642176,
              41.9902757
            ],
            [
              21.4641826,
              41.9902196
            ],
            [
              21.4636542,
              41.9895376
            ],
            [
              21.4651413,
              41.9887412
            ],
            [
              21.4654756,
              41.9890396
            ]
          ]
        ]
      },
      "id": "relation/15777568"
    },
    {
      "type": "Feature",
      "properties": {
        "@id": "way/16663880",
        "amenity": "school",
        "barrier": "fence",
        "fence_type": "metal",
        "name": "ОУ Jохан Хајнрих Песталоци"
      },
      "geometry": {
        "type": "Polygon",
        "coordinates": [
          [
            [
              21.4200832,
              41.9980435
            ],
            [
              21.4201056,
              41.997511
            ],
            [
              21.420136,
              41.9968568
            ],
            [
              21.421469,
              41.9968482
            ],
            [
              21.42146,
              41.9975034
            ],
            [
              21.4214598,
              41.9975153
            ],
            [
              21.4213127,
              41.9975351
            ],
            [
              21.4211699,
              41.9977129
            ],
            [
              21.4210291,
              41.997728
            ],
            [
              21.4207967,
              41.9980432
            ],
            [
              21.4200832,
              41.9980435
            ]
          ]
        ]
      },
      "id": "way/16663880"
    },
    {
      "type": "Feature",
      "properties": {
        "@id": "way/28210582",
        "amenity": "school",
        "barrier": "fence",
        "name": "ОУ Братство"
      },
      "geometry": {
        "type": "Polygon",
        "coordinates": [
          [
            [
              21.3896163,
              42.0017039
            ],
            [
              21.3886393,
              42.0018358
            ],
            [
              21.3886628,
              42.0019318
            ],
            [
              21.3880022,
              42.0020209
            ],
            [
              21.3878329,
              42.0013849
            ],
            [
              21.3879728,
              42.0013648
            ],
            [
              21.3878836,
              42.0010216
            ],
            [
              21.3894249,
              42.0008139
            ],
            [
              21.3896071,
              42.0016661
            ],
            [
              21.3896163,
              42.0017039
            ]
          ]
        ]
      },
      "id": "way/28210582"
    },
    {
      "type": "Feature",
      "properties": {
        "@id": "way/28210848",
        "amenity": "school",
        "barrier": "fence",
        "fence_type": "metal",
        "name": "ООУ „Јан Амос Коменски“"
      },
      "geometry": {
        "type": "Polygon",
        "coordinates": [
          [
            [
              21.3946705,
              42.0001886
            ],
            [
              21.394687,
              42.0002557
            ],
            [
              21.3944196,
              42.0002921
            ],
            [
              21.3944681,
              42.0004888
            ],
            [
              21.3947353,
              42.0004525
            ],
            [
              21.3949154,
              42.0011836
            ],
            [
              21.3934575,
              42.0013783
            ],
            [
              21.3934169,
              42.001226
            ],
            [
              21.3932184,
              42.0003871
            ],
            [
              21.3946705,
              42.0001886
            ]
          ]
        ]
      },
      "id": "way/28210848"
    },
    {
      "type": "Feature",
      "properties": {
        "@id": "way/28212175",
        "amenity": "hospital",
        "healthcare": "hospital",
        "name": "Поликлиника Букурешт"
      },
      "geometry": {
        "type": "Polygon",
        "coordinates": [
          [
            [
              21.4015802,
              42.002637
            ],
            [
              21.4015849,
              42.0025785
            ],
            [
              21.4016169,
              42.0025193
            ],
            [
              21.4016675,
              42.0024779
            ],
            [
              21.4032885,
              42.0022577
            ],
            [
              21.4034248,
              42.0028115
            ],
            [
              21.4035294,
              42.0032367
            ],
            [
              21.4028418,
              42.0033301
            ],
            [
              21.401786,
              42.0034735
            ],
            [
              21.4015802,
              42.002637
            ]
          ]
        ]
      },
      "id": "way/28212175"
    },
    {
      "type": "Feature",
      "properties": {
        "@id": "way/28212201",
        "addr:city": "Cкoпje",
        "addr:housenumber": "бб",
        "addr:postcode": "1020",
        "addr:street": "Бледски Договор",
        "amenity": "hospital",
        "email": "info@bolnica.org.mk",
        "emergency": "yes",
        "fax": "+389 2 3072125",
        "full_name": "Градска општа болница „8 Септември\"",
        "healthcare": "hospital",
        "healthcare:speciality": "general",
        "name": "ГОБ „8 Септември“",
        "old_name": "Воена Болница",
        "operator": "Министерство за Здравство",
        "operator:type": "government",
        "phone": "+389 2 3087400",
        "website": "https://bolnica.org.mk/",
        "wheelchair": "yes"
      },
      "geometry": {
        "type": "Polygon",
        "coordinates": [
          [
            [
              21.4028556,
              42.0067933
            ],
            [
              21.4026838,
              42.0061356
            ],
            [
              21.4023654,
              42.0048272
            ],
            [
              21.4030347,
              42.004735
            ],
            [
              21.4031047,
              42.0050083
            ],
            [
              21.4048601,
              42.0047664
            ],
            [
              21.4052017,
              42.0060925
            ],
            [
              21.4044631,
              42.0061929
            ],
            [
              21.4045707,
              42.0066464
            ],
            [
              21.4042626,
              42.0066769
            ],
            [
              21.4028556,
              42.0067933
            ]
          ]
        ]
      },
      "id": "way/28212201"
    },
    {
      "type": "Feature",
      "properties": {
        "@id": "way/28214819",
        "amenity": "school",
        "name": "ОУ Коле Неделковски"
      },
      "geometry": {
        "type": "Polygon",
        "coordinates": [
          [
            [
              21.4204227,
              42.0008116
            ],
            [
              21.4199263,
              42.000543
            ],
            [
              21.4197167,
              42.0006675
            ],
            [
              21.4196587,
              42.0006287
            ],
            [
              21.4195641,
              42.0005658
            ],
            [
              21.4194914,
              42.0005179
            ],
            [
              21.4193706,
              42.0002128
            ],
            [
              21.4202895,
              42.0000086
            ],
            [
              21.4209276,
              42.0003237
            ],
            [
              21.4204227,
              42.0008116
            ]
          ]
        ]
      },
      "id": "way/28214819"
    },
    {
      "type": "Feature",
      "properties": {
        "@id": "way/28220815",
        "amenity": "school",
        "name": "ОУ Вера Јоциќ"
      },
      "geometry": {
        "type": "Polygon",
        "coordinates": [
          [
            [
              21.5086105,
              41.9945057
            ],
            [
              21.5090912,
              41.9952521
            ],
            [
              21.5076836,
              41.9957879
            ],
            [
              21.5070988,
              41.9955078
            ],
            [
              21.5073124,
              41.99516
            ],
            [
              21.5072523,
              41.9949939
            ],
            [
              21.5086105,
              41.9945057
            ]
          ]
        ]
      },
      "id": "way/28220815"
    },
    {
      "type": "Feature",
      "properties": {
        "@id": "way/32299002",
        "addr:city": "Cкoпje",
        "addr:city:en": "Skopje",
        "addr:country": "MK",
        "addr:housenumber": "87",
        "addr:postcode": "1000",
        "addr:street": "Влае",
        "amenity": "hospital",
        "building": "yes",
        "name": "Неуромедика"
      },
      "geometry": {
        "type": "Polygon",
        "coordinates": [
          [
            [
              21.3794137,
              42.0065762
            ],
            [
              21.3792951,
              42.0063157
            ],
            [
              21.3794442,
              42.0062782
            ],
            [
              21.3795628,
              42.0065387
            ],
            [
              21.3794137,
              42.0065762
            ]
          ]
        ]
      },
      "id": "way/32299002"
    },
    {
      "type": "Feature",
      "properties": {
        "@id": "way/32299021",
        "amenity": "school",
        "name": "ОУ Димо Хаџи Димов"
      },
      "geometry": {
        "type": "Polygon",
        "coordinates": [
          [
            [
              21.3733735,
              42.0061559
            ],
            [
              21.3726577,
              42.0046912
            ],
            [
              21.3740347,
              42.0043196
            ],
            [
              21.3747505,
              42.0057843
            ],
            [
              21.3733735,
              42.0061559
            ]
          ]
        ]
      },
      "id": "way/32299021"
    },
    {
      "type": "Feature",
      "properties": {
        "@id": "way/32340717",
        "amenity": "school",
        "name": "QSI International School of Skopje"
      },
      "geometry": {
        "type": "Polygon",
        "coordinates": [
          [
            [
              21.4126177,
              42.0075819
            ],
            [
              21.4126094,
              42.0074038
            ],
            [
              21.4131508,
              42.0073722
            ],
            [
              21.4131326,
              42.0070079
            ],
            [
              21.4133472,
              42.0069632
            ],
            [
              21.4135849,
              42.0074288
            ],
            [
              21.4136305,
              42.0075181
            ],
            [
              21.413579,
              42.0079199
            ],
            [
              21.4132013,
              42.0079454
            ],
            [
              21.4131566,
              42.0075261
            ],
            [
              21.4126177,
              42.0075819
            ]
          ]
        ]
      },
      "id": "way/32340717"
    },
    {
      "type": "Feature",
      "properties": {
        "@id": "way/32530510",
        "addr:city": "Cкoпje",
        "addr:city:en": "Skopje",
        "addr:housenumber": "82",
        "addr:postcode": "1000",
        "addr:street": "Булевар Илинден",
        "amenity": "townhall",
        "building": "yes",
        "email": "gradonacalnik@skopje.gov.mk",
        "fax": "+389 2 3165 445",
        "name": "Град Скопје",
        "operator": "Градска администрација",
        "phone": "+389 2 3297 204",
        "website": "https://skopje.gov.mk/",
        "wikidata": "Q384",
        "wikipedia": "mk:Скопје"
      },
      "geometry": {
        "type": "Polygon",
        "coordinates": [
          [
            [
              21.4190611,
              42.0048194
            ],
            [
              21.4188277,
              42.0045628
            ],
            [
              21.4217299,
              42.0031055
            ],
            [
              21.4219633,
              42.0033621
            ],
            [
              21.4190611,
              42.0048194
            ]
          ]
        ]
      },
      "id": "way/32530510"
    },
    {
      "type": "Feature",
      "properties": {
        "@id": "way/32658092",
        "addr:city": "Cкoпje",
        "addr:housenumber": "бб",
        "addr:postcode": "1000",
        "addr:street": "Пролетерска",
        "amenity": "hospital",
        "email": "pbskopje@pbskopje.org.mk",
        "fax": "+38923095601",
        "healthcare": "hospital",
        "healthcare:speciality": "psychiatry",
        "name": "ЈЗУ Психијатриска болница „Скопје“",
        "phone": "+38923095607",
        "website": "https://pbskopje.org.mk/"
      },
      "geometry": {
        "type": "Polygon",
        "coordinates": [
          [
            [
              21.3746469,
              42.0165799
            ],
            [
              21.3748134,
              42.0169219
            ],
            [
              21.3748407,
              42.016991
            ],
            [
              21.3747982,
              42.0188282
            ],
            [
              21.3744188,
              42.018858
            ],
            [
              21.3741391,
              42.0189096
            ],
            [
              21.3740682,
              42.0191269
            ],
            [
              21.3736166,
              42.0191935
            ],
            [
              21.372875,
              42.0199416
            ],
            [
              21.3730805,
              42.020073
            ],
            [
              21.3708912,
              42.0217976
            ],
            [
              21.3704133,
              42.0219502
            ],
            [
              21.3698201,
              42.0220858
            ],
            [
              21.3697311,
              42.0219288
            ],
            [
              21.3702648,
              42.0217958
            ],
            [
              21.370456,
              42.0217123
            ],
            [
              21.3705082,
              42.0212829
            ],
            [
              21.3705897,
              42.0212789
            ],
            [
              21.370609,
              42.020977
            ],
            [
              21.3706785,
              42.0200966
            ],
            [
              21.37069,
              42.0199511
            ],
            [
              21.3713217,
              42.0198477
            ],
            [
              21.3715704,
              42.0180286
            ],
            [
              21.3720246,
              42.0180417
            ],
            [
              21.3722172,
              42.0174371
            ],
            [
              21.3732716,
              42.0173791
            ],
            [
              21.373679,
              42.0172386
            ],
            [
              21.3735827,
              42.0169847
            ],
            [
              21.3746469,
              42.0165799
            ]
          ]
        ]
      },
      "id": "way/32658092"
    },
    {
      "type": "Feature",
      "properties": {
        "@id": "way/32669909",
        "amenity": "school",
        "name": "ОУ Дане Крапчев"
      },
      "geometry": {
        "type": "Polygon",
        "coordinates": [
          [
            [
              21.5019037,
              42.0041307
            ],
            [
              21.502652,
              42.0032525
            ],
            [
              21.5035484,
              42.0031381
            ],
            [
              21.5036228,
              42.0032489
            ],
            [
              21.503703,
              42.0033739
            ],
            [
              21.5037596,
              42.0034754
            ],
            [
              21.5038036,
              42.0035627
            ],
            [
              21.5038377,
              42.0036468
            ],
            [
              21.503864,
              42.0037295
            ],
            [
              21.5039128,
              42.0038978
            ],
            [
              21.5039912,
              42.0042229
            ],
            [
              21.5024874,
              42.0042398
            ],
            [
              21.5019037,
              42.0041307
            ]
          ]
        ]
      },
      "id": "way/32669909"
    },
    {
      "type": "Feature",
      "properties": {
        "@id": "way/32687572",
        "addr:street": "Булевар Мајка Тереза",
        "amenity": "hospital",
        "emergency": "yes",
        "healthcare": "hospital",
        "name": "Клинички центар - Државна болница",
        "opening_hours": "24/7"
      },
      "geometry": {
        "type": "Polygon",
        "coordinates": [
          [
            [
              21.4177236,
              41.9879733
            ],
            [
              21.4207616,
              41.9871742
            ],
            [
              21.4239534,
              41.9872499
            ],
            [
              21.4245321,
              41.987278
            ],
            [
              21.4256959,
              41.986822
            ],
            [
              21.4263971,
              41.9866173
            ],
            [
              21.4266282,
              41.9865617
            ],
            [
              21.426746,
              41.9869453
            ],
            [
              21.4268844,
              41.9872432
            ],
            [
              21.4266107,
              41.9873276
            ],
            [
              21.4268405,
              41.9879356
            ],
            [
              21.4248021,
              41.9890967
            ],
            [
              21.425561,
              41.9899845
            ],
            [
              21.4240304,
              41.9906489
            ],
            [
              21.4234288,
              41.9897857
            ],
            [
              21.4218409,
              41.9904556
            ],
            [
              21.4216092,
              41.9905753
            ],
            [
              21.421263,
              41.9907344
            ],
            [
              21.4179185,
              41.9882227
            ],
            [
              21.4177236,
              41.9879733
            ]
          ]
        ]
      },
      "id": "way/32687572"
    },
    {
      "type": "Feature",
      "properties": {
        "@id": "way/32687581",
        "amenity": "school",
        "name": "Средно медицинско"
      },
      "geometry": {
        "type": "Polygon",
        "coordinates": [
          [
            [
              21.422744,
              41.9913089
            ],
            [
              21.4221587,
              41.9906727
            ],
            [
              21.4232295,
              41.9901285
            ],
            [
              21.4238148,
              41.9907647
            ],
            [
              21.422744,
              41.9913089
            ]
          ]
        ]
      },
      "id": "way/32687581"
    },
    {
      "type": "Feature",
      "properties": {
        "@id": "way/32688320",
        "amenity": "school",
        "name": "СГГУ Здравко Цветковски",
        "wheelchair": "yes"
      },
      "geometry": {
        "type": "Polygon",
        "coordinates": [
          [
            [
              21.4034966,
              42.0016953
            ],
            [
              21.4019854,
              42.0018898
            ],
            [
              21.4017269,
              42.0007807
            ],
            [
              21.4033074,
              42.0005773
            ],
            [
              21.403439,
              42.001142
            ],
            [
              21.4033698,
              42.0011509
            ],
            [
              21.4033885,
              42.0012314
            ],
            [
              21.4034966,
              42.0016953
            ]
          ]
        ]
      },
      "id": "way/32688320"
    },
    {
      "type": "Feature",
      "properties": {
        "@id": "way/32784330",
        "amenity": "school",
        "name": "ОУ Лазар Трповски"
      },
      "geometry": {
        "type": "Polygon",
        "coordinates": [
          [
            [
              21.3978302,
              42.0072467
            ],
            [
              21.3973713,
              42.0054404
            ],
            [
              21.3973808,
              42.0054109
            ],
            [
              21.3974018,
              42.0053836
            ],
            [
              21.3974274,
              42.0053604
            ],
            [
              21.3974727,
              42.005334
            ],
            [
              21.3975294,
              42.0053213
            ],
            [
              21.3980526,
              42.0052504
            ],
            [
              21.3985553,
              42.0051822
            ],
            [
              21.3986371,
              42.0051812
            ],
            [
              21.3986803,
              42.0051865
            ],
            [
              21.3987141,
              42.0051982
            ],
            [
              21.3987449,
              42.0052163
            ],
            [
              21.3987668,
              42.0052335
            ],
            [
              21.3987888,
              42.0052554
            ],
            [
              21.3987994,
              42.0052752
            ],
            [
              21.3992132,
              42.0069106
            ],
            [
              21.3992789,
              42.0071705
            ],
            [
              21.3978302,
              42.0072467
            ]
          ]
        ]
      },
      "id": "way/32784330"
    },
    {
      "type": "Feature",
      "properties": {
        "@id": "way/33114282",
        "addr:city": "Cкoпje",
        "addr:city:en": "Skopje",
        "addr:country": "MK",
        "addr:housenumber": "27",
        "addr:postcode": "1000",
        "addr:street": "Прашка",
        "addr:street:en": "Prashka",
        "amenity": "school",
        "fax": "+389 2 3076 299",
        "name": "Меѓународни Училишта НОВА (гимназија)",
        "name:en": "NOVA International Schools (High School)",
        "phone": "+389 2 3061 807",
        "surveillance": "outdoor",
        "surveillance:type": "camera;guard",
        "surveillance:zone": "building",
        "website": "https://www.nova.edu.mk/",
        "wikipedia": "en:Nova International Schools"
      },
      "geometry": {
        "type": "Polygon",
        "coordinates": [
          [
            [
              21.3930024,
              41.9986357
            ],
            [
              21.3933694,
              41.9983461
            ],
            [
              21.3933706,
              41.9983456
            ],
            [
              21.3937429,
              41.9981679
            ],
            [
              21.3937429,
              41.9981678
            ],
            [
              21.3939809,
              41.9990822
            ],
            [
              21.3934057,
              41.999166
            ],
            [
              21.3931841,
              41.9991962
            ],
            [
              21.3931415,
              41.9991593
            ],
            [
              21.3931227,
              41.9991376
            ],
            [
              21.3930024,
              41.9986357
            ]
          ]
        ]
      },
      "id": "way/33114282"
    },
    {
      "type": "Feature",
      "properties": {
        "@id": "way/34074207",
        "amenity": "hospital",
        "healthcare": "hospital",
        "int_name": "Medicinski Centar",
        "name": "Медицински Центар",
        "name:en": "Medical Centre"
      },
      "geometry": {
        "type": "Polygon",
        "coordinates": [
          [
            [
              20.8170554,
              41.1182044
            ],
            [
              20.8147077,
              41.117033
            ],
            [
              20.8147281,
              41.1167339
            ],
            [
              20.8164857,
              41.1150733
            ],
            [
              20.8191108,
              41.1165878
            ],
            [
              20.818098,
              41.117379
            ],
            [
              20.8170554,
              41.1182044
            ]
          ]
        ]
      },
      "id": "way/34074207"
    },
    {
      "type": "Feature",
      "properties": {
        "@id": "way/34159646",
        "addr:city": "Cкoпje",
        "addr:city:en": "Skopje",
        "addr:country": "MK",
        "addr:postcode": "1000",
        "amenity": "hospital",
        "building": "yes",
        "healthcare": "hospital",
        "int_name": "Poliklinika Jane Sandaski",
        "name": "Поликлиника Јане Сандански",
        "name:en": "Polyclinic Jane Sandaski"
      },
      "geometry": {
        "type": "Polygon",
        "coordinates": [
          [
            [
              21.4572203,
              41.9854975
            ],
            [
              21.4569786,
              41.9852025
            ],
            [
              21.4567593,
              41.984935
            ],
            [
              21.456893,
              41.9848745
            ],
            [
              21.4569524,
              41.9849469
            ],
            [
              21.4571092,
              41.9848759
            ],
            [
              21.4573121,
              41.9847841
            ],
            [
              21.4572467,
              41.9847043
            ],
            [
              21.4573733,
              41.984647
            ],
            [
              21.4575948,
              41.9849174
            ],
            [
              21.4578328,
              41.9852078
            ],
            [
              21.4576935,
              41.9852709
            ],
            [
              21.4573996,
              41.9849121
            ],
            [
              21.4573014,
              41.9849566
            ],
            [
              21.4573988,
              41.9850755
            ],
            [
              21.4572438,
              41.9851457
            ],
            [
              21.4571495,
              41.9850306
            ],
            [
              21.457067,
              41.985068
            ],
            [
              21.4573652,
              41.9854319
            ],
            [
              21.4572203,
              41.9854975
            ]
          ]
        ]
      },
      "id": "way/34159646"
    },
    {
      "type": "Feature",
      "properties": {
        "@id": "way/35065175",
        "addr:city": "Makedonski Brod",
        "addr:postcode": "6530",
        "amenity": "hospital",
        "healthcare": "hospital",
        "name": "Здравствен Дом",
        "name:en": "Hospital"
      },
      "geometry": {
        "type": "Polygon",
        "coordinates": [
          [
            [
              21.216474,
              41.5132068
            ],
            [
              21.2165443,
              41.5123694
            ],
            [
              21.2177327,
              41.5124027
            ],
            [
              21.2177025,
              41.5129628
            ],
            [
              21.2172707,
              41.513014
            ],
            [
              21.2170105,
              41.5130692
            ],
            [
              21.216474,
              41.5132068
            ]
          ]
        ]
      },
      "id": "way/35065175"
    },
    {
      "type": "Feature",
      "properties": {
        "@id": "way/35065177",
        "amenity": "school",
        "name": "СОУ Наум Охридски",
        "name:en": "Sveti Naum Ohridski HMS"
      },
      "geometry": {
        "type": "Polygon",
        "coordinates": [
          [
            [
              21.2165443,
              41.5123694
            ],
            [
              21.2166213,
              41.5114236
            ],
            [
              21.2177816,
              41.5114658
            ],
            [
              21.2177327,
              41.5124027
            ],
            [
              21.2165443,
              41.5123694
            ]
          ]
        ]
      },
      "id": "way/35065177"
    },
    {
      "type": "Feature",
      "properties": {
        "@id": "way/35158196",
        "amenity": "school",
        "int_name": "Osnovno Opštinsko Učilište Sveti Kliment Ohridski",
        "name": "ООУ Климент Охридски",
        "name:en": "Kliment Ohridski  EMS"
      },
      "geometry": {
        "type": "Polygon",
        "coordinates": [
          [
            [
              21.2164378,
              41.5123898
            ],
            [
              21.2163152,
              41.5123022
            ],
            [
              21.2158976,
              41.5123294
            ],
            [
              21.2158056,
              41.5123698
            ],
            [
              21.2153173,
              41.5123904
            ],
            [
              21.2152262,
              41.5112986
            ],
            [
              21.215263,
              41.511269
            ],
            [
              21.2165276,
              41.511359
            ],
            [
              21.2164378,
              41.5123898
            ]
          ]
        ]
      },
      "id": "way/35158196"
    },
    {
      "type": "Feature",
      "properties": {
        "@id": "way/35540932",
        "amenity": "school",
        "name": "ОУ \"26 Јули\""
      },
      "geometry": {
        "type": "Polygon",
        "coordinates": [
          [
            [
              21.4260321,
              42.0356458
            ],
            [
              21.4249125,
              42.0353205
            ],
            [
              21.4243169,
              42.0351093
            ],
            [
              21.4247759,
              42.0347169
            ],
            [
              21.425146,
              42.0344652
            ],
            [
              21.4256307,
              42.0345389
            ],
            [
              21.4259239,
              42.0346314
            ],
            [
              21.4264248,
              42.0348521
            ],
            [
              21.4260321,
              42.0356458
            ]
          ]
        ]
      },
      "id": "way/35540932"
    },
    {
      "type": "Feature",
      "properties": {
        "@id": "way/35831183",
        "addr:city": "Скопје",
        "addr:housenumber": "41а",
        "addr:street": "Милан Марковиќ",
        "amenity": "school",
        "barrier": "fence",
        "name": "Детска градинка Пролет 2",
        "phone": "+38923085701"
      },
      "geometry": {
        "type": "Polygon",
        "coordinates": [
          [
            [
              21.402818,
              41.9931541
            ],
            [
              21.4026666,
              41.9926351
            ],
            [
              21.4033893,
              41.9925544
            ],
            [
              21.4035228,
              41.9930662
            ],
            [
              21.402818,
              41.9931541
            ]
          ]
        ]
      },
      "id": "way/35831183"
    },
    {
      "type": "Feature",
      "properties": {
        "@id": "way/35867986",
        "addr:city": "Cкoпje",
        "addr:city:en": "Skopje",
        "addr:country": "MK",
        "addr:housenumber": "18",
        "addr:postcode": "1000",
        "addr:street": "бул.Гоце Делчев, зграда на МТВ",
        "amenity": "police",
        "building": "yes",
        "name": "МВР- Одделение за управни работи во МТВ"
      },
      "geometry": {
        "type": "Polygon",
        "coordinates": [
          [
            [
              21.4442936,
              41.9967968
            ],
            [
              21.4442985,
              41.9966945
            ],
            [
              21.4447556,
              41.9967066
            ],
            [
              21.4447531,
              41.996759
            ],
            [
              21.4449169,
              41.9967634
            ],
            [
              21.4449091,
              41.996869
            ],
            [
              21.4449027,
              41.9969681
            ],
            [
              21.4443784,
              41.9969495
            ],
            [
              21.4443784,
              41.9969086
            ],
            [
              21.4443644,
              41.9969082
            ],
            [
              21.4443655,
              41.9968857
            ],
            [
              21.4443132,
              41.9968843
            ],
            [
              21.4443174,
              41.9967974
            ],
            [
              21.4442936,
              41.9967968
            ]
          ]
        ]
      },
      "id": "way/35867986"
    },
    {
      "type": "Feature",
      "properties": {
        "@id": "way/37758475",
        "amenity": "school",
        "int_name": "SU Ljupčo Santov",
        "name": "СОУ Љупчо Сантов",
        "name:en": "SOU Ljupcho Santov"
      },
      "geometry": {
        "type": "Polygon",
        "coordinates": [
          [
            [
              22.4096508,
              41.9143079
            ],
            [
              22.4096479,
              41.9138256
            ],
            [
              22.4101315,
              41.9138361
            ],
            [
              22.4101433,
              41.9142992
            ],
            [
              22.4096508,
              41.9143079
            ]
          ]
        ]
      },
      "id": "way/37758475"
    },
    {
      "type": "Feature",
      "properties": {
        "@id": "way/37758476",
        "amenity": "school",
        "int_name": "OU Kiril i Metodij",
        "name": "ОУ Кирил и Методиј",
        "name:en": "OU Kiril i Metodij"
      },
      "geometry": {
        "type": "Polygon",
        "coordinates": [
          [
            [
              22.410138,
              41.9140924
            ],
            [
              22.4101315,
              41.9138361
            ],
            [
              22.4096479,
              41.9138256
            ],
            [
              22.4096483,
              41.9134947
            ],
            [
              22.4102525,
              41.9135016
            ],
            [
              22.410418,
              41.9135084
            ],
            [
              22.4106134,
              41.9135535
            ],
            [
              22.4109069,
              41.9136422
            ],
            [
              22.4110935,
              41.9137642
            ],
            [
              22.4112863,
              41.9139157
            ],
            [
              22.4113588,
              41.9139692
            ],
            [
              22.4106735,
              41.9139764
            ],
            [
              22.4106729,
              41.9140826
            ],
            [
              22.410138,
              41.9140924
            ]
          ]
        ]
      },
      "id": "way/37758476"
    },
    {
      "type": "Feature",
      "properties": {
        "@id": "way/37760882",
        "amenity": "school",
        "int_name": "OU Rade Kratovče",
        "name": "ОУ Раде Кратовче",
        "name:en": "OU Rade Kratovche"
      },
      "geometry": {
        "type": "Polygon",
        "coordinates": [
          [
            [
              22.4106558,
              41.9236061
            ],
            [
              22.4106794,
              41.923218
            ],
            [
              22.4115087,
              41.9232613
            ],
            [
              22.4114769,
              41.9235791
            ],
            [
              22.4106558,
              41.9236061
            ]
          ]
        ]
      },
      "id": "way/37760882"
    },
    {
      "type": "Feature",
      "properties": {
        "@id": "way/37766954",
        "amenity": "hospital",
        "building": "yes",
        "healthcare": "hospital",
        "int_name": "Zdravstvena Stanica \"Madžari I\"",
        "name": "Здравствена Станица \"Маџари I\""
      },
      "geometry": {
        "type": "Polygon",
        "coordinates": [
          [
            [
              21.5037189,
              41.9955321
            ],
            [
              21.5036699,
              41.9954299
            ],
            [
              21.5038949,
              41.9953702
            ],
            [
              21.503944,
              41.9954724
            ],
            [
              21.5037189,
              41.9955321
            ]
          ]
        ]
      },
      "id": "way/37766954"
    },
    {
      "type": "Feature",
      "properties": {
        "@id": "way/37866488",
        "amenity": "hospital",
        "healthcare": "hospital",
        "int_name": "JZU Opšta Bolnica",
        "name": "ЈЗУ Општа Болница",
        "name:en": "City General Hospital"
      },
      "geometry": {
        "type": "Polygon",
        "coordinates": [
          [
            [
              22.4052575,
              41.9176922
            ],
            [
              22.4053664,
              41.9172436
            ],
            [
              22.4055815,
              41.9170995
            ],
            [
              22.4059278,
              41.9168257
            ],
            [
              22.4064484,
              41.9163686
            ],
            [
              22.4070648,
              41.9166612
            ],
            [
              22.4074753,
              41.9162845
            ],
            [
              22.4080695,
              41.9161306
            ],
            [
              22.4082821,
              41.9163336
            ],
            [
              22.4084841,
              41.9163443
            ],
            [
              22.4087974,
              41.9166971
            ],
            [
              22.4085675,
              41.9168037
            ],
            [
              22.4086571,
              41.9170143
            ],
            [
              22.4082471,
              41.9170742
            ],
            [
              22.4079327,
              41.9171394
            ],
            [
              22.4076382,
              41.9171946
            ],
            [
              22.4071898,
              41.9172604
            ],
            [
              22.4069017,
              41.9173841
            ],
            [
              22.4062679,
              41.9177751
            ],
            [
              22.4056979,
              41.917847
            ],
            [
              22.4054863,
              41.9178543
            ],
            [
              22.4052575,
              41.9176922
            ]
          ]
        ]
      },
      "id": "way/37866488"
    },
    {
      "type": "Feature",
      "properties": {
        "@id": "way/37911021",
        "amenity": "school",
        "int_name": "SOU Gošo Vikentiev",
        "name": "СОУ Гошо Викентиев",
        "name:en": "SOU Gosho Vikentiev"
      },
      "geometry": {
        "type": "Polygon",
        "coordinates": [
          [
            [
              22.4378782,
              41.9136575
            ],
            [
              22.4385009,
              41.9138129
            ],
            [
              22.4385878,
              41.9138636
            ],
            [
              22.4396239,
              41.9143004
            ],
            [
              22.4395729,
              41.91438
            ],
            [
              22.4394603,
              41.9151207
            ],
            [
              22.4394831,
              41.9156037
            ],
            [
              22.4390418,
              41.9155864
            ],
            [
              22.4388195,
              41.9155409
            ],
            [
              22.4385869,
              41.9154512
            ],
            [
              22.4385435,
              41.9153241
            ],
            [
              22.4384499,
              41.9151622
            ],
            [
              22.4382535,
              41.9150259
            ],
            [
              22.4378697,
              41.9150523
            ],
            [
              22.437521,
              41.9150397
            ],
            [
              22.4370857,
              41.9150555
            ],
            [
              22.4367982,
              41.9150353
            ],
            [
              22.4364058,
              41.91499
            ],
            [
              22.4361858,
              41.9149403
            ],
            [
              22.436221,
              41.9145231
            ],
            [
              22.4363698,
              41.9145221
            ],
            [
              22.4364575,
              41.9134361
            ],
            [
              22.4367461,
              41.9134482
            ],
            [
              22.4378782,
              41.9136575
            ]
          ]
        ]
      },
      "id": "way/37911021"
    },
    {
      "type": "Feature",
      "properties": {
        "@id": "way/37998632",
        "addr:city": "Cкoпje",
        "addr:city:en": "Skopje",
        "addr:country": "MK",
        "addr:postcode": "1000",
        "amenity": "hospital",
        "building": "yes",
        "name": "Институт по белодробни заболувања кај децата - Козле"
      },
      "geometry": {
        "type": "Polygon",
        "coordinates": [
          [
            [
              21.4050218,
              41.9902796
            ],
            [
              21.4050626,
              41.9902805
            ],
            [
              21.4050641,
              41.990243
            ],
            [
              21.4048158,
              41.9902374
            ],
            [
              21.4048214,
              41.9901004
            ],
            [
              21.4051271,
              41.9901073
            ],
            [
              21.4051311,
              41.9900098
            ],
            [
              21.4048203,
              41.9900028
            ],
            [
              21.4048261,
              41.9898596
            ],
            [
              21.4051283,
              41.9898664
            ],
            [
              21.4051305,
              41.9898134
            ],
            [
              21.4049651,
              41.9898096
            ],
            [
              21.4049724,
              41.9896299
            ],
            [
              21.4052,
              41.9896351
            ],
            [
              21.4051945,
              41.9897694
            ],
            [
              21.4055363,
              41.989777
            ],
            [
              21.4055306,
              41.9899172
            ],
            [
              21.4051798,
              41.9899093
            ],
            [
              21.4051761,
              41.9900002
            ],
            [
              21.405543,
              41.9900084
            ],
            [
              21.4055371,
              41.9901524
            ],
            [
              21.4052376,
              41.9901457
            ],
            [
              21.4052341,
              41.9902326
            ],
            [
              21.4055587,
              41.9902399
            ],
            [
              21.4055466,
              41.9905371
            ],
            [
              21.4050118,
              41.9905251
            ],
            [
              21.4050218,
              41.9902796
            ]
          ]
        ]
      },
      "id": "way/37998632"
    },
    {
      "type": "Feature",
      "properties": {
        "@id": "way/38002612",
        "addr:city": "Skopje",
        "addr:postcode": "1000",
        "addr:street": "Булевар Јане Сандански",
        "amenity": "hospital",
        "emergency": "no",
        "healthcare": "hospital",
        "int_name": "Majchin Dom",
        "name": "Мајчин Дом"
      },
      "geometry": {
        "type": "Polygon",
        "coordinates": [
          [
            [
              21.4619958,
              41.9894355
            ],
            [
              21.4616036,
              41.9889425
            ],
            [
              21.4622807,
              41.9886448
            ],
            [
              21.462673,
              41.9891378
            ],
            [
              21.4619958,
              41.9894355
            ]
          ]
        ]
      },
      "id": "way/38002612"
    },
    {
      "type": "Feature",
      "properties": {
        "@id": "way/38071329",
        "amenity": "school",
        "name": "ООУ Наум Наумовски Борче"
      },
      "geometry": {
        "type": "Polygon",
        "coordinates": [
          [
            [
              21.5003054,
              41.9984252
            ],
            [
              21.5006321,
              41.9992439
            ],
            [
              21.4997866,
              41.9995061
            ],
            [
              21.4997234,
              41.9994168
            ],
            [
              21.4984628,
              41.9996959
            ],
            [
              21.4982252,
              41.9994024
            ],
            [
              21.4988583,
              41.998665
            ],
            [
              21.4987323,
              41.998626
            ],
            [
              21.4991264,
              41.997825
            ],
            [
              21.4994576,
              41.9978327
            ],
            [
              21.4995122,
              41.9978904
            ],
            [
              21.4999337,
              41.9979331
            ],
            [
              21.4999648,
              41.998118
            ],
            [
              21.5000552,
              41.9981952
            ],
            [
              21.5003038,
              41.9981402
            ],
            [
              21.50038,
              41.9982733
            ],
            [
              21.5003054,
              41.9984252
            ]
          ]
        ]
      },
      "id": "way/38071329"
    },
    {
      "type": "Feature",
      "properties": {
        "@id": "way/38082546",
        "addr:city": "Cкoпje",
        "addr:city:en": "Skopje",
        "addr:country": "MK",
        "addr:housenumber": "44",
        "addr:postcode": "1000",
        "addr:street": "Миле Поп Јорданов",
        "addr:street:en": "Mile Pop Jordanov",
        "amenity": "hospital",
        "building": "yes",
        "name": "Рес Хумана ординација"
      },
      "geometry": {
        "type": "Polygon",
        "coordinates": [
          [
            [
              21.4048382,
              41.9948425
            ],
            [
              21.4050819,
              41.9948123
            ],
            [
              21.4051134,
              41.9949525
            ],
            [
              21.4048697,
              41.9949827
            ],
            [
              21.4048382,
              41.9948425
            ]
          ]
        ]
      },
      "id": "way/38082546"
    },
    {
      "type": "Feature",
      "properties": {
        "@id": "way/38317780",
        "amenity": "hospital",
        "building": "yes",
        "healthcare": "hospital",
        "int_name": "Zdravstven Dom",
        "name": "Здравствен Дом"
      },
      "geometry": {
        "type": "Polygon",
        "coordinates": [
          [
            [
              21.3357389,
              41.0328188
            ],
            [
              21.3357987,
              41.0327605
            ],
            [
              21.3358813,
              41.0328088
            ],
            [
              21.3355097,
              41.0331705
            ],
            [
              21.335416,
              41.0331157
            ],
            [
              21.3354729,
              41.0330604
            ],
            [
              21.3349618,
              41.0327617
            ],
            [
              21.3349047,
              41.0328174
            ],
            [
              21.3348031,
              41.032758
            ],
            [
              21.3350011,
              41.0325653
            ],
            [
              21.3351047,
              41.0326259
            ],
            [
              21.335071,
              41.0326588
            ],
            [
              21.3352643,
              41.0327718
            ],
            [
              21.3352959,
              41.0327409
            ],
            [
              21.3352361,
              41.032706
            ],
            [
              21.3353187,
              41.0326255
            ],
            [
              21.3355554,
              41.0327639
            ],
            [
              21.335589,
              41.0327312
            ],
            [
              21.3357389,
              41.0328188
            ]
          ]
        ]
      },
      "id": "way/38317780"
    },
    {
      "type": "Feature",
      "properties": {
        "@id": "way/39303517",
        "addr:city": "Cкoпje",
        "addr:housenumber": "2",
        "addr:postcode": "1000",
        "addr:street": "Васко Карангелевски",
        "amenity": "school",
        "name": "ОУГС Љубен Лапе"
      },
      "geometry": {
        "type": "Polygon",
        "coordinates": [
          [
            [
              21.4599979,
              41.9851647
            ],
            [
              21.4591541,
              41.9841856
            ],
            [
              21.4596728,
              41.9841344
            ],
            [
              21.4596584,
              41.9840089
            ],
            [
              21.4598106,
              41.9840055
            ],
            [
              21.4608514,
              41.9841145
            ],
            [
              21.4607129,
              41.9848404
            ],
            [
              21.4599979,
              41.9851647
            ]
          ]
        ]
      },
      "id": "way/39303517"
    },
    {
      "type": "Feature",
      "properties": {
        "@id": "way/39468958",
        "amenity": "school",
        "int_name": "OU Nikola Karev",
        "name": "ОУ Никола Карев",
        "name:en": "OU Nikola Karev"
      },
      "geometry": {
        "type": "Polygon",
        "coordinates": [
          [
            [
              22.4123662,
              41.9141069
            ],
            [
              22.4122967,
              41.9139656
            ],
            [
              22.4122045,
              41.9135817
            ],
            [
              22.412416,
              41.9135417
            ],
            [
              22.4125671,
              41.9133982
            ],
            [
              22.4125375,
              41.9132103
            ],
            [
              22.4131855,
              41.913184
            ],
            [
              22.4134031,
              41.9131855
            ],
            [
              22.4134865,
              41.9131948
            ],
            [
              22.4135766,
              41.9132914
            ],
            [
              22.4142037,
              41.9132363
            ],
            [
              22.4142593,
              41.9134833
            ],
            [
              22.4145854,
              41.9135385
            ],
            [
              22.4140299,
              41.9139585
            ],
            [
              22.4138513,
              41.9138254
            ],
            [
              22.413809,
              41.9138574
            ],
            [
              22.4136756,
              41.913958
            ],
            [
              22.4134042,
              41.9141821
            ],
            [
              22.4128093,
              41.9141506
            ],
            [
              22.412615,
              41.9141191
            ],
            [
              22.4123662,
              41.9141069
            ]
          ]
        ]
      },
      "id": "way/39468958"
    },
    {
      "type": "Feature",
      "properties": {
        "@id": "way/40038629",
        "amenity": "courthouse",
        "building": "yes",
        "int_name": "Osnoven Sud Prilep",
        "name": "Основен Суд Прилеп",
        "wheelchair": "yes"
      },
      "geometry": {
        "type": "Polygon",
        "coordinates": [
          [
            [
              21.5474526,
              41.3427075
            ],
            [
              21.5478203,
              41.3428639
            ],
            [
              21.547862,
              41.3428086
            ],
            [
              21.5481229,
              41.3429195
            ],
            [
              21.5480517,
              41.3430152
            ],
            [
              21.5479304,
              41.3429641
            ],
            [
              21.5478836,
              41.3430268
            ],
            [
              21.5475926,
              41.3429042
            ],
            [
              21.5475709,
              41.3429333
            ],
            [
              21.5475221,
              41.3429958
            ],
            [
              21.5472125,
              41.3428642
            ],
            [
              21.547289,
              41.3427627
            ],
            [
              21.5474371,
              41.3428257
            ],
            [
              21.5474732,
              41.3427778
            ],
            [
              21.5474174,
              41.3427541
            ],
            [
              21.5474526,
              41.3427075
            ]
          ]
        ]
      },
      "id": "way/40038629"
    },
    {
      "type": "Feature",
      "properties": {
        "@id": "way/43362987",
        "amenity": "school",
        "name": "СУГС Арсениј Јовков"
      },
      "geometry": {
        "type": "Polygon",
        "coordinates": [
          [
            [
              21.4416726,
              42.0224022
            ],
            [
              21.4440934,
              42.0223753
            ],
            [
              21.4442994,
              42.0227642
            ],
            [
              21.4444034,
              42.0231901
            ],
            [
              21.4416567,
              42.0231417
            ],
            [
              21.4416726,
              42.0224022
            ]
          ]
        ]
      },
      "id": "way/43362987"
    },
    {
      "type": "Feature",
      "properties": {
        "@id": "way/43676177",
        "amenity": "school",
        "name": "ОУ Адем Јашари",
        "name1": "7-ми Март"
      },
      "geometry": {
        "type": "Polygon",
        "coordinates": [
          [
            [
              21.4386086,
              42.0117864
            ],
            [
              21.437175,
              42.011433
            ],
            [
              21.4371373,
              42.0113803
            ],
            [
              21.4374099,
              42.0107123
            ],
            [
              21.4379582,
              42.0108307
            ],
            [
              21.4381996,
              42.0104482
            ],
            [
              21.4389458,
              42.0104824
            ],
            [
              21.4386086,
              42.0117864
            ]
          ]
        ]
      },
      "id": "way/43676177"
    },
    {
      "type": "Feature",
      "properties": {
        "@id": "way/43682131",
        "amenity": "school",
        "int_name": "Kemal Jahija College",
        "name": "Ќемал Јахија"
      },
      "geometry": {
        "type": "Polygon",
        "coordinates": [
          [
            [
              21.4409566,
              42.0305034
            ],
            [
              21.4407524,
              42.0296689
            ],
            [
              21.4412089,
              42.0295832
            ],
            [
              21.4412384,
              42.0296755
            ],
            [
              21.4412666,
              42.0296834
            ],
            [
              21.4414966,
              42.0304428
            ],
            [
              21.4409566,
              42.0305034
            ]
          ]
        ]
      },
      "id": "way/43682131"
    },
    {
      "type": "Feature",
      "properties": {
        "@id": "way/54037881",
        "addr:city": "Cкoпje",
        "addr:city:en": "Skopje",
        "addr:country": "MK",
        "addr:housenumber": "23",
        "addr:postcode": "1000",
        "addr:street": "Варшавска",
        "amenity": "school",
        "barrier": "fence",
        "fax": "+389 2 3074169",
        "fence_type": "metal",
        "int_name": "YKC Elementary Skopje",
        "name": "ПСУ „Јахја Кемал“",
        "operator": "Yahya Kemal College",
        "phone": "+389 2 3074168",
        "surveillance:type": "guard",
        "surveillance:zone": "building",
        "website": "https://ykc.edu.mk/",
        "wikipedia": "en:Yahya Kemal College"
      },
      "geometry": {
        "type": "Polygon",
        "coordinates": [
          [
            [
              21.3934575,
              42.0013783
            ],
            [
              21.3928779,
              42.0014636
            ],
            [
              21.392833,
              42.0014681
            ],
            [
              21.3927438,
              42.0014772
            ],
            [
              21.3927197,
              42.0014796
            ],
            [
              21.3922985,
              42.0015364
            ],
            [
              21.3921716,
              42.0015535
            ],
            [
              21.3921536,
              42.0015559
            ],
            [
              21.3921357,
              42.0014819
            ],
            [
              21.3920447,
              42.0011059
            ],
            [
              21.3920303,
              42.0010466
            ],
            [
              21.3919134,
              42.0005636
            ],
            [
              21.3932184,
              42.0003871
            ],
            [
              21.3934169,
              42.001226
            ],
            [
              21.3934575,
              42.0013783
            ]
          ]
        ]
      },
      "id": "way/54037881"
    },
    {
      "type": "Feature",
      "properties": {
        "@id": "way/86818741",
        "amenity": "school",
        "name": "Brotherhood and Unity"
      },
      "geometry": {
        "type": "Polygon",
        "coordinates": [
          [
            [
              20.9106791,
              41.7910004
            ],
            [
              20.9113889,
              41.7905995
            ],
            [
              20.9115152,
              41.7911868
            ],
            [
              20.9110186,
              41.7912424
            ],
            [
              20.9110277,
              41.7912918
            ],
            [
              20.9107328,
              41.7913204
            ],
            [
              20.9106791,
              41.7910004
            ]
          ]
        ]
      },
      "id": "way/86818741"
    },
    {
      "type": "Feature",
      "properties": {
        "@id": "way/87495629",
        "amenity": "townhall",
        "building": "yes",
        "name": "Општинска управа на Тетово",
        "name:en": "Municipality of Tetovo"
      },
      "geometry": {
        "type": "Polygon",
        "coordinates": [
          [
            [
              20.9730826,
              42.0068286
            ],
            [
              20.9728865,
              42.0064849
            ],
            [
              20.973072,
              42.0064221
            ],
            [
              20.9731957,
              42.0066298
            ],
            [
              20.9736769,
              42.0064732
            ],
            [
              20.9741474,
              42.0063013
            ],
            [
              20.9742276,
              42.0064325
            ],
            [
              20.9730826,
              42.0068286
            ]
          ]
        ]
      },
      "id": "way/87495629"
    },
    {
      "type": "Feature",
      "properties": {
        "@id": "way/121167696",
        "amenity": "school",
        "name": "О.У. Страшо Пинџур"
      },
      "geometry": {
        "type": "Polygon",
        "coordinates": [
          [
            [
              21.3541398,
              42.0180277
            ],
            [
              21.3548819,
              42.0174317
            ],
            [
              21.3552692,
              42.0177298
            ],
            [
              21.354511,
              42.018288
            ],
            [
              21.3541398,
              42.0180277
            ]
          ]
        ]
      },
      "id": "way/121167696"
    },
    {
      "type": "Feature",
      "properties": {
        "@id": "way/122868894",
        "addr:city": "Cкoпje",
        "addr:city:en": "Skopje",
        "addr:country": "MK",
        "addr:housenumber": "47",
        "addr:postcode": "1000",
        "addr:street": "Франклин Рузвелт",
        "alt_name": "Медиа Арт Студио",
        "amenity": "school",
        "building": "school",
        "description": "Kindergarten and elementary school. Center for Languages",
        "int_name": "Media Art Centar",
        "name": "Медиа Арт Студио",
        "name:en": "Media Art Studio",
        "old_name": "Media Art Studio",
        "source": "Bing"
      },
      "geometry": {
        "type": "Polygon",
        "coordinates": [
          [
            [
              21.4128971,
              42.0002849
            ],
            [
              21.4128854,
              42.0002416
            ],
            [
              21.4128279,
              42.0002501
            ],
            [
              21.4128131,
              42.0001952
            ],
            [
              21.4129538,
              42.0001742
            ],
            [
              21.412961,
              42.0002012
            ],
            [
              21.4130048,
              42.0001947
            ],
            [
              21.413024,
              42.000266
            ],
            [
              21.4128971,
              42.0002849
            ]
          ]
        ]
      },
      "id": "way/122868894"
    },
    {
      "type": "Feature",
      "properties": {
        "@id": "way/122885860",
        "addr:city": "Cкoпje",
        "addr:city:en": "Skopje",
        "addr:country": "MK",
        "addr:housenumber": "15",
        "addr:postcode": "1000",
        "addr:street": "Киро Крстевски Платник",
        "amenity": "school",
        "building": "yes",
        "name": "Средно уметничко училиште „Лазар Личеновски“"
      },
      "geometry": {
        "type": "Polygon",
        "coordinates": [
          [
            [
              21.4209035,
              41.9958213
            ],
            [
              21.4205744,
              41.9958177
            ],
            [
              21.420585,
              41.9952747
            ],
            [
              21.4209141,
              41.9952783
            ],
            [
              21.4209035,
              41.9958213
            ]
          ]
        ]
      },
      "id": "way/122885860"
    },
    {
      "type": "Feature",
      "properties": {
        "@id": "way/126355598",
        "alt_name": "Систина",
        "amenity": "hospital",
        "name": "Клиничка Болница Аџибадем Систина",
        "name:en": "Acibadem Sistina Hospital"
      },
      "geometry": {
        "type": "Polygon",
        "coordinates": [
          [
            [
              21.4036189,
              42.0147419
            ],
            [
              21.4034425,
              42.0137941
            ],
            [
              21.403403,
              42.0136387
            ],
            [
              21.4034526,
              42.0136053
            ],
            [
              21.4041822,
              42.0135281
            ],
            [
              21.4051464,
              42.0134534
            ],
            [
              21.4055922,
              42.0133702
            ],
            [
              21.4056037,
              42.0135929
            ],
            [
              21.4053411,
              42.0136569
            ],
            [
              21.4051382,
              42.0137001
            ],
            [
              21.405108,
              42.0143725
            ],
            [
              21.4050322,
              42.0143731
            ],
            [
              21.4050388,
              42.014104
            ],
            [
              21.4049965,
              42.0140622
            ],
            [
              21.404916,
              42.0140363
            ],
            [
              21.4043197,
              42.0141886
            ],
            [
              21.4041812,
              42.014195
            ],
            [
              21.404103,
              42.0142549
            ],
            [
              21.4041433,
              42.0146371
            ],
            [
              21.4040988,
              42.0147132
            ],
            [
              21.4036189,
              42.0147419
            ]
          ]
        ]
      },
      "id": "way/126355598"
    },
    {
      "type": "Feature",
      "properties": {
        "@id": "way/131547185",
        "addr:city": "Cкoпje",
        "addr:city:en": "Skopje",
        "addr:country": "MK",
        "addr:postcode": "1000",
        "amenity": "courthouse",
        "building": "construction",
        "int_name": "Krivičen Sud",
        "name": "Кривичен Суд",
        "name:en": "Criminal Court"
      },
      "geometry": {
        "type": "Polygon",
        "coordinates": [
          [
            [
              21.4429406,
              41.9983625
            ],
            [
              21.4423567,
              41.9983456
            ],
            [
              21.4423673,
              41.9981435
            ],
            [
              21.4429512,
              41.9981603
            ],
            [
              21.4429406,
              41.9983625
            ]
          ]
        ]
      },
      "id": "way/131547185"
    },
    {
      "type": "Feature",
      "properties": {
        "@id": "way/144060294",
        "addr:city": "Kriva Palanka",
        "addr:postcode": "1330",
        "addr:street": "Свети Јоаким Осоговски",
        "amenity": "school",
        "name": "Партизан"
      },
      "geometry": {
        "type": "Polygon",
        "coordinates": [
          [
            [
              22.3358453,
              42.2054668
            ],
            [
              22.3361341,
              42.2057704
            ],
            [
              22.3354876,
              42.2059932
            ],
            [
              22.3352718,
              42.2056935
            ],
            [
              22.3358453,
              42.2054668
            ]
          ]
        ]
      },
      "id": "way/144060294"
    },
    {
      "type": "Feature",
      "properties": {
        "@id": "way/144060298",
        "addr:city": "Kriva Palanka",
        "addr:postcode": "1330",
        "addr:street": "Sveti Joakim Osogovski",
        "amenity": "school",
        "name": "OU Joakim Krchovski"
      },
      "geometry": {
        "type": "Polygon",
        "coordinates": [
          [
            [
              22.3339599,
              42.2036856
            ],
            [
              22.3341763,
              42.2031848
            ],
            [
              22.3346617,
              42.2033298
            ],
            [
              22.334618,
              42.2038259
            ],
            [
              22.3347352,
              42.2040328
            ],
            [
              22.3341695,
              42.2038576
            ],
            [
              22.3340798,
              42.20378
            ],
            [
              22.3339599,
              42.2036856
            ]
          ]
        ]
      },
      "id": "way/144060298"
    },
    {
      "type": "Feature",
      "properties": {
        "@id": "way/146849628",
        "amenity": "school",
        "int_name": "Vuk Karadzhikj / Naim Frasheri",
        "name": "Vuk Karadzhikj / Naim Frasheri"
      },
      "geometry": {
        "type": "Polygon",
        "coordinates": [
          [
            [
              21.7092891,
              42.1314397
            ],
            [
              21.7092174,
              42.1313401
            ],
            [
              21.7090989,
              42.1312034
            ],
            [
              21.7088137,
              42.1308745
            ],
            [
              21.7100401,
              42.130318
            ],
            [
              21.7105256,
              42.1310835
            ],
            [
              21.7092891,
              42.1314397
            ]
          ]
        ]
      },
      "id": "way/146849628"
    },
    {
      "type": "Feature",
      "properties": {
        "@id": "way/152627805",
        "addr:housename": "Krste Misirkov / Braca Miladinovci",
        "addr:housenumber": "43",
        "addr:postcode": "1300",
        "addr:street": "Народна Револуција",
        "amenity": "school",
        "int_name": "Krste Misirkov / Braca Miladinovci",
        "layer": "1",
        "name": "Крсте Мисирков / Браќа Миладиновци"
      },
      "geometry": {
        "type": "Polygon",
        "coordinates": [
          [
            [
              21.7200546,
              42.1321135
            ],
            [
              21.7204515,
              42.1327102
            ],
            [
              21.7199364,
              42.1329153
            ],
            [
              21.7195798,
              42.1330603
            ],
            [
              21.7191639,
              42.1331998
            ],
            [
              21.7187617,
              42.1333249
            ],
            [
              21.7187296,
              42.1325113
            ],
            [
              21.7200546,
              42.1321135
            ]
          ]
        ]
      },
      "id": "way/152627805"
    },
    {
      "type": "Feature",
      "properties": {
        "@id": "way/152822002",
        "amenity": "hospital",
        "emergency": "no",
        "healthcare": "hospital",
        "name": "Плодност"
      },
      "geometry": {
        "type": "Polygon",
        "coordinates": [
          [
            [
              21.3156377,
              41.0213167
            ],
            [
              21.3159657,
              41.0208958
            ],
            [
              21.3168723,
              41.021298
            ],
            [
              21.3165443,
              41.0217189
            ],
            [
              21.3156377,
              41.0213167
            ]
          ]
        ]
      },
      "id": "way/152822002"
    },
    {
      "type": "Feature",
      "properties": {
        "@id": "way/156845666",
        "amenity": "school",
        "int_name": "Goce Delcev",
        "name": "Гоце Делчев"
      },
      "geometry": {
        "type": "Polygon",
        "coordinates": [
          [
            [
              21.7209308,
              42.1318537
            ],
            [
              21.7222559,
              42.1311997
            ],
            [
              21.7225422,
              42.1315837
            ],
            [
              21.7216389,
              42.1320069
            ],
            [
              21.7218294,
              42.1322734
            ],
            [
              21.722221,
              42.1321242
            ],
            [
              21.7223068,
              42.1322495
            ],
            [
              21.7215073,
              42.1325768
            ],
            [
              21.7209308,
              42.1318537
            ]
          ]
        ]
      },
      "id": "way/156845666"
    },
    {
      "type": "Feature",
      "properties": {
        "@id": "way/158940804",
        "amenity": "school",
        "building": "school",
        "name": "Гимназија Кочо Рацин"
      },
      "geometry": {
        "type": "Polygon",
        "coordinates": [
          [
            [
              21.7723674,
              41.7173258
            ],
            [
              21.772494,
              41.7171327
            ],
            [
              21.7734167,
              41.717427
            ],
            [
              21.7733309,
              41.7176092
            ],
            [
              21.7741302,
              41.7178955
            ],
            [
              21.7740187,
              41.7180902
            ],
            [
              21.7731341,
              41.7177856
            ],
            [
              21.7729661,
              41.7180537
            ],
            [
              21.7726255,
              41.7179376
            ],
            [
              21.7727354,
              41.7177634
            ],
            [
              21.7729527,
              41.7178134
            ],
            [
              21.7730949,
              41.7176072
            ],
            [
              21.7731807,
              41.7176392
            ],
            [
              21.7732129,
              41.7175812
            ],
            [
              21.7723674,
              41.7173258
            ]
          ]
        ]
      },
      "id": "way/158940804"
    },
    {
      "type": "Feature",
      "properties": {
        "@id": "way/159157797",
        "amenity": "school",
        "building": "yes",
        "name": "Музичко О.У. “Киро Димов“"
      },
      "geometry": {
        "type": "Polygon",
        "coordinates": [
          [
            [
              21.7829697,
              41.7185037
            ],
            [
              21.7829975,
              41.7185908
            ],
            [
              21.7828039,
              41.7186253
            ],
            [
              21.782776,
              41.7185382
            ],
            [
              21.7829697,
              41.7185037
            ]
          ]
        ]
      },
      "id": "way/159157797"
    },
    {
      "type": "Feature",
      "properties": {
        "@id": "way/160554124",
        "amenity": "hospital",
        "emergency": "yes",
        "int_name": "Bolnica",
        "layer": "1",
        "name": "Болница"
      },
      "geometry": {
        "type": "Polygon",
        "coordinates": [
          [
            [
              21.7111464,
              42.1368521
            ],
            [
              21.7110122,
              42.1369575
            ],
            [
              21.7107977,
              42.1371286
            ],
            [
              21.7106032,
              42.1372945
            ],
            [
              21.7103229,
              42.1374349
            ],
            [
              21.710044,
              42.1375682
            ],
            [
              21.7095934,
              42.1377511
            ],
            [
              21.7089469,
              42.137962
            ],
            [
              21.7083703,
              42.1381549
            ],
            [
              21.7076809,
              42.1383757
            ],
            [
              21.7075227,
              42.1381469
            ],
            [
              21.70741,
              42.1380117
            ],
            [
              21.7072706,
              42.1378506
            ],
            [
              21.7069299,
              42.1373016
            ],
            [
              21.7072196,
              42.1369854
            ],
            [
              21.7075361,
              42.1366512
            ],
            [
              21.7078016,
              42.1363948
            ],
            [
              21.7079974,
              42.1361859
            ],
            [
              21.708204,
              42.135993
            ],
            [
              21.7083515,
              42.1358538
            ],
            [
              21.7085768,
              42.135627
            ],
            [
              21.7088262,
              42.1356807
            ],
            [
              21.7091749,
              42.1357901
            ],
            [
              21.7094244,
              42.1358935
            ],
            [
              21.7097382,
              42.1360447
            ],
            [
              21.709993,
              42.1361839
            ],
            [
              21.710335,
              42.1363935
            ],
            [
              21.7107145,
              42.1366015
            ],
            [
              21.7111464,
              42.1368521
            ]
          ]
        ]
      },
      "id": "way/160554124"
    },
    {
      "type": "Feature",
      "properties": {
        "@id": "way/160554125",
        "amenity": "hospital",
        "building": "yes",
        "emergency": "yes",
        "int_name": "Urgenten Centar",
        "layer": "2",
        "name": "Ургентен Центар"
      },
      "geometry": {
        "type": "Polygon",
        "coordinates": [
          [
            [
              21.7081946,
              42.1360156
            ],
            [
              21.7083582,
              42.1360991
            ],
            [
              21.7082348,
              42.1362363
            ],
            [
              21.7084574,
              42.1363597
            ],
            [
              21.7083823,
              42.1364313
            ],
            [
              21.7080256,
              42.1362523
            ],
            [
              21.7079864,
              42.1362287
            ],
            [
              21.7081946,
              42.1360156
            ]
          ]
        ]
      },
      "id": "way/160554125"
    },
    {
      "type": "Feature",
      "properties": {
        "@id": "way/160554145",
        "amenity": "hospital",
        "building": "yes",
        "int_name": "Bolnica",
        "name": "Болница"
      },
      "geometry": {
        "type": "Polygon",
        "coordinates": [
          [
            [
              21.7084118,
              42.1360613
            ],
            [
              21.7090073,
              42.1363935
            ],
            [
              21.7090422,
              42.1363617
            ],
            [
              21.7091548,
              42.1364293
            ],
            [
              21.7089081,
              42.1366839
            ],
            [
              21.70879,
              42.1366143
            ],
            [
              21.708892,
              42.1365029
            ],
            [
              21.7083046,
              42.1361747
            ],
            [
              21.7084118,
              42.1360613
            ]
          ]
        ]
      },
      "id": "way/160554145"
    },
    {
      "type": "Feature",
      "properties": {
        "@id": "way/161446981",
        "amenity": "courthouse",
        "building": "public",
        "int_name": "Osnoven Sud",
        "name": "Основен Суд"
      },
      "geometry": {
        "type": "Polygon",
        "coordinates": [
          [
            [
              21.7161895,
              42.1373805
            ],
            [
              21.716153,
              42.1372417
            ],
            [
              21.7168672,
              42.1371387
            ],
            [
              21.7169036,
              42.1372776
            ],
            [
              21.7161895,
              42.1373805
            ]
          ]
        ]
      },
      "id": "way/161446981"
    },
    {
      "type": "Feature",
      "properties": {
        "@id": "way/161447165",
        "addr:postcode": "1300",
        "addr:street": "11 Октомври",
        "amenity": "townhall",
        "building": "public",
        "int_name": "Municipality Kumanovo",
        "name": "Општина Куманово"
      },
      "geometry": {
        "type": "Polygon",
        "coordinates": [
          [
            [
              21.715883,
              42.1374758
            ],
            [
              21.7160138,
              42.1374648
            ],
            [
              21.7160406,
              42.1375762
            ],
            [
              21.7157563,
              42.137608
            ],
            [
              21.7156961,
              42.1371955
            ],
            [
              21.7159574,
              42.1371645
            ],
            [
              21.7159849,
              42.1373465
            ],
            [
              21.7158609,
              42.1373653
            ],
            [
              21.715883,
              42.1374758
            ]
          ]
        ]
      },
      "id": "way/161447165"
    },
    {
      "type": "Feature",
      "properties": {
        "@id": "way/161578643",
        "amenity": "hospital",
        "int_name": "Zdravstven Dom",
        "name": "Здравствен дом"
      },
      "geometry": {
        "type": "Polygon",
        "coordinates": [
          [
            [
              21.7172061,
              42.1353685
            ],
            [
              21.7165465,
              42.1354815
            ],
            [
              21.7165036,
              42.1353642
            ],
            [
              21.7165295,
              42.1352471
            ],
            [
              21.7165563,
              42.1352451
            ],
            [
              21.7165778,
              42.1351059
            ],
            [
              21.7167789,
              42.1351138
            ],
            [
              21.7168567,
              42.1351079
            ],
            [
              21.7170123,
              42.135086
            ],
            [
              21.7170069,
              42.1350283
            ],
            [
              21.7170874,
              42.1350223
            ],
            [
              21.7172885,
              42.1349547
            ],
            [
              21.7173207,
              42.1349965
            ],
            [
              21.7171947,
              42.1350383
            ],
            [
              21.7172832,
              42.1351815
            ],
            [
              21.7173673,
              42.1354
            ],
            [
              21.7172224,
              42.1354298
            ],
            [
              21.7172061,
              42.1353685
            ]
          ]
        ]
      },
      "id": "way/161578643"
    },
    {
      "type": "Feature",
      "properties": {
        "@id": "way/163003853",
        "addr:city": "Cкoпje",
        "addr:city:en": "Skopje",
        "addr:country": "MK",
        "addr:postcode": "1000",
        "amenity": "school",
        "building": "yes",
        "name": "ОУ „Кузман Јосифовски - Питу “"
      },
      "geometry": {
        "type": "Polygon",
        "coordinates": [
          [
            [
              21.4317002,
              41.9830851
            ],
            [
              21.4314669,
              41.9830134
            ],
            [
              21.431491,
              41.9829755
            ],
            [
              21.4313891,
              41.9829356
            ],
            [
              21.4315795,
              41.9826266
            ],
            [
              21.4319277,
              41.9827352
            ],
            [
              21.4317002,
              41.9830851
            ]
          ]
        ]
      },
      "id": "way/163003853"
    },
    {
      "type": "Feature",
      "properties": {
        "@id": "way/163004660",
        "amenity": "school",
        "name": "ОУГС Народен херој Кузман Јосифоски-Питу"
      },
      "geometry": {
        "type": "Polygon",
        "coordinates": [
          [
            [
              21.4325075,
              41.9874681
            ],
            [
              21.431689,
              41.986891
            ],
            [
              21.4324201,
              41.986337
            ],
            [
              21.4325046,
              41.9863691
            ],
            [
              21.4330367,
              41.9865726
            ],
            [
              21.4325075,
              41.9874681
            ]
          ]
        ]
      },
      "id": "way/163004660"
    },
    {
      "type": "Feature",
      "properties": {
        "@id": "way/164191033",
        "addr:city": "Cкoпje",
        "addr:city:en": "Skopje",
        "addr:country": "MK",
        "addr:postcode": "1000",
        "addr:street": "Коста Шахов",
        "amenity": "hospital",
        "building": "yes",
        "healthcare": "hospital",
        "name": "Студентска Амбуланта",
        "opening_hours": "Mo-Fr 08:00-20:00; Sa 07:00-12:00",
        "phone": "071 392 991;023130159",
        "wheelchair": "limited"
      },
      "geometry": {
        "type": "Polygon",
        "coordinates": [
          [
            [
              21.4235348,
              41.9957907
            ],
            [
              21.4234684,
              41.9957828
            ],
            [
              21.423474,
              41.9957569
            ],
            [
              21.4233489,
              41.995742
            ],
            [
              21.4233852,
              41.9955735
            ],
            [
              21.4235159,
              41.9955891
            ],
            [
              21.4235053,
              41.9956381
            ],
            [
              21.4235661,
              41.9956453
            ],
            [
              21.4235348,
              41.9957907
            ]
          ]
        ]
      },
      "id": "way/164191033"
    },
    {
      "type": "Feature",
      "properties": {
        "@id": "way/166530604",
        "amenity": "police",
        "building": "public",
        "int_name": "Policiska Stanica",
        "name": "Полициска Станица"
      },
      "geometry": {
        "type": "Polygon",
        "coordinates": [
          [
            [
              21.7162773,
              42.137439
            ],
            [
              21.7163309,
              42.1376438
            ],
            [
              21.7164087,
              42.1376359
            ],
            [
              21.7165964,
              42.1378049
            ],
            [
              21.716583,
              42.1380754
            ],
            [
              21.7164355,
              42.1380774
            ],
            [
              21.7160573,
              42.1381311
            ],
            [
              21.7159098,
              42.138155
            ],
            [
              21.7158615,
              42.137978
            ],
            [
              21.7158427,
              42.1380138
            ],
            [
              21.7157784,
              42.1381112
            ],
            [
              21.7156523,
              42.1380714
            ],
            [
              21.7159152,
              42.1377075
            ],
            [
              21.71595,
              42.1376776
            ],
            [
              21.7159956,
              42.1376577
            ],
            [
              21.716178,
              42.1376378
            ],
            [
              21.7162022,
              42.137791
            ],
            [
              21.7160064,
              42.1378188
            ],
            [
              21.715942,
              42.1379103
            ],
            [
              21.716009,
              42.1378964
            ],
            [
              21.7160359,
              42.1380197
            ],
            [
              21.7164248,
              42.1379601
            ],
            [
              21.7164302,
              42.1378686
            ],
            [
              21.7162531,
              42.1377174
            ],
            [
              21.7161968,
              42.1374489
            ],
            [
              21.7162773,
              42.137439
            ]
          ]
        ]
      },
      "id": "way/166530604"
    },
    {
      "type": "Feature",
      "properties": {
        "@id": "way/166533340",
        "amenity": "school",
        "building": "yes",
        "int_name": "Osnovno uciliste \"Koco Racin\" ",
        "name": "СОсновно училиште „Кочо Рацин“",
        "website": "http://ooukocoracinku.edu.mk"
      },
      "geometry": {
        "type": "Polygon",
        "coordinates": [
          [
            [
              21.7331886,
              42.119116
            ],
            [
              21.7331966,
              42.1185947
            ],
            [
              21.7333334,
              42.1185928
            ],
            [
              21.7336231,
              42.118734
            ],
            [
              21.7340201,
              42.118728
            ],
            [
              21.7340174,
              42.1188255
            ],
            [
              21.7342186,
              42.1188216
            ],
            [
              21.7342159,
              42.1188594
            ],
            [
              21.7345753,
              42.1188613
            ],
            [
              21.7345753,
              42.1189946
            ],
            [
              21.734012,
              42.1190185
            ],
            [
              21.7340067,
              42.1191817
            ],
            [
              21.7338913,
              42.1191836
            ],
            [
              21.7338806,
              42.119315
            ],
            [
              21.733658,
              42.119311
            ],
            [
              21.733658,
              42.1191956
            ],
            [
              21.7333495,
              42.1190663
            ],
            [
              21.7333415,
              42.119116
            ],
            [
              21.7331886,
              42.119116
            ]
          ]
        ]
      },
      "id": "way/166533340"
    },
    {
      "type": "Feature",
      "properties": {
        "@id": "way/174273487",
        "addr:city": "Cкoпje",
        "addr:housenumber": "9",
        "addr:postcode": "1000",
        "addr:street": "Руѓер Бошковиќ",
        "amenity": "school",
        "barrier": "fence",
        "check_date": "2024-08-26",
        "email": "oou.veraciriviri@gmail.com",
        "grades": "1-9",
        "name": "ОУ „Вера Циривири Трена“",
        "phone": "+38923068507;+38923073069",
        "religion": "none",
        "website": "http://veraciriviritrena.edu.mk/"
      },
      "geometry": {
        "type": "Polygon",
        "coordinates": [
          [
            [
              21.4077994,
              42.0040696
            ],
            [
              21.4076521,
              42.0034897
            ],
            [
              21.4079774,
              42.0034441
            ],
            [
              21.4093268,
              42.0032549
            ],
            [
              21.4097431,
              42.0031965
            ],
            [
              21.4097552,
              42.0032439
            ],
            [
              21.4098622,
              42.0036761
            ],
            [
              21.4098878,
              42.0037768
            ],
            [
              21.4092125,
              42.0038715
            ],
            [
              21.4077994,
              42.0040696
            ]
          ]
        ]
      },
      "id": "way/174273487"
    },
    {
      "type": "Feature",
      "properties": {
        "@id": "way/174342545",
        "amenity": "school",
        "name": "О.У „Ацо Шопов“"
      },
      "geometry": {
        "type": "Polygon",
        "coordinates": [
          [
            [
              21.4515683,
              42.062236
            ],
            [
              21.4516059,
              42.0621902
            ],
            [
              21.4516193,
              42.0620668
            ],
            [
              21.4517427,
              42.062021
            ],
            [
              21.4519733,
              42.0620389
            ],
            [
              21.4522657,
              42.0620389
            ],
            [
              21.452432,
              42.0620508
            ],
            [
              21.4525527,
              42.0619951
            ],
            [
              21.4525393,
              42.0618238
            ],
            [
              21.4525125,
              42.0616526
            ],
            [
              21.4525125,
              42.0616346
            ],
            [
              21.4529014,
              42.0615391
            ],
            [
              21.453065,
              42.0631899
            ],
            [
              21.4522496,
              42.063152
            ],
            [
              21.451748,
              42.0631461
            ],
            [
              21.4516086,
              42.0630863
            ],
            [
              21.4513591,
              42.0630803
            ],
            [
              21.4513752,
              42.0629887
            ],
            [
              21.4512733,
              42.0623714
            ],
            [
              21.451276,
              42.0622838
            ],
            [
              21.4515683,
              42.062236
            ]
          ]
        ]
      },
      "id": "way/174342545"
    },
    {
      "type": "Feature",
      "properties": {
        "@id": "way/174464034",
        "addr:city": "Cкoпje",
        "addr:housenumber": "5",
        "addr:postcode": "1000",
        "addr:street": "Владимир Комаров",
        "amenity": "school",
        "name": "ОУ „Браќа Миладиновци“"
      },
      "geometry": {
        "type": "Polygon",
        "coordinates": [
          [
            [
              21.4511898,
              41.9919353
            ],
            [
              21.4504574,
              41.9912703
            ],
            [
              21.4513446,
              41.9907202
            ],
            [
              21.4521136,
              41.9913684
            ],
            [
              21.4513721,
              41.9918235
            ],
            [
              21.4511898,
              41.9919353
            ]
          ]
        ]
      },
      "id": "way/174464034"
    },
    {
      "type": "Feature",
      "properties": {
        "@id": "way/174471972",
        "addr:city": "Cкoпje",
        "addr:housenumber": "4",
        "addr:postcode": "1000",
        "addr:street": "Венијамин Мачуковски",
        "amenity": "school",
        "name": "ОУ „Блаже Конески“"
      },
      "geometry": {
        "type": "Polygon",
        "coordinates": [
          [
            [
              21.4502306,
              41.987676
            ],
            [
              21.4490558,
              41.9862868
            ],
            [
              21.4500856,
              41.9858057
            ],
            [
              21.4509419,
              41.9868183
            ],
            [
              21.4508367,
              41.9873928
            ],
            [
              21.4502306,
              41.987676
            ]
          ]
        ]
      },
      "id": "way/174471972"
    },
    {
      "type": "Feature",
      "properties": {
        "@id": "way/174481179",
        "addr:city": "Cкoпje",
        "addr:housenumber": "17",
        "addr:postcode": "1000",
        "addr:street": "Булевар Кочо Рацин",
        "amenity": "school",
        "building": "yes",
        "capacity": "600",
        "grades": "0-9",
        "name": "ОУ „Димитар Миладинов“",
        "operator": "Општина Центар",
        "operator:type": "public",
        "website": "https://ooudimitarmiladinov.edu.mk/"
      },
      "geometry": {
        "type": "Polygon",
        "coordinates": [
          [
            [
              21.4340835,
              41.989561
            ],
            [
              21.4340365,
              41.9892974
            ],
            [
              21.4344889,
              41.9892575
            ],
            [
              21.4344876,
              41.9892187
            ],
            [
              21.4345906,
              41.9892124
            ],
            [
              21.4345873,
              41.9891733
            ],
            [
              21.4347021,
              41.9891619
            ],
            [
              21.4346933,
              41.9891287
            ],
            [
              21.4347965,
              41.9891186
            ],
            [
              21.4348008,
              41.989084
            ],
            [
              21.4348963,
              41.9890704
            ],
            [
              21.4348922,
              41.9890384
            ],
            [
              21.4349954,
              41.9890246
            ],
            [
              21.4349941,
              41.9889925
            ],
            [
              21.4350896,
              41.9889795
            ],
            [
              21.4350873,
              41.9889416
            ],
            [
              21.435181,
              41.9889313
            ],
            [
              21.4351824,
              41.9888961
            ],
            [
              21.4352789,
              41.9888891
            ],
            [
              21.4352802,
              41.9888505
            ],
            [
              21.435411,
              41.9888456
            ],
            [
              21.4354151,
              41.9888768
            ],
            [
              21.4355132,
              41.988873
            ],
            [
              21.4355144,
              41.9889605
            ],
            [
              21.4354232,
              41.9889665
            ],
            [
              21.4352247,
              41.9890522
            ],
            [
              21.4352315,
              41.989172
            ],
            [
              21.4351389,
              41.9891798
            ],
            [
              21.4351362,
              41.9892177
            ],
            [
              21.4350423,
              41.9892256
            ],
            [
              21.4350477,
              41.9892675
            ],
            [
              21.434884,
              41.9892795
            ],
            [
              21.4348787,
              41.9892296
            ],
            [
              21.4345863,
              41.9893612
            ],
            [
              21.4344489,
              41.9894248
            ],
            [
              21.4344503,
              41.9894588
            ],
            [
              21.4346103,
              41.9894443
            ],
            [
              21.4346352,
              41.9895767
            ],
            [
              21.4343101,
              41.9895985
            ],
            [
              21.4343047,
              41.9895472
            ],
            [
              21.4340835,
              41.989561
            ]
          ]
        ]
      },
      "id": "way/174481179"
    },
    {
      "type": "Feature",
      "properties": {
        "@id": "way/175109039",
        "amenity": "school",
        "name": "СУ Панче Арсовски"
      },
      "geometry": {
        "type": "Polygon",
        "coordinates": [
          [
            [
              21.4636568,
              42.0066051
            ],
            [
              21.4640131,
              42.0054642
            ],
            [
              21.4654576,
              42.0057048
            ],
            [
              21.4651308,
              42.006788
            ],
            [
              21.4636568,
              42.0066051
            ]
          ]
        ]
      },
      "id": "way/175109039"
    },
    {
      "type": "Feature",
      "properties": {
        "@id": "way/175160535",
        "addr:city": "Cкoпje",
        "addr:city:en": "Skopje",
        "addr:country": "MK",
        "addr:housenumber": "2",
        "addr:postcode": "1000",
        "addr:street": "Архимедова",
        "amenity": "townhall",
        "building": "public",
        "contact:website": "http://www.gazibaba.gov.mk/",
        "name": "Општина Гази Баба",
        "name:en": "Municipality of Gazi Baba",
        "office": "government"
      },
      "geometry": {
        "type": "Polygon",
        "coordinates": [
          [
            [
              21.4518141,
              42.0000342
            ],
            [
              21.451916,
              41.9996395
            ],
            [
              21.4528475,
              41.9997858
            ],
            [
              21.4526973,
              42.0003878
            ],
            [
              21.4523076,
              42.0003531
            ],
            [
              21.4518141,
              42.0000342
            ]
          ]
        ]
      },
      "id": "way/175160535"
    },
    {
      "type": "Feature",
      "properties": {
        "@id": "way/175160544",
        "addr:city": "Cкoпje",
        "addr:city:en": "Skopje",
        "addr:country": "MK",
        "addr:postcode": "1000",
        "amenity": "hospital",
        "building": "office",
        "healthcare": "hospital",
        "name": "Амбуланта Авткоманда"
      },
      "geometry": {
        "type": "Polygon",
        "coordinates": [
          [
            [
              21.4657186,
              42.0050411
            ],
            [
              21.4657964,
              42.0047959
            ],
            [
              21.466306,
              42.0048936
            ],
            [
              21.4662256,
              42.0051208
            ],
            [
              21.4657186,
              42.0050411
            ]
          ]
        ]
      },
      "id": "way/175160544"
    },
    {
      "type": "Feature",
      "properties": {
        "@id": "way/175199070",
        "amenity": "school",
        "barrier": "fence",
        "fence_type": "bars",
        "name": "ОУ Владо Тасевски"
      },
      "geometry": {
        "type": "Polygon",
        "coordinates": [
          [
            [
              21.3954978,
              41.9964422
            ],
            [
              21.3954168,
              41.996094
            ],
            [
              21.3953798,
              41.9959147
            ],
            [
              21.3954369,
              41.995814
            ],
            [
              21.3963524,
              41.995726
            ],
            [
              21.39636,
              41.9957751
            ],
            [
              21.3965763,
              41.9966339
            ],
            [
              21.3963487,
              41.9966635
            ],
            [
              21.3963099,
              41.9966628
            ],
            [
              21.3962665,
              41.9966585
            ],
            [
              21.3962288,
              41.9966426
            ],
            [
              21.3961692,
              41.9966072
            ],
            [
              21.3961221,
              41.9965821
            ],
            [
              21.3960887,
              41.9965576
            ],
            [
              21.3960677,
              41.9965387
            ],
            [
              21.3960252,
              41.9963615
            ],
            [
              21.3954978,
              41.9964422
            ]
          ]
        ]
      },
      "id": "way/175199070"
    },
    {
      "type": "Feature",
      "properties": {
        "@id": "way/175202015",
        "amenity": "school",
        "barrier": "fence",
        "email": "ltanev@hotmail.com",
        "fax": "+389 2 3085036",
        "name": "Средно угостителско училиште \"Лазар Танев\"",
        "name:en": "Public secondary school for catering and tourism \"Lazar Tanev\"",
        "phone": "+389 2 3085035;+389 2 3086292",
        "website": "http://www.lazartanev.edu.mk/zanas.html"
      },
      "geometry": {
        "type": "Polygon",
        "coordinates": [
          [
            [
              21.3983464,
              41.993431
            ],
            [
              21.398846,
              41.9931391
            ],
            [
              21.3990787,
              41.9929267
            ],
            [
              21.3992906,
              41.9928151
            ],
            [
              21.4003564,
              41.9926686
            ],
            [
              21.4005485,
              41.9934333
            ],
            [
              21.3984272,
              41.9937193
            ],
            [
              21.3983464,
              41.993431
            ]
          ]
        ]
      },
      "id": "way/175202015"
    },
    {
      "type": "Feature",
      "properties": {
        "@id": "way/175293043",
        "addr:city": "Cкoпje",
        "addr:city:en": "Skopje",
        "addr:country": "MK",
        "addr:postcode": "1000",
        "amenity": "hospital",
        "building": "yes",
        "name": "Ремедика",
        "name:en": "ReMedica"
      },
      "geometry": {
        "type": "Polygon",
        "coordinates": [
          [
            [
              21.4590995,
              42.008351
            ],
            [
              21.4590569,
              42.0081651
            ],
            [
              21.4602201,
              42.008018
            ],
            [
              21.4602402,
              42.0080789
            ],
            [
              21.4602511,
              42.0081532
            ],
            [
              21.4595031,
              42.0082478
            ],
            [
              21.4595147,
              42.0082985
            ],
            [
              21.4594738,
              42.0083037
            ],
            [
              21.4592792,
              42.0083283
            ],
            [
              21.4590995,
              42.008351
            ]
          ]
        ]
      },
      "id": "way/175293043"
    },
    {
      "type": "Feature",
      "properties": {
        "@id": "way/175293044",
        "addr:city": "Cкoпje",
        "addr:city:en": "Skopje",
        "addr:country": "MK",
        "addr:postcode": "1000",
        "amenity": "hospital",
        "building": "yes",
        "name": "Поликлиника Железара",
        "name:en": "Polyclinic Železara"
      },
      "geometry": {
        "type": "Polygon",
        "coordinates": [
          [
            [
              21.4589877,
              42.0088119
            ],
            [
              21.4589556,
              42.0087033
            ],
            [
              21.4593431,
              42.0086514
            ],
            [
              21.4592792,
              42.0083283
            ],
            [
              21.4594738,
              42.0083037
            ],
            [
              21.4595617,
              42.0087182
            ],
            [
              21.4598782,
              42.0088916
            ],
            [
              21.4598005,
              42.0089763
            ],
            [
              21.4593941,
              42.0087601
            ],
            [
              21.4589877,
              42.0088119
            ]
          ]
        ]
      },
      "id": "way/175293044"
    },
    {
      "type": "Feature",
      "properties": {
        "@id": "way/175398193",
        "amenity": "school",
        "barrier": "fence",
        "name": "ОУ Кирил и Методиј"
      },
      "geometry": {
        "type": "Polygon",
        "coordinates": [
          [
            [
              21.438248,
              41.9975896
            ],
            [
              21.4382647,
              41.99714
            ],
            [
              21.4396055,
              41.9971674
            ],
            [
              21.4395888,
              41.9976171
            ],
            [
              21.438248,
              41.9975896
            ]
          ]
        ]
      },
      "id": "way/175398193"
    },
    {
      "type": "Feature",
      "properties": {
        "@id": "way/175407559",
        "addr:city": "Cкoпje",
        "addr:city:en": "Skopje",
        "addr:country": "MK",
        "addr:postcode": "1000",
        "amenity": "courthouse",
        "building": "public",
        "name": "Основен Суд 2"
      },
      "geometry": {
        "type": "Polygon",
        "coordinates": [
          [
            [
              21.4412254,
              41.9984218
            ],
            [
              21.4412273,
              41.9983775
            ],
            [
              21.4411979,
              41.9983768
            ],
            [
              21.441199,
              41.9983516
            ],
            [
              21.4411255,
              41.9983499
            ],
            [
              21.4411329,
              41.9981764
            ],
            [
              21.4411418,
              41.9979818
            ],
            [
              21.4416969,
              41.9979958
            ],
            [
              21.44168,
              41.9983644
            ],
            [
              21.4416253,
              41.9983631
            ],
            [
              21.4416242,
              41.9983876
            ],
            [
              21.4415969,
              41.998387
            ],
            [
              21.441595,
              41.9984306
            ],
            [
              21.4412254,
              41.9984218
            ]
          ]
        ]
      },
      "id": "way/175407559"
    },
    {
      "type": "Feature",
      "properties": {
        "@id": "way/175407566",
        "addr:city": "Cкoпje",
        "addr:city:en": "Skopje",
        "addr:country": "MK",
        "addr:postcode": "1000",
        "amenity": "courthouse",
        "building": "public",
        "name": "Основен суд 1"
      },
      "geometry": {
        "type": "Polygon",
        "coordinates": [
          [
            [
              21.4418217,
              41.9983179
            ],
            [
              21.4418265,
              41.9982552
            ],
            [
              21.4417892,
              41.9982536
            ],
            [
              21.4417978,
              41.9981434
            ],
            [
              21.4418312,
              41.9981448
            ],
            [
              21.4418351,
              41.9980944
            ],
            [
              21.44223,
              41.9981113
            ],
            [
              21.4422262,
              41.9981603
            ],
            [
              21.4422553,
              41.9981616
            ],
            [
              21.4422462,
              41.9982785
            ],
            [
              21.4422109,
              41.998277
            ],
            [
              21.4422064,
              41.9983344
            ],
            [
              21.442,
              41.9983256
            ],
            [
              21.4418217,
              41.9983179
            ]
          ]
        ]
      },
      "id": "way/175407566"
    },
    {
      "type": "Feature",
      "properties": {
        "@id": "way/175428047",
        "amenity": "school",
        "name": "ОУГС Стефан Наумов-Стив",
        "name:en": "Stefan Naumov-Stiv HSCS",
        "name:mk": "ОУГС Стефан Наумов-Стив"
      },
      "geometry": {
        "type": "Polygon",
        "coordinates": [
          [
            [
              21.465134,
              42.0039648
            ],
            [
              21.4649996,
              42.0032914
            ],
            [
              21.4652169,
              42.0027214
            ],
            [
              21.4672798,
              42.0031257
            ],
            [
              21.4668747,
              42.0042419
            ],
            [
              21.465134,
              42.0039648
            ]
          ]
        ]
      },
      "id": "way/175428047"
    },
    {
      "type": "Feature",
      "properties": {
        "@id": "way/175441982",
        "addr:city": "Cкoпje",
        "addr:city:en": "Skopje",
        "addr:country": "MK",
        "addr:housenumber": "бб",
        "addr:postcode": "1000",
        "addr:street": "Јани Лукровски",
        "amenity": "police",
        "building": "yes",
        "int_name": "Police Station - Gazi Baba",
        "name": "Полициска станица Гази Баба"
      },
      "geometry": {
        "type": "Polygon",
        "coordinates": [
          [
            [
              21.4631171,
              42.0032322
            ],
            [
              21.4631539,
              42.0031174
            ],
            [
              21.4632846,
              42.0031406
            ],
            [
              21.4633121,
              42.003055
            ],
            [
              21.4635549,
              42.003098
            ],
            [
              21.4635841,
              42.0030071
            ],
            [
              21.4639089,
              42.0030647
            ],
            [
              21.4638387,
              42.0032836
            ],
            [
              21.4637735,
              42.003272
            ],
            [
              21.4637814,
              42.0032475
            ],
            [
              21.4634544,
              42.0031896
            ],
            [
              21.4634233,
              42.0032865
            ],
            [
              21.4631171,
              42.0032322
            ]
          ]
        ]
      },
      "id": "way/175441982"
    },
    {
      "type": "Feature",
      "properties": {
        "@id": "way/175451781",
        "addr:city": "Cкoпje",
        "addr:housenumber": "102",
        "addr:postcode": "1000",
        "addr:street": "Мирче Ацев",
        "alt_name": "ОУ 11-ти Октомври;OU 11-ti Oktomvri",
        "amenity": "school",
        "int_name": "OU 11 Oktomvri",
        "name": "ОУ 11 Октомври",
        "website": "https://oou11oktomvricentar.edu.mk/"
      },
      "geometry": {
        "type": "Polygon",
        "coordinates": [
          [
            [
              21.4393915,
              41.989019
            ],
            [
              21.4402271,
              41.9887359
            ],
            [
              21.4409454,
              41.9883654
            ],
            [
              21.4412586,
              41.9886371
            ],
            [
              21.4414396,
              41.9885195
            ],
            [
              21.4419673,
              41.9888179
            ],
            [
              21.4413848,
              41.9891878
            ],
            [
              21.441608,
              41.9893825
            ],
            [
              21.4408971,
              41.9898072
            ],
            [
              21.440537,
              41.990025
            ],
            [
              21.4403017,
              41.9898229
            ],
            [
              21.4401144,
              41.9899332
            ],
            [
              21.4392993,
              41.9892148
            ],
            [
              21.4392727,
              41.9891762
            ],
            [
              21.4392679,
              41.9891489
            ],
            [
              21.4392717,
              41.9891162
            ],
            [
              21.4392846,
              41.9890906
            ],
            [
              21.4393158,
              41.9890654
            ],
            [
              21.4393915,
              41.989019
            ]
          ]
        ]
      },
      "id": "way/175451781"
    },
    {
      "type": "Feature",
      "properties": {
        "@id": "way/175451783",
        "amenity": "police",
        "int_name": "Policiska Stanica Kisela Voda",
        "name": "Полициска Станица Кисела Вода",
        "name:en": "Police Station Kisela Voda"
      },
      "geometry": {
        "type": "Polygon",
        "coordinates": [
          [
            [
              21.4384279,
              41.9901777
            ],
            [
              21.4388481,
              41.9896547
            ],
            [
              21.4394554,
              41.989932
            ],
            [
              21.4395933,
              41.9897652
            ],
            [
              21.4397078,
              41.9898212
            ],
            [
              21.4391496,
              41.9904971
            ],
            [
              21.4384279,
              41.9901777
            ]
          ]
        ]
      },
      "id": "way/175451783"
    },
    {
      "type": "Feature",
      "properties": {
        "@id": "way/175451790",
        "amenity": "school",
        "check_date": "2024-12-06",
        "name": "СУГС „Раде Јовчевски - Корчагин“"
      },
      "geometry": {
        "type": "Polygon",
        "coordinates": [
          [
            [
              21.4373735,
              41.9907854
            ],
            [
              21.4376474,
              41.9904014
            ],
            [
              21.4379578,
              41.9899999
            ],
            [
              21.4383842,
              41.9901858
            ],
            [
              21.4388169,
              41.9903853
            ],
            [
              21.4381884,
              41.9911518
            ],
            [
              21.4377144,
              41.9909371
            ],
            [
              21.4373735,
              41.9907854
            ]
          ]
        ]
      },
      "id": "way/175451790"
    },
    {
      "type": "Feature",
      "properties": {
        "@id": "way/175513097",
        "addr:city": "Cкoпje",
        "addr:city:en": "Skopje",
        "addr:country": "MK",
        "addr:housenumber": "1",
        "addr:postcode": "1000",
        "addr:street": "Михаил Цоков",
        "amenity": "townhall",
        "name": "Општина Центар"
      },
      "geometry": {
        "type": "Polygon",
        "coordinates": [
          [
            [
              21.4213628,
              42.0028887
            ],
            [
              21.4204835,
              42.0019684
            ],
            [
              21.4209422,
              42.0017239
            ],
            [
              21.4218252,
              42.002641
            ],
            [
              21.4213628,
              42.0028887
            ]
          ]
        ]
      },
      "id": "way/175513097"
    },
    {
      "type": "Feature",
      "properties": {
        "@id": "way/175516639",
        "addr:city": "Cкoпje",
        "addr:city:en": "Skopje",
        "addr:country": "MK",
        "addr:postcode": "1000",
        "amenity": "hospital",
        "building": "yes",
        "emergency": "yes",
        "name": "Поликлиника Идадија - Млин Балкан"
      },
      "geometry": {
        "type": "Polygon",
        "coordinates": [
          [
            [
              21.4203734,
              41.9950443
            ],
            [
              21.4203974,
              41.995047
            ],
            [
              21.420914,
              41.9951046
            ],
            [
              21.4209021,
              41.9951633
            ],
            [
              21.4207618,
              41.9951477
            ],
            [
              21.4207468,
              41.9952224
            ],
            [
              21.4203702,
              41.9951804
            ],
            [
              21.4203467,
              41.9951778
            ],
            [
              21.4203236,
              41.9952927
            ],
            [
              21.4201545,
              41.9952739
            ],
            [
              21.4202046,
              41.9950255
            ],
            [
              21.4202483,
              41.9950304
            ],
            [
              21.4203734,
              41.9950443
            ]
          ]
        ]
      },
      "id": "way/175516639"
    },
    {
      "type": "Feature",
      "properties": {
        "@id": "way/175519127",
        "addr:city": "Cкoпje",
        "addr:housenumber": "101",
        "addr:postcode": "1000",
        "addr:street": "Булевар Илинден",
        "amenity": "school",
        "email": "info@on.edu.mk",
        "name": "СУГС Гимназија \"Орце Николов\"",
        "phone": "+389 2 3065 555",
        "start_date": "1973",
        "website": "https://orcenikolov.edu.mk/"
      },
      "geometry": {
        "type": "Polygon",
        "coordinates": [
          [
            [
              21.4113334,
              42.0065117
            ],
            [
              21.4112281,
              42.0060943
            ],
            [
              21.4120515,
              42.0059639
            ],
            [
              21.4121753,
              42.0059327
            ],
            [
              21.412435,
              42.0058928
            ],
            [
              21.4128519,
              42.0058397
            ],
            [
              21.4129674,
              42.0058282
            ],
            [
              21.4131196,
              42.0058142
            ],
            [
              21.4131659,
              42.00581
            ],
            [
              21.4132864,
              42.0057989
            ],
            [
              21.4134485,
              42.0057884
            ],
            [
              21.4136811,
              42.005783
            ],
            [
              21.4137312,
              42.0063766
            ],
            [
              21.413228,
              42.0064057
            ],
            [
              21.4129956,
              42.0064186
            ],
            [
              21.4122809,
              42.0064587
            ],
            [
              21.4121861,
              42.0064645
            ],
            [
              21.4121686,
              42.0064659
            ],
            [
              21.4121478,
              42.0064669
            ],
            [
              21.4120867,
              42.0064706
            ],
            [
              21.4117737,
              42.0064884
            ],
            [
              21.4116903,
              42.0064932
            ],
            [
              21.4113334,
              42.0065117
            ]
          ]
        ]
      },
      "id": "way/175519127"
    },
    {
      "type": "Feature",
      "properties": {
        "@id": "way/175884915",
        "addr:city": "Cкoпje",
        "addr:housenumber": "7",
        "addr:postcode": "1000",
        "addr:street": "Коста Абрашевиќ",
        "amenity": "school",
        "name": "ООУ Хасан Приштина",
        "name:en": "Hasan Prishtina Elementary school",
        "name:mk": "ООУ Хасан Приштина",
        "old_name": "ОУ Цветан Димов",
        "phone": "022621055",
        "website": "https://hasanprishtina.edu.mk/"
      },
      "geometry": {
        "type": "Polygon",
        "coordinates": [
          [
            [
              21.4419811,
              42.0109624
            ],
            [
              21.4419114,
              42.010781
            ],
            [
              21.4414529,
              42.0109187
            ],
            [
              21.4412578,
              42.0106867
            ],
            [
              21.4410009,
              42.0104525
            ],
            [
              21.4413398,
              42.0102376
            ],
            [
              21.441898,
              42.009928
            ],
            [
              21.4420831,
              42.0103605
            ],
            [
              21.4422816,
              42.0108328
            ],
            [
              21.4423111,
              42.0109086
            ],
            [
              21.4419811,
              42.0109624
            ]
          ]
        ]
      },
      "id": "way/175884915"
    },
    {
      "type": "Feature",
      "properties": {
        "@id": "way/175888054",
        "amenity": "school",
        "name": "ОУ Васил Главинов"
      },
      "geometry": {
        "type": "Polygon",
        "coordinates": [
          [
            [
              21.4321642,
              42.0138181
            ],
            [
              21.4323412,
              42.0135869
            ],
            [
              21.432529,
              42.0133199
            ],
            [
              21.4327701,
              42.0130014
            ],
            [
              21.4328294,
              42.0128815
            ],
            [
              21.4343271,
              42.01308
            ],
            [
              21.4341823,
              42.0139608
            ],
            [
              21.4321642,
              42.0138181
            ]
          ]
        ]
      },
      "id": "way/175888054"
    },
    {
      "type": "Feature",
      "properties": {
        "@id": "way/175889734",
        "amenity": "school",
        "name": "СУГС Цветан Димов"
      },
      "geometry": {
        "type": "Polygon",
        "coordinates": [
          [
            [
              21.4365095,
              42.0145395
            ],
            [
              21.4366624,
              42.0133338
            ],
            [
              21.4387114,
              42.0134928
            ],
            [
              21.438666,
              42.0137205
            ],
            [
              21.438489,
              42.0141967
            ],
            [
              21.4382717,
              42.0143741
            ],
            [
              21.4380984,
              42.0144281
            ],
            [
              21.4378891,
              42.0144588
            ],
            [
              21.4376937,
              42.0144735
            ],
            [
              21.437502,
              42.0144309
            ],
            [
              21.4373005,
              42.0144002
            ],
            [
              21.4372176,
              42.0144698
            ],
            [
              21.437113,
              42.0145216
            ],
            [
              21.4366854,
              42.0145466
            ],
            [
              21.4365095,
              42.0145395
            ]
          ]
        ]
      },
      "id": "way/175889734"
    },
    {
      "type": "Feature",
      "properties": {
        "@id": "way/175890712",
        "amenity": "school",
        "name": "ОУ Рајко Жинзифов"
      },
      "geometry": {
        "type": "Polygon",
        "coordinates": [
          [
            [
              21.4323977,
              42.0199835
            ],
            [
              21.4324862,
              42.0192444
            ],
            [
              21.4347279,
              42.0194
            ],
            [
              21.4343664,
              42.0201091
            ],
            [
              21.4323977,
              42.0199835
            ]
          ]
        ]
      },
      "id": "way/175890712"
    },
    {
      "type": "Feature",
      "properties": {
        "@id": "way/175892204",
        "addr:street": "Втора Македонска Бригада",
        "amenity": "hospital",
        "name": "Поликлиника Чаир"
      },
      "geometry": {
        "type": "Polygon",
        "coordinates": [
          [
            [
              21.4435739,
              42.0205297
            ],
            [
              21.4442932,
              42.0205316
            ],
            [
              21.4445748,
              42.0205256
            ],
            [
              21.4447805,
              42.0205468
            ],
            [
              21.4449628,
              42.0205745
            ],
            [
              21.4450295,
              42.0205952
            ],
            [
              21.4451097,
              42.0207212
            ],
            [
              21.4450672,
              42.0210862
            ],
            [
              21.4450326,
              42.0212612
            ],
            [
              21.4443996,
              42.0212702
            ],
            [
              21.4438721,
              42.0212749
            ],
            [
              21.4437406,
              42.0210696
            ],
            [
              21.4436092,
              42.0207628
            ],
            [
              21.4435739,
              42.0205297
            ]
          ]
        ]
      },
      "id": "way/175892204"
    },
    {
      "type": "Feature",
      "properties": {
        "@id": "way/175892208",
        "amenity": "school",
        "name": "ОУ Петар Здравковски Пенко"
      },
      "geometry": {
        "type": "Polygon",
        "coordinates": [
          [
            [
              21.4416673,
              42.0223768
            ],
            [
              21.4416539,
              42.0216495
            ],
            [
              21.4432444,
              42.0215558
            ],
            [
              21.4434617,
              42.0215977
            ],
            [
              21.4435977,
              42.0216527
            ],
            [
              21.4437353,
              42.0217431
            ],
            [
              21.4438444,
              42.0218858
            ],
            [
              21.44389,
              42.0219675
            ],
            [
              21.4440805,
              42.0223421
            ],
            [
              21.4416673,
              42.0223768
            ]
          ]
        ]
      },
      "id": "way/175892208"
    },
    {
      "type": "Feature",
      "properties": {
        "@id": "way/175896358",
        "amenity": "school",
        "name": "Завод за рехабилитација на деца и младинци „Топанско поле“"
      },
      "geometry": {
        "type": "Polygon",
        "coordinates": [
          [
            [
              21.4342404,
              42.0237994
            ],
            [
              21.4342913,
              42.0223747
            ],
            [
              21.4343718,
              42.022307
            ],
            [
              21.4350638,
              42.0222513
            ],
            [
              21.4366463,
              42.0221377
            ],
            [
              21.4366168,
              42.0229924
            ],
            [
              21.4366172,
              42.0232102
            ],
            [
              21.4366114,
              42.0238662
            ],
            [
              21.4342404,
              42.0237994
            ]
          ]
        ]
      },
      "id": "way/175896358"
    },
    {
      "type": "Feature",
      "properties": {
        "@id": "way/175896365",
        "amenity": "school",
        "name": "СУГС Зефљуш Марку"
      },
      "geometry": {
        "type": "Polygon",
        "coordinates": [
          [
            [
              21.4343369,
              42.0248933
            ],
            [
              21.4341921,
              42.0247977
            ],
            [
              21.4341653,
              42.02471
            ],
            [
              21.4342312,
              42.0238183
            ],
            [
              21.435839,
              42.0238572
            ],
            [
              21.4358658,
              42.0249053
            ],
            [
              21.4343369,
              42.0248933
            ]
          ]
        ]
      },
      "id": "way/175896365"
    },
    {
      "type": "Feature",
      "properties": {
        "@id": "way/175897525",
        "amenity": "school",
        "name": "ОУ Панајот Гиновски"
      },
      "geometry": {
        "type": "Polygon",
        "coordinates": [
          [
            [
              21.4517906,
              42.0214576
            ],
            [
              21.4508707,
              42.0208337
            ],
            [
              21.4513405,
              42.020187
            ],
            [
              21.4525538,
              42.0206669
            ],
            [
              21.4527146,
              42.02069
            ],
            [
              21.4525538,
              42.0208534
            ],
            [
              21.4522317,
              42.0211343
            ],
            [
              21.4517906,
              42.0214576
            ]
          ]
        ]
      },
      "id": "way/175897525"
    },
    {
      "type": "Feature",
      "properties": {
        "@id": "way/175898988",
        "addr:street": "Булевар Цветан Димов",
        "amenity": "school",
        "name": "ОУ Лирија"
      },
      "geometry": {
        "type": "Polygon",
        "coordinates": [
          [
            [
              21.4435347,
              42.0084108
            ],
            [
              21.4443254,
              42.0083556
            ],
            [
              21.4445346,
              42.0080247
            ],
            [
              21.4453071,
              42.0080188
            ],
            [
              21.4453827,
              42.0090545
            ],
            [
              21.443786,
              42.0090954
            ],
            [
              21.4437752,
              42.0090549
            ],
            [
              21.4437431,
              42.0090596
            ],
            [
              21.4435347,
              42.0084108
            ]
          ]
        ]
      },
      "id": "way/175898988"
    },
    {
      "type": "Feature",
      "properties": {
        "@id": "way/175903378",
        "amenity": "school",
        "name": "ОУ Тефјуз"
      },
      "geometry": {
        "type": "Polygon",
        "coordinates": [
          [
            [
              21.4429566,
              42.0054138
            ],
            [
              21.4429573,
              42.0051287
            ],
            [
              21.4428171,
              42.0043635
            ],
            [
              21.4428372,
              42.0043253
            ],
            [
              21.4434234,
              42.0042994
            ],
            [
              21.443459,
              42.0046982
            ],
            [
              21.4435407,
              42.0049177
            ],
            [
              21.4435904,
              42.0054317
            ],
            [
              21.4429566,
              42.0054138
            ]
          ]
        ]
      },
      "id": "way/175903378"
    },
    {
      "type": "Feature",
      "properties": {
        "@id": "way/175905539",
        "addr:city": "Cкoпje",
        "addr:city:en": "Skopje",
        "addr:country": "MK",
        "addr:housenumber": "3",
        "addr:postcode": "1000",
        "addr:street": "Коста Абрашевиќ",
        "amenity": "hospital",
        "building": "yes",
        "contact:phone": "+38922600801",
        "healthcare": "hospital",
        "name": "Гинеколошко акушерска болница-Чаир ''Мајка Тереза'''"
      },
      "geometry": {
        "type": "Polygon",
        "coordinates": [
          [
            [
              21.4392894,
              42.0111478
            ],
            [
              21.4393627,
              42.0103688
            ],
            [
              21.4399949,
              42.0104016
            ],
            [
              21.4399622,
              42.0108637
            ],
            [
              21.4400436,
              42.0108768
            ],
            [
              21.4400848,
              42.0109288
            ],
            [
              21.4401011,
              42.0109982
            ],
            [
              21.4400539,
              42.0109957
            ],
            [
              21.4399839,
              42.0112531
            ],
            [
              21.4397971,
              42.0112401
            ],
            [
              21.4398204,
              42.0109892
            ],
            [
              21.439507,
              42.0109674
            ],
            [
              21.439489,
              42.0111582
            ],
            [
              21.4392894,
              42.0111478
            ]
          ]
        ]
      },
      "id": "way/175905539"
    },
    {
      "type": "Feature",
      "properties": {
        "@id": "way/175912096",
        "addr:street": "Втора Македонска Бригада",
        "amenity": "school",
        "name": "ОУ Иднина"
      },
      "geometry": {
        "type": "Polygon",
        "coordinates": [
          [
            [
              21.4451568,
              42.0212529
            ],
            [
              21.4452346,
              42.0204897
            ],
            [
              21.4454358,
              42.0204997
            ],
            [
              21.4454358,
              42.0203762
            ],
            [
              21.4472382,
              42.0203742
            ],
            [
              21.4472487,
              42.0212842
            ],
            [
              21.4451568,
              42.0212529
            ]
          ]
        ]
      },
      "id": "way/175912096"
    },
    {
      "type": "Feature",
      "properties": {
        "@id": "way/175912099",
        "addr:city": "Cкoпje",
        "addr:city:en": "Skopje",
        "addr:postcode": "1000",
        "addr:street": "Булевар Христијан Тодоровски Карпош",
        "amenity": "townhall",
        "name": "Општина Чаир",
        "name:sh": "Komuna e Çairit"
      },
      "geometry": {
        "type": "Polygon",
        "coordinates": [
          [
            [
              21.4475493,
              42.02041
            ],
            [
              21.4484667,
              42.0203821
            ],
            [
              21.4486403,
              42.0208789
            ],
            [
              21.4475487,
              42.020892
            ],
            [
              21.4475493,
              42.02041
            ]
          ]
        ]
      },
      "id": "way/175912099"
    },
    {
      "type": "Feature",
      "properties": {
        "@id": "way/175912102",
        "addr:city": "Cкoпje",
        "addr:housenumber": "29",
        "addr:postcode": "1000",
        "addr:street": "Ferid Zairi",
        "amenity": "school",
        "name": "ООУ Имри Елези",
        "name:en": "OOU Imri Elezi",
        "name:mk": "ООУ Имри Елези",
        "old_name": "ОУ Никола Вапцаров"
      },
      "geometry": {
        "type": "Polygon",
        "coordinates": [
          [
            [
              21.4405006,
              42.0156893
            ],
            [
              21.4408784,
              42.0155871
            ],
            [
              21.4417987,
              42.0156096
            ],
            [
              21.4417155,
              42.0160122
            ],
            [
              21.4413718,
              42.0161035
            ],
            [
              21.441332,
              42.0165103
            ],
            [
              21.440797,
              42.0164813
            ],
            [
              21.4406183,
              42.0164562
            ],
            [
              21.4405075,
              42.016402
            ],
            [
              21.440514,
              42.0163163
            ],
            [
              21.4403746,
              42.0161636
            ],
            [
              21.4405327,
              42.0159125
            ],
            [
              21.4405006,
              42.0156893
            ]
          ]
        ]
      },
      "id": "way/175912102"
    },
    {
      "type": "Feature",
      "properties": {
        "@id": "way/175915277",
        "addr:housename": "124",
        "addr:street": "Прохор Пчински",
        "amenity": "school",
        "name": "ОУ Јашар Беј Шкупи"
      },
      "geometry": {
        "type": "Polygon",
        "coordinates": [
          [
            [
              21.4357719,
              42.0055851
            ],
            [
              21.4359114,
              42.005318
            ],
            [
              21.4359221,
              42.0048079
            ],
            [
              21.4365747,
              42.0048095
            ],
            [
              21.4366248,
              42.0048338
            ],
            [
              21.4366927,
              42.0048912
            ],
            [
              21.4367455,
              42.0049313
            ],
            [
              21.4367571,
              42.0050925
            ],
            [
              21.4367053,
              42.0051586
            ],
            [
              21.4366838,
              42.0053599
            ],
            [
              21.436547,
              42.0053698
            ],
            [
              21.4365524,
              42.0054775
            ],
            [
              21.4363149,
              42.0054751
            ],
            [
              21.4363145,
              42.0056545
            ],
            [
              21.4357719,
              42.0055851
            ]
          ]
        ]
      },
      "id": "way/175915277"
    },
    {
      "type": "Feature",
      "properties": {
        "@id": "way/176156176",
        "addr:city": "Cкoпje",
        "addr:city:en": "Skopje",
        "addr:country": "MK",
        "addr:postcode": "1000",
        "addr:street": "Скупи",
        "amenity": "hospital",
        "building": "yes",
        "building:levels": "6",
        "email": "callcenter@acibademsistina.mk",
        "healthcare": "hospital",
        "name": "Acibadem Sistina Hospital",
        "name:en": "Acibadem Sistina Hospital",
        "name:sq": "spitali sistina",
        "operator": "Acıbadem",
        "operator:wikidata": "Q19610384",
        "operator:wikipedia": "en:Acıbadem Healthcare Group",
        "phone": "+389 2 3099500",
        "website": "https://www.acibademsistina.mk/"
      },
      "geometry": {
        "type": "Polygon",
        "coordinates": [
          [
            [
              21.4036674,
              42.014259
            ],
            [
              21.4036105,
              42.0138205
            ],
            [
              21.4036746,
              42.0138128
            ],
            [
              21.4039347,
              42.0137998
            ],
            [
              21.4039938,
              42.0137739
            ],
            [
              21.4043447,
              42.0137285
            ],
            [
              21.4041292,
              42.0139314
            ],
            [
              21.4040903,
              42.0139891
            ],
            [
              21.4040997,
              42.0142027
            ],
            [
              21.4040253,
              42.014247
            ],
            [
              21.4039744,
              42.0142506
            ],
            [
              21.4039812,
              42.0143032
            ],
            [
              21.4037451,
              42.0143201
            ],
            [
              21.4037366,
              42.0142541
            ],
            [
              21.4036674,
              42.014259
            ]
          ]
        ]
      },
      "id": "way/176156176"
    },
    {
      "type": "Feature",
      "properties": {
        "@id": "way/176173911",
        "amenity": "hospital",
        "name": "Завод за физикална медицина и рехабилитација"
      },
      "geometry": {
        "type": "Polygon",
        "coordinates": [
          [
            [
              21.4128116,
              41.9923807
            ],
            [
              21.412198,
              41.9917396
            ],
            [
              21.4133865,
              41.9908051
            ],
            [
              21.4143907,
              41.9906414
            ],
            [
              21.4147691,
              41.9913922
            ],
            [
              21.4147845,
              41.9916376
            ],
            [
              21.4147056,
              41.9918273
            ],
            [
              21.4135793,
              41.9921522
            ],
            [
              21.4134556,
              41.9922255
            ],
            [
              21.4128116,
              41.9923807
            ]
          ]
        ]
      },
      "id": "way/176173911"
    },
    {
      "type": "Feature",
      "properties": {
        "@id": "way/176293213",
        "amenity": "hospital",
        "name": "Амбуланта Бутел"
      },
      "geometry": {
        "type": "Polygon",
        "coordinates": [
          [
            [
              21.4454815,
              42.0309781
            ],
            [
              21.445334,
              42.0304847
            ],
            [
              21.4459402,
              42.0304149
            ],
            [
              21.4460448,
              42.0309143
            ],
            [
              21.4454815,
              42.0309781
            ]
          ]
        ]
      },
      "id": "way/176293213"
    },
    {
      "type": "Feature",
      "properties": {
        "@id": "way/176293228",
        "addr:city": "Cкoпje",
        "addr:housenumber": "4",
        "addr:postcode": "1000",
        "addr:street": "Бутелска",
        "amenity": "townhall",
        "name": "Општина Бутел"
      },
      "geometry": {
        "type": "Polygon",
        "coordinates": [
          [
            [
              21.4455968,
              42.0314925
            ],
            [
              21.4454952,
              42.0310249
            ],
            [
              21.4460345,
              42.0309548
            ],
            [
              21.4461595,
              42.0314286
            ],
            [
              21.4455968,
              42.0314925
            ]
          ]
        ]
      },
      "id": "way/176293228"
    },
    {
      "type": "Feature",
      "properties": {
        "@id": "way/176295164",
        "amenity": "school",
        "name": "ОУ Живко Брајковски"
      },
      "geometry": {
        "type": "Polygon",
        "coordinates": [
          [
            [
              21.4462218,
              42.0316196
            ],
            [
              21.4459509,
              42.0304309
            ],
            [
              21.4476917,
              42.0302237
            ],
            [
              21.4478223,
              42.0309676
            ],
            [
              21.4478533,
              42.0310353
            ],
            [
              21.4468238,
              42.031125
            ],
            [
              21.4468686,
              42.0315441
            ],
            [
              21.4465344,
              42.0315797
            ],
            [
              21.4462218,
              42.0316196
            ]
          ]
        ]
      },
      "id": "way/176295164"
    },
    {
      "type": "Feature",
      "properties": {
        "@id": "way/176504900",
        "amenity": "school",
        "barrier": "fence",
        "check_date": "2024-06-06",
        "fence_type": "metal",
        "name": "ОУ Војдан Чернодрински"
      },
      "geometry": {
        "type": "Polygon",
        "coordinates": [
          [
            [
              21.4091443,
              41.99916
            ],
            [
              21.4090193,
              41.9986163
            ],
            [
              21.4093461,
              41.9985748
            ],
            [
              21.4111293,
              41.9983485
            ],
            [
              21.4112553,
              41.9987908
            ],
            [
              21.4112853,
              41.9988959
            ],
            [
              21.4103945,
              41.9990026
            ],
            [
              21.4102264,
              41.9990228
            ],
            [
              21.4101978,
              41.9990263
            ],
            [
              21.4091443,
              41.99916
            ]
          ]
        ]
      },
      "id": "way/176504900"
    },
    {
      "type": "Feature",
      "properties": {
        "@id": "way/176513052",
        "amenity": "school",
        "barrier": "fence",
        "fence_type": "bars",
        "name": "СУГС Георги Димитров"
      },
      "geometry": {
        "type": "Polygon",
        "coordinates": [
          [
            [
              21.400923,
              42.0002936
            ],
            [
              21.4007611,
              41.9996118
            ],
            [
              21.4011996,
              41.9995543
            ],
            [
              21.4011384,
              41.9992965
            ],
            [
              21.4018771,
              41.9991996
            ],
            [
              21.4025306,
              41.9991139
            ],
            [
              21.4025875,
              41.9993535
            ],
            [
              21.402877,
              41.9993156
            ],
            [
              21.4030433,
              42.0000155
            ],
            [
              21.400923,
              42.0002936
            ]
          ]
        ]
      },
      "id": "way/176513052"
    },
    {
      "type": "Feature",
      "properties": {
        "@id": "way/176720023",
        "amenity": "school",
        "email": "htkarpos@gmail.com",
        "name": "ОУ Христијан Тодоровски Карпош",
        "phone": "+389 (02) 3067-407",
        "website": "https://oouhtkarpos.edu.mk/"
      },
      "geometry": {
        "type": "Polygon",
        "coordinates": [
          [
            [
              21.4121102,
              42.0049155
            ],
            [
              21.4120789,
              42.0047835
            ],
            [
              21.4120736,
              42.0047612
            ],
            [
              21.4119044,
              42.0040468
            ],
            [
              21.4119316,
              42.0040432
            ],
            [
              21.4119843,
              42.0040362
            ],
            [
              21.4122949,
              42.003995
            ],
            [
              21.4128173,
              42.0039257
            ],
            [
              21.4128323,
              42.0039209
            ],
            [
              21.4137111,
              42.0036416
            ],
            [
              21.4139067,
              42.0038601
            ],
            [
              21.4140034,
              42.0038315
            ],
            [
              21.4140515,
              42.0038173
            ],
            [
              21.4141737,
              42.003977
            ],
            [
              21.4140434,
              42.0040345
            ],
            [
              21.4142904,
              42.0043622
            ],
            [
              21.4144,
              42.0045289
            ],
            [
              21.414101,
              42.0046227
            ],
            [
              21.4137878,
              42.004687
            ],
            [
              21.4135661,
              42.004717
            ],
            [
              21.4135281,
              42.0047221
            ],
            [
              21.4133699,
              42.0047457
            ],
            [
              21.4133387,
              42.0047504
            ],
            [
              21.4130054,
              42.0047952
            ],
            [
              21.4123777,
              42.0048795
            ],
            [
              21.4121102,
              42.0049155
            ]
          ]
        ]
      },
      "id": "way/176720023"
    },
    {
      "type": "Feature",
      "properties": {
        "@id": "way/176720024",
        "addr:city": "Cкoпje",
        "addr:city:en": "Skopje",
        "addr:country": "MK",
        "addr:postcode": "1000",
        "amenity": "school",
        "building": "yes",
        "email": "info@csj.com.mk",
        "name": "Центар за странски јазици",
        "name:en": "Center for Foreign Languages",
        "phone": "+389 (0)2 306 77 83",
        "phone_2": "+389 (0)2 306 31 38",
        "website": "https://www.csj.com.mk/"
      },
      "geometry": {
        "type": "Polygon",
        "coordinates": [
          [
            [
              21.4134194,
              42.0046552
            ],
            [
              21.4133969,
              42.0045579
            ],
            [
              21.414105,
              42.0044674
            ],
            [
              21.4141275,
              42.0045648
            ],
            [
              21.4139586,
              42.0045864
            ],
            [
              21.4134194,
              42.0046552
            ]
          ]
        ]
      },
      "id": "way/176720024"
    },
    {
      "type": "Feature",
      "properties": {
        "@id": "way/176950874",
        "amenity": "hospital",
        "name": "Центар замедицинска рехабилитација Катлановска Бања"
      },
      "geometry": {
        "type": "Polygon",
        "coordinates": [
          [
            [
              21.6928051,
              41.8984559
            ],
            [
              21.6928695,
              41.8980526
            ],
            [
              21.6934113,
              41.8973698
            ],
            [
              21.6940229,
              41.8969625
            ],
            [
              21.6944778,
              41.8971462
            ],
            [
              21.694054,
              41.897837
            ],
            [
              21.6933673,
              41.8986396
            ],
            [
              21.6931742,
              41.8984998
            ],
            [
              21.6928051,
              41.8984559
            ]
          ]
        ]
      },
      "id": "way/176950874"
    },
    {
      "type": "Feature",
      "properties": {
        "@id": "way/177029322",
        "addr:city": "Cкoпje",
        "addr:city:en": "Skopje",
        "addr:country": "MK",
        "addr:housenumber": "27",
        "addr:postcode": "1000",
        "addr:street": "Прашка",
        "addr:street:en": "Prashka",
        "amenity": "school",
        "fax": "+389 2 3076 299",
        "name": "Меѓународни Училишта НОВА (основно училиште)",
        "name:en": "NOVA International Schools (Elementary & Middle School)",
        "phone": "+389 2 3061 807",
        "surveillance": "outdoor",
        "surveillance:type": "camera;guard",
        "surveillance:zone": "building",
        "website": "https://www.nova.edu.mk/",
        "wikipedia": "en:Nova International Schools"
      },
      "geometry": {
        "type": "Polygon",
        "coordinates": [
          [
            [
              21.3939809,
              41.9990822
            ],
            [
              21.3937429,
              41.9981679
            ],
            [
              21.3937429,
              41.9981678
            ],
            [
              21.3941962,
              41.9981142
            ],
            [
              21.3944807,
              41.998156
            ],
            [
              21.3946604,
              41.9986185
            ],
            [
              21.3947614,
              41.9989854
            ],
            [
              21.3942735,
              41.9990424
            ],
            [
              21.3939809,
              41.9990822
            ]
          ]
        ]
      },
      "id": "way/177029322"
    },
    {
      "type": "Feature",
      "properties": {
        "@id": "way/177120437",
        "amenity": "school",
        "name": "ОУ Димитар Беровски"
      },
      "geometry": {
        "type": "Polygon",
        "coordinates": [
          [
            [
              21.356769,
              42.0035762
            ],
            [
              21.3564154,
              42.0035849
            ],
            [
              21.356478,
              42.0025416
            ],
            [
              21.3566818,
              42.0023582
            ],
            [
              21.3569125,
              42.0023822
            ],
            [
              21.3576901,
              42.0027304
            ],
            [
              21.3580216,
              42.0029877
            ],
            [
              21.3585064,
              42.0036011
            ],
            [
              21.3585475,
              42.0036565
            ],
            [
              21.3579563,
              42.0037696
            ],
            [
              21.3574601,
              42.0038373
            ],
            [
              21.3569203,
              42.0038728
            ],
            [
              21.356789,
              42.0038758
            ],
            [
              21.356769,
              42.0035762
            ]
          ]
        ]
      },
      "id": "way/177120437"
    },
    {
      "type": "Feature",
      "properties": {
        "@id": "way/177122241",
        "amenity": "school",
        "name": "СУГС Кочо Рацин"
      },
      "geometry": {
        "type": "Polygon",
        "coordinates": [
          [
            [
              21.3625932,
              42.0052094
            ],
            [
              21.3628392,
              42.0046593
            ],
            [
              21.3629168,
              42.0043941
            ],
            [
              21.3630444,
              42.0039679
            ],
            [
              21.363264,
              42.00334
            ],
            [
              21.365031,
              42.0051064
            ],
            [
              21.3646861,
              42.005399
            ],
            [
              21.3625932,
              42.0052094
            ]
          ]
        ]
      },
      "id": "way/177122241"
    },
    {
      "type": "Feature",
      "properties": {
        "@id": "way/177404394",
        "amenity": "hospital",
        "building": "yes",
        "healthcare": "hospital",
        "name": "Поликлиника Ченто"
      },
      "geometry": {
        "type": "Polygon",
        "coordinates": [
          [
            [
              21.503974,
              42.005654
            ],
            [
              21.5040846,
              42.0054433
            ],
            [
              21.5041815,
              42.0052586
            ],
            [
              21.5043183,
              42.0052982
            ],
            [
              21.5042383,
              42.0054507
            ],
            [
              21.5044851,
              42.0055222
            ],
            [
              21.5045436,
              42.0054107
            ],
            [
              21.5046805,
              42.0054504
            ],
            [
              21.5045249,
              42.0057468
            ],
            [
              21.5043894,
              42.0057075
            ],
            [
              21.5044307,
              42.0056287
            ],
            [
              21.5043788,
              42.0056146
            ],
            [
              21.5041905,
              42.0055591
            ],
            [
              21.5041187,
              42.0056959
            ],
            [
              21.503974,
              42.005654
            ]
          ]
        ]
      },
      "id": "way/177404394"
    },
    {
      "type": "Feature",
      "properties": {
        "@id": "way/177405949",
        "amenity": "school",
        "int_name": "DUCOR Partenijа Zografski",
        "name": "ДУЦОР Партенија Зографски",
        "name:mk": "ДУЦОР Партенија Зографски"
      },
      "geometry": {
        "type": "Polygon",
        "coordinates": [
          [
            [
              21.4814899,
              42.0037373
            ],
            [
              21.4808465,
              42.0025057
            ],
            [
              21.4820454,
              42.0020678
            ],
            [
              21.4826325,
              42.0033269
            ],
            [
              21.4814899,
              42.0037373
            ]
          ]
        ]
      },
      "id": "way/177405949"
    },
    {
      "type": "Feature",
      "properties": {
        "@id": "way/177461982",
        "amenity": "school",
        "name": "ОУ Климент Охридски"
      },
      "geometry": {
        "type": "Polygon",
        "coordinates": [
          [
            [
              21.5258329,
              41.931572
            ],
            [
              21.5257739,
              41.9310572
            ],
            [
              21.5251382,
              41.9302351
            ],
            [
              21.5265651,
              41.9295068
            ],
            [
              21.5268104,
              41.9297125
            ],
            [
              21.5271601,
              41.9300058
            ],
            [
              21.5273028,
              41.9301254
            ],
            [
              21.5271552,
              41.930277
            ],
            [
              21.5271572,
              41.9302887
            ],
            [
              21.5272721,
              41.9309598
            ],
            [
              21.52731,
              41.9311812
            ],
            [
              21.5273403,
              41.9313585
            ],
            [
              21.5271959,
              41.931379
            ],
            [
              21.5258329,
              41.931572
            ]
          ]
        ]
      },
      "id": "way/177461982"
    },
    {
      "type": "Feature",
      "properties": {
        "@id": "way/177490035",
        "amenity": "school",
        "name": "СУГС Браќа Миладиновци"
      },
      "geometry": {
        "type": "Polygon",
        "coordinates": [
          [
            [
              21.5224141,
              41.9361705
            ],
            [
              21.5222176,
              41.9358779
            ],
            [
              21.521899,
              41.9359264
            ],
            [
              21.521869,
              41.9357838
            ],
            [
              21.5218198,
              41.9356124
            ],
            [
              21.5221827,
              41.9355487
            ],
            [
              21.5221559,
              41.9354629
            ],
            [
              21.5221409,
              41.9353878
            ],
            [
              21.5220343,
              41.9350458
            ],
            [
              21.5226827,
              41.9349173
            ],
            [
              21.522798,
              41.935132
            ],
            [
              21.5231753,
              41.9349974
            ],
            [
              21.5231555,
              41.9348015
            ],
            [
              21.5234165,
              41.9347363
            ],
            [
              21.5235141,
              41.9348886
            ],
            [
              21.5237191,
              41.9352085
            ],
            [
              21.5239707,
              41.9356331
            ],
            [
              21.5224141,
              41.9361705
            ]
          ]
        ]
      },
      "id": "way/177490035"
    },
    {
      "type": "Feature",
      "properties": {
        "@id": "way/177490041",
        "amenity": "school",
        "name": "ОУ Рајко Жинзифов"
      },
      "geometry": {
        "type": "Polygon",
        "coordinates": [
          [
            [
              21.5091359,
              41.941679
            ],
            [
              21.5086645,
              41.9409235
            ],
            [
              21.510752,
              41.9402028
            ],
            [
              21.5112234,
              41.9409583
            ],
            [
              21.5091359,
              41.941679
            ]
          ]
        ]
      },
      "id": "way/177490041"
    },
    {
      "type": "Feature",
      "properties": {
        "@id": "way/177490044",
        "amenity": "school",
        "name": "ОУ Кузман Шапкарев"
      },
      "geometry": {
        "type": "Polygon",
        "coordinates": [
          [
            [
              21.5217891,
              41.9421425
            ],
            [
              21.5208824,
              41.9406758
            ],
            [
              21.5215645,
              41.9404425
            ],
            [
              21.5221982,
              41.9414675
            ],
            [
              21.5229677,
              41.9412043
            ],
            [
              21.5232408,
              41.941646
            ],
            [
              21.5217891,
              41.9421425
            ]
          ]
        ]
      },
      "id": "way/177490044"
    },
    {
      "type": "Feature",
      "properties": {
        "@id": "way/179417714",
        "amenity": "school",
        "name": "Средно Богословско Училиште ,,Св.Климент Охридски”"
      },
      "geometry": {
        "type": "Polygon",
        "coordinates": [
          [
            [
              21.5250256,
              41.9312528
            ],
            [
              21.5247466,
              41.9309016
            ],
            [
              21.5245267,
              41.9309016
            ],
            [
              21.5242692,
              41.9305624
            ],
            [
              21.524988,
              41.9301513
            ],
            [
              21.5257337,
              41.9310333
            ],
            [
              21.5252342,
              41.9311881
            ],
            [
              21.5250256,
              41.9312528
            ]
          ]
        ]
      },
      "id": "way/179417714"
    },
    {
      "type": "Feature",
      "properties": {
        "@id": "way/179481461",
        "addr:city": "Скопје",
        "addr:housenumber": "95",
        "addr:postcode": "1000",
        "addr:street": "Булевар Февруарски Поход",
        "amenity": "school",
        "name": "ОУ Лазо Ангеловски",
        "name:en": "OU Lazo Angelovski"
      },
      "geometry": {
        "type": "Polygon",
        "coordinates": [
          [
            [
              21.4796394,
              41.9839404
            ],
            [
              21.4791754,
              41.9833781
            ],
            [
              21.4794114,
              41.9832565
            ],
            [
              21.479128,
              41.9829328
            ],
            [
              21.4805165,
              41.9822875
            ],
            [
              21.4812067,
              41.9830983
            ],
            [
              21.4800614,
              41.9836207
            ],
            [
              21.4801329,
              41.9837091
            ],
            [
              21.4796394,
              41.9839404
            ]
          ]
        ]
      },
      "id": "way/179481461"
    },
    {
      "type": "Feature",
      "properties": {
        "@id": "way/179747888",
        "amenity": "hospital",
        "healthcare": "hospital",
        "name": "Центар за Јавно Здравје - Пролет"
      },
      "geometry": {
        "type": "Polygon",
        "coordinates": [
          [
            [
              21.4414171,
              41.98789
            ],
            [
              21.4409756,
              41.9874155
            ],
            [
              21.4411253,
              41.9873245
            ],
            [
              21.4413301,
              41.9872329
            ],
            [
              21.4414511,
              41.9871532
            ],
            [
              21.4415152,
              41.9871324
            ],
            [
              21.4416355,
              41.9873102
            ],
            [
              21.4417629,
              41.9873198
            ],
            [
              21.4420179,
              41.9876245
            ],
            [
              21.4414171,
              41.98789
            ]
          ]
        ]
      },
      "id": "way/179747888"
    },
    {
      "type": "Feature",
      "properties": {
        "@id": "way/179747905",
        "addr:street": "Булевар 3та Македонска Бригада",
        "amenity": "school",
        "barrier": "fence",
        "check_date": "2024-08-09",
        "fence_type": "metal",
        "name": "С.У.Г.С. Владо Тасевски",
        "old_name": "ПТТ"
      },
      "geometry": {
        "type": "Polygon",
        "coordinates": [
          [
            [
              21.4611097,
              41.9787206
            ],
            [
              21.4603846,
              41.9778817
            ],
            [
              21.4608404,
              41.9774937
            ],
            [
              21.4609414,
              41.9774408
            ],
            [
              21.4616583,
              41.9771364
            ],
            [
              21.4623157,
              41.9779113
            ],
            [
              21.4617569,
              41.9781738
            ],
            [
              21.4619058,
              41.9783571
            ],
            [
              21.461779,
              41.9784157
            ],
            [
              21.4617645,
              41.9784225
            ],
            [
              21.4611097,
              41.9787206
            ]
          ]
        ]
      },
      "id": "way/179747905"
    },
    {
      "type": "Feature",
      "properties": {
        "@id": "way/179790349",
        "amenity": "school",
        "name": "ОУ Невена Георгиева Дуња"
      },
      "geometry": {
        "type": "Polygon",
        "coordinates": [
          [
            [
              21.4446016,
              41.981187
            ],
            [
              21.4440812,
              41.9805251
            ],
            [
              21.4458086,
              41.9796318
            ],
            [
              21.446407,
              41.980353
            ],
            [
              21.4454795,
              41.9807814
            ],
            [
              21.4451837,
              41.980918
            ],
            [
              21.4446016,
              41.981187
            ]
          ]
        ]
      },
      "id": "way/179790349"
    },
    {
      "type": "Feature",
      "properties": {
        "@id": "way/182277628",
        "addr:city": "Cкoпje",
        "addr:city:en": "Skopje",
        "addr:country": "MK",
        "addr:housenumber": "3",
        "addr:postcode": "1000",
        "addr:street": "Иван Аговски",
        "amenity": "police",
        "building": "no",
        "int_name": "Policiska Stanica Karpoš 1",
        "name": "Полициска Станица Карпош 1",
        "name:en": "Police Station Karposh 1",
        "phone": "+38923068008"
      },
      "geometry": {
        "type": "Polygon",
        "coordinates": [
          [
            [
              21.4110387,
              42.002482
            ],
            [
              21.4109433,
              42.0021261
            ],
            [
              21.4113246,
              42.0020697
            ],
            [
              21.41142,
              42.0024256
            ],
            [
              21.4110387,
              42.002482
            ]
          ]
        ]
      },
      "id": "way/182277628"
    },
    {
      "type": "Feature",
      "properties": {
        "@id": "way/182458592",
        "addr:housenumber": "131",
        "addr:street": "4 Јули",
        "amenity": "school",
        "int_name": "OU Ǵorče Petrov",
        "name": "ОУ Ѓорче Петров",
        "name:en": "Gjorche Petrov"
      },
      "geometry": {
        "type": "Polygon",
        "coordinates": [
          [
            [
              21.335853,
              42.00822
            ],
            [
              21.335967,
              42.0075842
            ],
            [
              21.3362835,
              42.0076062
            ],
            [
              21.3364632,
              42.0074607
            ],
            [
              21.3365007,
              42.0072255
            ],
            [
              21.3378526,
              42.0072335
            ],
            [
              21.3378071,
              42.0076325
            ],
            [
              21.3376139,
              42.0078533
            ],
            [
              21.3374154,
              42.0083575
            ],
            [
              21.336199,
              42.0082519
            ],
            [
              21.335853,
              42.00822
            ]
          ]
        ]
      },
      "id": "way/182458592"
    },
    {
      "type": "Feature",
      "properties": {
        "@id": "way/183794311",
        "amenity": "school",
        "int_name": "OU Sv. Kliment Ohridski",
        "name": "ОУ Св. Климент Охридски",
        "name:en": "OU Sv. Kliment Ohridski"
      },
      "geometry": {
        "type": "Polygon",
        "coordinates": [
          [
            [
              22.3334669,
              41.8842334
            ],
            [
              22.3341535,
              41.8833828
            ],
            [
              22.334749,
              41.8837702
            ],
            [
              22.3344432,
              41.8840657
            ],
            [
              22.3342608,
              41.8844012
            ],
            [
              22.3340194,
              41.8843413
            ],
            [
              22.3334669,
              41.8842334
            ]
          ]
        ]
      },
      "id": "way/183794311"
    },
    {
      "type": "Feature",
      "properties": {
        "@id": "way/183837444",
        "addr:housename": "95",
        "addr:street": "Тодосија Паунов",
        "amenity": "school",
        "int_name": "OU Malina Popivanova",
        "name": "ОУ Малина Попиванова",
        "name:en": "OU Malina Popivanova",
        "wikidata": "Q12909086",
        "wikimedia_commons": "Category:Malina Popivanova Elementary School",
        "wikipedia": "mk:ОУ „Малина Попиванова“ - Кочани"
      },
      "geometry": {
        "type": "Polygon",
        "coordinates": [
          [
            [
              22.4209216,
              41.9145725
            ],
            [
              22.4216726,
              41.9137182
            ],
            [
              22.4227723,
              41.9142971
            ],
            [
              22.421753,
              41.9149876
            ],
            [
              22.4209216,
              41.9145725
            ]
          ]
        ]
      },
      "id": "way/183837444"
    },
    {
      "type": "Feature",
      "properties": {
        "@id": "way/184153080",
        "amenity": "courthouse",
        "building": "office",
        "int_name": "Osnoven Sud Kočani",
        "name": "Основен Суд Кочани",
        "name:en": "Primary Court Kochani",
        "wikidata": "Q108559050",
        "wikipedia": "mk:Основен суд Кочани"
      },
      "geometry": {
        "type": "Polygon",
        "coordinates": [
          [
            [
              22.4115099,
              41.913508
            ],
            [
              22.4114124,
              41.9134018
            ],
            [
              22.41176,
              41.9132251
            ],
            [
              22.4118575,
              41.9133313
            ],
            [
              22.4115099,
              41.913508
            ]
          ]
        ]
      },
      "id": "way/184153080"
    },
    {
      "type": "Feature",
      "properties": {
        "@id": "way/184154770",
        "addr:city": "Кочани",
        "addr:housenumber": "1",
        "addr:postcode": "2300",
        "addr:street": "Раде Кратовче",
        "amenity": "townhall",
        "building": "public",
        "name": "Општина Кочани",
        "name:en": "Municipality of Kochani",
        "townhall:type": "municipality",
        "website": "https://kocani.gov.mk/"
      },
      "geometry": {
        "type": "Polygon",
        "coordinates": [
          [
            [
              22.4113491,
              41.9215771
            ],
            [
              22.4109651,
              41.921524
            ],
            [
              22.4109754,
              41.921417
            ],
            [
              22.4115046,
              41.9214007
            ],
            [
              22.411497,
              41.9215746
            ],
            [
              22.4113491,
              41.9215771
            ]
          ]
        ]
      },
      "id": "way/184154770"
    },
    {
      "type": "Feature",
      "properties": {
        "@id": "way/184305375",
        "amenity": "school",
        "int_name": "OU Krste Petkov Misirkov",
        "name": "ОУ Крсте Петков Мисирков",
        "name:en": "OU Krste Petkov Misirkov"
      },
      "geometry": {
        "type": "Polygon",
        "coordinates": [
          [
            [
              22.4442774,
              41.9252387
            ],
            [
              22.4441495,
              41.9247462
            ],
            [
              22.445051,
              41.9246129
            ],
            [
              22.4452229,
              41.9246496
            ],
            [
              22.4453114,
              41.9247674
            ],
            [
              22.4453887,
              41.9250654
            ],
            [
              22.4442774,
              41.9252387
            ]
          ]
        ]
      },
      "id": "way/184305375"
    },
    {
      "type": "Feature",
      "properties": {
        "@id": "way/185377843",
        "addr:city": "Cкoпje",
        "addr:city:en": "Skopje",
        "addr:country": "MK",
        "addr:housenumber": "56",
        "addr:postcode": "1000",
        "addr:street": "Петар Чаулев",
        "amenity": "hospital",
        "building": "public",
        "emergency": "ambulance_station",
        "name": "Амбуланта Влае"
      },
      "geometry": {
        "type": "Polygon",
        "coordinates": [
          [
            [
              21.375152,
              42.0075565
            ],
            [
              21.3750606,
              42.0073582
            ],
            [
              21.3751683,
              42.0073308
            ],
            [
              21.3751956,
              42.00739
            ],
            [
              21.3753991,
              42.0073382
            ],
            [
              21.3753753,
              42.0072866
            ],
            [
              21.3754708,
              42.0072623
            ],
            [
              21.3755573,
              42.00745
            ],
            [
              21.3754589,
              42.007475
            ],
            [
              21.3754175,
              42.0073851
            ],
            [
              21.3752205,
              42.0074353
            ],
            [
              21.3752633,
              42.0075282
            ],
            [
              21.375152,
              42.0075565
            ]
          ]
        ]
      },
      "id": "way/185377843"
    },
    {
      "type": "Feature",
      "properties": {
        "@id": "way/185635120",
        "addr:city": "Jasenovo",
        "addr:postcode": "1400",
        "amenity": "hospital",
        "emergency": "yes",
        "healthcare": "hospital",
        "healthcare:speciality": "internal;pulmonology",
        "int_name": "Specijalna bolnica za belodrobni zaboluvanja i tuberkuloaza Jasenovo",
        "name": "Специјална Болница за белодробни заболувања и туберкулоза Јасеново“",
        "name:en": "Special Hospital for Pulmonary Diseases and Tuberculosis Jasenovo",
        "phone": "+389 43 245 322",
        "website": "https://zk.mk/jasenovo-belodrobni-zaboluvanja-i-tuberkuloza"
      },
      "geometry": {
        "type": "Polygon",
        "coordinates": [
          [
            [
              21.7214081,
              41.5168598
            ],
            [
              21.7207794,
              41.5154435
            ],
            [
              21.7212836,
              41.5152588
            ],
            [
              21.7225604,
              41.514825
            ],
            [
              21.722834,
              41.5149133
            ],
            [
              21.722952,
              41.5158653
            ],
            [
              21.7229372,
              41.516366
            ],
            [
              21.7223203,
              41.5168078
            ],
            [
              21.7217034,
              41.5171533
            ],
            [
              21.7214081,
              41.5168598
            ]
          ]
        ]
      },
      "id": "way/185635120"
    },
    {
      "type": "Feature",
      "properties": {
        "@id": "way/188947643",
        "amenity": "hospital",
        "building": "yes",
        "int_name": "Болница",
        "name": "Болница"
      },
      "geometry": {
        "type": "Polygon",
        "coordinates": [
          [
            [
              21.7096991,
              42.1365723
            ],
            [
              21.7098681,
              42.1364211
            ],
            [
              21.7100311,
              42.136507
            ],
            [
              21.7101444,
              42.1364032
            ],
            [
              21.7107613,
              42.1367632
            ],
            [
              21.7106513,
              42.1368647
            ],
            [
              21.7107372,
              42.1369164
            ],
            [
              21.7105151,
              42.1371102
            ],
            [
              21.7103874,
              42.1370302
            ],
            [
              21.7105843,
              42.1368647
            ],
            [
              21.710013,
              42.1365405
            ],
            [
              21.7099808,
              42.1365723
            ],
            [
              21.7101095,
              42.1366459
            ],
            [
              21.710013,
              42.1367394
            ],
            [
              21.7096991,
              42.1365723
            ]
          ]
        ]
      },
      "id": "way/188947643"
    },
    {
      "type": "Feature",
      "properties": {
        "@id": "way/190034508",
        "amenity": "school",
        "name": "АСУЦ Боро Петрушевски",
        "name:en": "ASUC Boro Petrushevski"
      },
      "geometry": {
        "type": "Polygon",
        "coordinates": [
          [
            [
              21.4740191,
              42.0029004
            ],
            [
              21.4739832,
              42.0029006
            ],
            [
              21.4739858,
              42.0028727
            ],
            [
              21.4740625,
              42.0017711
            ],
            [
              21.4739523,
              42.0017572
            ],
            [
              21.4740277,
              42.0007939
            ],
            [
              21.474655,
              42.0008219
            ],
            [
              21.4747093,
              42.0000513
            ],
            [
              21.4770005,
              42.0001816
            ],
            [
              21.4769298,
              42.000716
            ],
            [
              21.4765672,
              42.0015284
            ],
            [
              21.4758174,
              42.0024076
            ],
            [
              21.4752039,
              42.0027964
            ],
            [
              21.4748702,
              42.0029524
            ],
            [
              21.4743928,
              42.0031637
            ],
            [
              21.4742963,
              42.0031756
            ],
            [
              21.4742555,
              42.0031478
            ],
            [
              21.4742555,
              42.0031118
            ],
            [
              21.4744456,
              42.0030364
            ],
            [
              21.4743705,
              42.0029055
            ],
            [
              21.4740191,
              42.0029004
            ]
          ]
        ]
      },
      "id": "way/190034508"
    },
    {
      "type": "Feature",
      "properties": {
        "@id": "way/194654804",
        "amenity": "hospital",
        "building": "yes",
        "int_name": "Centar za Kradiovaskularni Zaboluvanja",
        "name": "Центар за Кардиоваскуларни заболувања",
        "name:en": "Center for Cardiovascular diseases"
      },
      "geometry": {
        "type": "Polygon",
        "coordinates": [
          [
            [
              20.802376,
              41.0740009
            ],
            [
              20.8022688,
              41.073734
            ],
            [
              20.8024506,
              41.0736809
            ],
            [
              20.802419,
              41.0735763
            ],
            [
              20.8026335,
              41.0735076
            ],
            [
              20.8026174,
              41.0733337
            ],
            [
              20.8027891,
              41.0733256
            ],
            [
              20.8028428,
              41.0736127
            ],
            [
              20.8029334,
              41.0736081
            ],
            [
              20.803052,
              41.0741142
            ],
            [
              20.8028851,
              41.0741945
            ],
            [
              20.8025638,
              41.0738149
            ],
            [
              20.8024774,
              41.0738386
            ],
            [
              20.8025316,
              41.0739403
            ],
            [
              20.802376,
              41.0740009
            ]
          ]
        ]
      },
      "id": "way/194654804"
    },
    {
      "type": "Feature",
      "properties": {
        "@id": "way/196563472",
        "amenity": "school",
        "int_name": "Kole Kaninski",
        "name": "Коле Канински"
      },
      "geometry": {
        "type": "Polygon",
        "coordinates": [
          [
            [
              21.3463443,
              41.0045953
            ],
            [
              21.3464365,
              41.0044459
            ],
            [
              21.3466796,
              41.0045265
            ],
            [
              21.3467205,
              41.0044618
            ],
            [
              21.3469123,
              41.0045268
            ],
            [
              21.34687,
              41.0045981
            ],
            [
              21.3468531,
              41.0045925
            ],
            [
              21.3467898,
              41.004701
            ],
            [
              21.3466822,
              41.0046702
            ],
            [
              21.3466655,
              41.0046961
            ],
            [
              21.3463443,
              41.0045953
            ]
          ]
        ]
      },
      "id": "way/196563472"
    },
    {
      "type": "Feature",
      "properties": {
        "@id": "way/196614896",
        "amenity": "hospital",
        "emergency": "yes",
        "healthcare": "hospital",
        "name": "ЈЗУ Клиничка Болница Др. Трифун Пановски"
      },
      "geometry": {
        "type": "Polygon",
        "coordinates": [
          [
            [
              21.3180297,
              41.0223171
            ],
            [
              21.3194595,
              41.02123
            ],
            [
              21.3200716,
              41.0216097
            ],
            [
              21.3202603,
              41.0218059
            ],
            [
              21.3205188,
              41.0221872
            ],
            [
              21.3206926,
              41.0230143
            ],
            [
              21.3199422,
              41.0231036
            ],
            [
              21.3194863,
              41.0237581
            ],
            [
              21.3200484,
              41.0240915
            ],
            [
              21.3204863,
              41.0240209
            ],
            [
              21.3205571,
              41.0243056
            ],
            [
              21.3183194,
              41.0246769
            ],
            [
              21.3163476,
              41.0232645
            ],
            [
              21.3169072,
              41.0228394
            ],
            [
              21.316284,
              41.0224226
            ],
            [
              21.3170458,
              41.021724
            ],
            [
              21.3180297,
              41.0223171
            ]
          ]
        ]
      },
      "id": "way/196614896"
    },
    {
      "type": "Feature",
      "properties": {
        "@id": "way/203672094",
        "amenity": "school",
        "building": "yes",
        "int_name": "Skola",
        "name": "Школа"
      },
      "geometry": {
        "type": "Polygon",
        "coordinates": [
          [
            [
              21.720971,
              42.1338598
            ],
            [
              21.7206837,
              42.134033
            ],
            [
              21.720552,
              42.133913
            ],
            [
              21.7207991,
              42.1337649
            ],
            [
              21.7208404,
              42.1337401
            ],
            [
              21.720971,
              42.1338598
            ]
          ]
        ]
      },
      "id": "way/203672094"
    },
    {
      "type": "Feature",
      "properties": {
        "@id": "way/203936976",
        "amenity": "school",
        "level": "primary",
        "name": "11. Октомври",
        "name:en": "11 Oktomvri EMS",
        "wikidata": "Q12909121",
        "wikipedia": "mk:ОУ „11 Октомври“ - Куманово"
      },
      "geometry": {
        "type": "Polygon",
        "coordinates": [
          [
            [
              21.7163916,
              42.1383016
            ],
            [
              21.7164435,
              42.1391295
            ],
            [
              21.715561,
              42.1392866
            ],
            [
              21.7154377,
              42.1389147
            ],
            [
              21.7154001,
              42.1387595
            ],
            [
              21.7154162,
              42.1385507
            ],
            [
              21.7154564,
              42.1383816
            ],
            [
              21.7162879,
              42.1383816
            ],
            [
              21.7162906,
              42.1383001
            ],
            [
              21.7163916,
              42.1383016
            ]
          ]
        ]
      },
      "id": "way/203936976"
    },
    {
      "type": "Feature",
      "properties": {
        "@id": "way/206280627",
        "amenity": "courthouse",
        "building": "yes",
        "name": "Основен суд",
        "name:en": "Primary court",
        "website": "http://www.vsrm.mk/wps/portal/oskrusevo/sud/!ut/p/z1/hY4xC8IwFIR_S4eO5j2w1OgWQQvqpILxLdJKTAtpU9Jo8N8bcRKU3nZ338EBgQTqykejS9_YrjTRnym_5EWWId_ijh_2SxQrnPHjXGCxRjiNARRr_CPx3tMYsgHSxlafN6KrplwDOXVTTjl2dzGuve-HRYophhCYtlYbxa62TfHXpLaDB_lNQt9KnFD1DCJJXpELPs4!/d"
      },
      "geometry": {
        "type": "Polygon",
        "coordinates": [
          [
            [
              21.249416,
              41.3677416
            ],
            [
              21.2495057,
              41.3675875
            ],
            [
              21.2497402,
              41.3676644
            ],
            [
              21.2496504,
              41.3678185
            ],
            [
              21.249416,
              41.3677416
            ]
          ]
        ]
      },
      "id": "way/206280627"
    },
    {
      "type": "Feature",
      "properties": {
        "@id": "way/224104096",
        "addr:city": "Крушево",
        "addr:housenumber": "0",
        "addr:postcode": "7550",
        "addr:street": "Никола Ѓурковиќ",
        "amenity": "police",
        "building": "public",
        "name": "ПС Крушево",
        "name:en": "Krushevo PD",
        "phone": "+38948477045"
      },
      "geometry": {
        "type": "Polygon",
        "coordinates": [
          [
            [
              21.2491853,
              41.3691863
            ],
            [
              21.2491369,
              41.3691115
            ],
            [
              21.2491198,
              41.3691177
            ],
            [
              21.2490745,
              41.3690476
            ],
            [
              21.2491465,
              41.3690207
            ],
            [
              21.2492036,
              41.3690001
            ],
            [
              21.2491897,
              41.3689785
            ],
            [
              21.2492194,
              41.3689677
            ],
            [
              21.2492438,
              41.3690053
            ],
            [
              21.2492823,
              41.3689913
            ],
            [
              21.2493659,
              41.3691205
            ],
            [
              21.2491853,
              41.3691863
            ]
          ]
        ]
      },
      "id": "way/224104096"
    },
    {
      "type": "Feature",
      "properties": {
        "@id": "way/224104100",
        "addr:city": "Крушево",
        "addr:housenumber": "0",
        "addr:postcode": "7550",
        "addr:street": "Никола Ѓурковиќ",
        "amenity": "townhall",
        "building": "public",
        "email": "opstinakrusevo@krusevo.gov.mk",
        "fax": "+38948477061",
        "name": "ЛС Крушево",
        "name:en": "Krushevo LC",
        "name:mk": "ЛС Крушево",
        "phone": "+38948477061;+38948477046",
        "townhall:type": "town",
        "website": "https://krusevo.gov.mk/"
      },
      "geometry": {
        "type": "Polygon",
        "coordinates": [
          [
            [
              21.2490526,
              41.3692339
            ],
            [
              21.248969,
              41.3691383
            ],
            [
              21.2490694,
              41.3690891
            ],
            [
              21.24915,
              41.3691819
            ],
            [
              21.2491108,
              41.3692016
            ],
            [
              21.2490526,
              41.3692339
            ]
          ]
        ]
      },
      "id": "way/224104100"
    },
    {
      "type": "Feature",
      "properties": {
        "@id": "way/224361718",
        "amenity": "school",
        "int_name": "OU Joakim Krčovski",
        "is_in": "Волково",
        "name": "ОУ Јоаким Крчовски",
        "name:en": "OU Joakim Krchovski"
      },
      "geometry": {
        "type": "Polygon",
        "coordinates": [
          [
            [
              21.3495781,
              42.0551006
            ],
            [
              21.3492785,
              42.0551799
            ],
            [
              21.3491709,
              42.0548808
            ],
            [
              21.3489405,
              42.0548812
            ],
            [
              21.3486077,
              42.0549604
            ],
            [
              21.3484467,
              42.0546577
            ],
            [
              21.3484899,
              42.0543594
            ],
            [
              21.3482593,
              42.0542439
            ],
            [
              21.3482968,
              42.0541722
            ],
            [
              21.348833,
              42.0538691
            ],
            [
              21.3491817,
              42.054347
            ],
            [
              21.3493858,
              42.0546621
            ],
            [
              21.3495414,
              42.0549688
            ],
            [
              21.3495781,
              42.0551006
            ]
          ]
        ]
      },
      "id": "way/224361718"
    },
    {
      "type": "Feature",
      "properties": {
        "@id": "way/224361720",
        "amenity": "school",
        "int_name": "OU Joakim Krčovski",
        "is_in": "Никиштане",
        "name": "ОУ Јоаким Крчовски",
        "name:en": "OU Joakim Krchovski"
      },
      "geometry": {
        "type": "Polygon",
        "coordinates": [
          [
            [
              21.3362887,
              42.0685537
            ],
            [
              21.336117,
              42.0684601
            ],
            [
              21.3360097,
              42.0683128
            ],
            [
              21.3360339,
              42.0682232
            ],
            [
              21.3359776,
              42.0679962
            ],
            [
              21.3359642,
              42.0678508
            ],
            [
              21.3363289,
              42.0677413
            ],
            [
              21.3368171,
              42.0677811
            ],
            [
              21.3368546,
              42.0678309
            ],
            [
              21.336865,
              42.0679062
            ],
            [
              21.337096,
              42.0681057
            ],
            [
              21.3366401,
              42.0683785
            ],
            [
              21.3363531,
              42.0685557
            ],
            [
              21.3362887,
              42.0685537
            ]
          ]
        ]
      },
      "id": "way/224361720"
    },
    {
      "type": "Feature",
      "properties": {
        "@id": "way/224469841",
        "amenity": "school",
        "name": "ОУ Борис Кидрич"
      },
      "geometry": {
        "type": "Polygon",
        "coordinates": [
          [
            [
              21.4380679,
              41.980276
            ],
            [
              21.4381155,
              41.9801778
            ],
            [
              21.4382303,
              41.9799398
            ],
            [
              21.4386077,
              41.9791861
            ],
            [
              21.4397503,
              41.9794043
            ],
            [
              21.4395823,
              41.9797455
            ],
            [
              21.4394871,
              41.9799884
            ],
            [
              21.4394271,
              41.9802135
            ],
            [
              21.4393561,
              41.9803848
            ],
            [
              21.4392456,
              41.9806121
            ],
            [
              21.4380679,
              41.980276
            ]
          ]
        ]
      },
      "id": "way/224469841"
    },
    {
      "type": "Feature",
      "properties": {
        "@id": "way/227195447",
        "amenity": "townhall",
        "building": "yes",
        "name": "Општина Кичево",
        "townhall:type": "city"
      },
      "geometry": {
        "type": "Polygon",
        "coordinates": [
          [
            [
              20.9602428,
              41.5104754
            ],
            [
              20.9601633,
              41.5104132
            ],
            [
              20.9602503,
              41.5103512
            ],
            [
              20.9599977,
              41.5101586
            ],
            [
              20.9601131,
              41.5100741
            ],
            [
              20.9603668,
              41.510263
            ],
            [
              20.960458,
              41.5101994
            ],
            [
              20.9605302,
              41.5102582
            ],
            [
              20.9602428,
              41.5104754
            ]
          ]
        ]
      },
      "id": "way/227195447"
    },
    {
      "type": "Feature",
      "properties": {
        "@id": "way/229233371",
        "amenity": "school",
        "name": "ОУ Тихомир Милошевски"
      },
      "geometry": {
        "type": "Polygon",
        "coordinates": [
          [
            [
              21.3485666,
              42.0311564
            ],
            [
              21.3489572,
              42.0309818
            ],
            [
              21.3497351,
              42.0305834
            ],
            [
              21.3497834,
              42.0306949
            ],
            [
              21.3502662,
              42.0316034
            ],
            [
              21.3498048,
              42.031673
            ],
            [
              21.349234,
              42.0316793
            ],
            [
              21.3488124,
              42.0315038
            ],
            [
              21.3486301,
              42.0313995
            ],
            [
              21.3485666,
              42.0311564
            ]
          ]
        ]
      },
      "id": "way/229233371"
    },
    {
      "type": "Feature",
      "properties": {
        "@id": "way/229930498",
        "addr:city": "Cкoпje",
        "addr:city:en": "Skopje",
        "addr:country": "MK",
        "addr:housenumber": "бб",
        "addr:postcode": "1000",
        "addr:street": "Кеј Димитар Влахов",
        "amenity": "courthouse",
        "building": "public",
        "email": "jorm@jorm.org.mk",
        "fax": "+389 3 219881",
        "name": "Јавно обвинителство на Македонија",
        "name:en": "Attorney General of Macedonia",
        "name:tr": "Makedonya Başsavcılığı",
        "office": "government",
        "phone": "+389 3 29828",
        "roof:shape": "dome",
        "website": "https://jorm.gov.mk/"
      },
      "geometry": {
        "type": "Polygon",
        "coordinates": [
          [
            [
              21.4361877,
              41.9964315
            ],
            [
              21.4361513,
              41.9964202
            ],
            [
              21.4361179,
              41.9964046
            ],
            [
              21.4360885,
              41.996385
            ],
            [
              21.436064,
              41.996362
            ],
            [
              21.4360451,
              41.9963363
            ],
            [
              21.4360322,
              41.9963086
            ],
            [
              21.4360258,
              41.9962797
            ],
            [
              21.436026,
              41.9962504
            ],
            [
              21.4360328,
              41.9962215
            ],
            [
              21.4360461,
              41.9961939
            ],
            [
              21.4360654,
              41.9961684
            ],
            [
              21.4360903,
              41.9961456
            ],
            [
              21.4361199,
              41.9961263
            ],
            [
              21.4361535,
              41.9961109
            ],
            [
              21.4361901,
              41.9961
            ],
            [
              21.4362287,
              41.9960938
            ],
            [
              21.4362681,
              41.9960924
            ],
            [
              21.4363072,
              41.9960961
            ],
            [
              21.436345,
              41.9961046
            ],
            [
              21.4363772,
              41.9961163
            ],
            [
              21.4364066,
              41.9961315
            ],
            [
              21.4364326,
              41.9961499
            ],
            [
              21.4364544,
              41.996171
            ],
            [
              21.4364717,
              41.9961944
            ],
            [
              21.4364839,
              41.9962195
            ],
            [
              21.4364908,
              41.9962456
            ],
            [
              21.4364923,
              41.9962723
            ],
            [
              21.4364882,
              41.9962988
            ],
            [
              21.4364788,
              41.9963245
            ],
            [
              21.4364642,
              41.9963488
            ],
            [
              21.4364447,
              41.9963712
            ],
            [
              21.4364208,
              41.9963911
            ],
            [
              21.4363932,
              41.9964081
            ],
            [
              21.4363623,
              41.9964217
            ],
            [
              21.436329,
              41.9964316
            ],
            [
              21.4362941,
              41.9964377
            ],
            [
              21.4362583,
              41.9964397
            ],
            [
              21.4362226,
              41.9964376
            ],
            [
              21.4361877,
              41.9964315
            ]
          ]
        ]
      },
      "id": "way/229930498"
    },
    {
      "type": "Feature",
      "properties": {
        "@id": "way/230234818",
        "amenity": "police",
        "building": "yes",
        "name": "Police"
      },
      "geometry": {
        "type": "Polygon",
        "coordinates": [
          [
            [
              20.9555089,
              41.5129846
            ],
            [
              20.9555089,
              41.512859
            ],
            [
              20.9560218,
              41.512859
            ],
            [
              20.9560218,
              41.5129846
            ],
            [
              20.9555089,
              41.5129846
            ]
          ]
        ]
      },
      "id": "way/230234818"
    },
    {
      "type": "Feature",
      "properties": {
        "@id": "way/231156207",
        "amenity": "school",
        "name": "СЕТУ Михајло Пупин",
        "name:en": "SETU Mihajlo Pupin",
        "wheelchair": "yes"
      },
      "geometry": {
        "type": "Polygon",
        "coordinates": [
          [
            [
              21.4787623,
              42.0030818
            ],
            [
              21.4783623,
              42.0021027
            ],
            [
              21.4799183,
              42.0014693
            ],
            [
              21.480298,
              42.0021524
            ],
            [
              21.4804688,
              42.0024596
            ],
            [
              21.4804789,
              42.0024778
            ],
            [
              21.4800897,
              42.0026147
            ],
            [
              21.4789891,
              42.003002
            ],
            [
              21.4787623,
              42.0030818
            ]
          ]
        ]
      },
      "id": "way/231156207"
    },
    {
      "type": "Feature",
      "properties": {
        "@id": "way/231952324",
        "addr:street": "Булевар 3та Македонска Бригада",
        "alt_name": "Хемиско",
        "amenity": "school",
        "barrier": "fence",
        "check_date": "2024-07-15",
        "fence_type": "metal",
        "name": "СУГС \"Марија Кири Склодовска\""
      },
      "geometry": {
        "type": "Polygon",
        "coordinates": [
          [
            [
              21.4639449,
              41.9797271
            ],
            [
              21.4632212,
              41.9787326
            ],
            [
              21.4630686,
              41.9785285
            ],
            [
              21.463122,
              41.9785058
            ],
            [
              21.4631888,
              41.9784774
            ],
            [
              21.4643494,
              41.9779837
            ],
            [
              21.4654972,
              41.9793645
            ],
            [
              21.4639449,
              41.9797271
            ]
          ]
        ]
      },
      "id": "way/231952324"
    },
    {
      "type": "Feature",
      "properties": {
        "@id": "way/232349713",
        "amenity": "school",
        "designation": "Средно училиште",
        "name": "Народна гимназија Јане Сандански"
      },
      "geometry": {
        "type": "Polygon",
        "coordinates": [
          [
            [
              22.6371067,
              41.4405613
            ],
            [
              22.6361867,
              41.439973
            ],
            [
              22.6362697,
              41.4399083
            ],
            [
              22.6362363,
              41.4398859
            ],
            [
              22.6365205,
              41.4396812
            ],
            [
              22.6367892,
              41.4394957
            ],
            [
              22.6368787,
              41.4394529
            ],
            [
              22.6369765,
              41.4394346
            ],
            [
              22.6369976,
              41.4394822
            ],
            [
              22.6374356,
              41.4394127
            ],
            [
              22.637504,
              41.4396348
            ],
            [
              22.6375903,
              41.4396238
            ],
            [
              22.6376017,
              41.4396446
            ],
            [
              22.6376213,
              41.4396605
            ],
            [
              22.6376425,
              41.4396653
            ],
            [
              22.637662,
              41.4396653
            ],
            [
              22.6378232,
              41.4402025
            ],
            [
              22.6373966,
              41.4403196
            ],
            [
              22.6371067,
              41.4405613
            ]
          ]
        ]
      },
      "id": "way/232349713"
    },
    {
      "type": "Feature",
      "properties": {
        "@id": "way/232349715",
        "amenity": "school",
        "designation": "Основно училиште",
        "name": "Сандо Масев"
      },
      "geometry": {
        "type": "Polygon",
        "coordinates": [
          [
            [
              22.6361482,
              41.4399474
            ],
            [
              22.6371067,
              41.4405613
            ],
            [
              22.6366558,
              41.4409466
            ],
            [
              22.635709,
              41.4403555
            ],
            [
              22.6361482,
              41.4399474
            ]
          ]
        ]
      },
      "id": "way/232349715"
    },
    {
      "type": "Feature",
      "properties": {
        "@id": "way/232806059",
        "amenity": "hospital",
        "is_in": "Негорци",
        "name": "Психијатриска болница “Негорци”"
      },
      "geometry": {
        "type": "Polygon",
        "coordinates": [
          [
            [
              22.4792561,
              41.1982654
            ],
            [
              22.47924,
              41.1978214
            ],
            [
              22.4791863,
              41.1975873
            ],
            [
              22.4790683,
              41.1974904
            ],
            [
              22.4792131,
              41.1968125
            ],
            [
              22.4794167,
              41.1968125
            ],
            [
              22.4798888,
              41.1969417
            ],
            [
              22.4801463,
              41.1967197
            ],
            [
              22.4811333,
              41.1969053
            ],
            [
              22.4812355,
              41.1971839
            ],
            [
              22.4814659,
              41.1972565
            ],
            [
              22.481139,
              41.1974945
            ],
            [
              22.4806937,
              41.1977649
            ],
            [
              22.4802002,
              41.1980475
            ],
            [
              22.4800122,
              41.1981405
            ],
            [
              22.4792561,
              41.1982654
            ]
          ]
        ]
      },
      "id": "way/232806059"
    },
    {
      "type": "Feature",
      "properties": {
        "@id": "way/233543625",
        "amenity": "police",
        "name": "МВР Струмица"
      },
      "geometry": {
        "type": "Polygon",
        "coordinates": [
          [
            [
              22.6306932,
              41.4389485
            ],
            [
              22.6308139,
              41.4390168
            ],
            [
              22.6308434,
              41.4390289
            ],
            [
              22.6309239,
              41.4390691
            ],
            [
              22.6310312,
              41.4391133
            ],
            [
              22.6310687,
              41.4391254
            ],
            [
              22.631227,
              41.4391113
            ],
            [
              22.631911,
              41.4397467
            ],
            [
              22.6299208,
              41.4403379
            ],
            [
              22.6296445,
              41.4398211
            ],
            [
              22.6296445,
              41.4397769
            ],
            [
              22.6296955,
              41.4397105
            ],
            [
              22.6306932,
              41.4389485
            ]
          ]
        ]
      },
      "id": "way/233543625"
    },
    {
      "type": "Feature",
      "properties": {
        "@id": "way/235709571",
        "amenity": "police",
        "building": "house",
        "name": "Gränspolis"
      },
      "geometry": {
        "type": "Polygon",
        "coordinates": [
          [
            [
              20.6506868,
              41.7750164
            ],
            [
              20.6506391,
              41.7749523
            ],
            [
              20.6510498,
              41.7747823
            ],
            [
              20.6510975,
              41.7748465
            ],
            [
              20.6506868,
              41.7750164
            ]
          ]
        ]
      },
      "id": "way/235709571"
    },
    {
      "type": "Feature",
      "properties": {
        "@id": "way/235777271",
        "addr:city": "Охрид",
        "addr:postcode": "6000",
        "addr:street": "Никола Карев",
        "amenity": "school",
        "name": "Основно музичко училиште „Методиј Патчев“"
      },
      "geometry": {
        "type": "Polygon",
        "coordinates": [
          [
            [
              20.8091982,
              41.1119081
            ],
            [
              20.8095914,
              41.1113363
            ],
            [
              20.8100133,
              41.1114957
            ],
            [
              20.8101794,
              41.1117367
            ],
            [
              20.8102533,
              41.1118443
            ],
            [
              20.81011,
              41.1119522
            ],
            [
              20.8092665,
              41.1121068
            ],
            [
              20.8091982,
              41.1119081
            ]
          ]
        ]
      },
      "id": "way/235777271"
    },
    {
      "type": "Feature",
      "properties": {
        "@id": "way/236563864",
        "amenity": "school",
        "barrier": "fence",
        "contact:facebook": "klimentohridskidraslajca",
        "name": "ООУ Св. Климент Охридски",
        "name:en": "St. Clement of Ohrid EMS",
        "website": "https://ouklimentohridski.wordpress.com/",
        "wikidata": "Q20568035",
        "wikipedia": "mk:ОУ „Св. Климент Охридски“ - Драслајца"
      },
      "geometry": {
        "type": "Polygon",
        "coordinates": [
          [
            [
              20.6791556,
              41.2077293
            ],
            [
              20.678275,
              41.2077556
            ],
            [
              20.6783922,
              41.2068777
            ],
            [
              20.6785327,
              41.2057282
            ],
            [
              20.6791341,
              41.2057864
            ],
            [
              20.6791425,
              41.2058824
            ],
            [
              20.6796259,
              41.206101
            ],
            [
              20.6796386,
              41.2061819
            ],
            [
              20.6799789,
              41.2063424
            ],
            [
              20.6801564,
              41.2064235
            ],
            [
              20.6800859,
              41.2073868
            ],
            [
              20.679677,
              41.2074033
            ],
            [
              20.6796759,
              41.2077304
            ],
            [
              20.6791556,
              41.2077293
            ]
          ]
        ]
      },
      "id": "way/236563864"
    },
    {
      "type": "Feature",
      "properties": {
        "@id": "way/237820396",
        "amenity": "school",
        "name": "ОУ Страшо Пинџур"
      },
      "geometry": {
        "type": "Polygon",
        "coordinates": [
          [
            [
              22.2934009,
              41.8750896
            ],
            [
              22.2932695,
              41.8751475
            ],
            [
              22.2932016,
              41.8750772
            ],
            [
              22.2926652,
              41.8744063
            ],
            [
              22.2928261,
              41.8742785
            ],
            [
              22.2932105,
              41.8742308
            ],
            [
              22.2937067,
              41.8739931
            ],
            [
              22.2943585,
              41.874766
            ],
            [
              22.2934009,
              41.8750896
            ]
          ]
        ]
      },
      "id": "way/237820396"
    },
    {
      "type": "Feature",
      "properties": {
        "@id": "way/238134067",
        "addr:housenumber": "71",
        "addr:street": "Димитар Влахов",
        "amenity": "school",
        "name": "Општинско средно училиште „Св. Климент Охридски“",
        "name:en": "Municipal High School St. Clement of Ohrid",
        "website": "http://gimnazijaohrid.edu.mk/"
      },
      "geometry": {
        "type": "Polygon",
        "coordinates": [
          [
            [
              20.8081268,
              41.1123279
            ],
            [
              20.8081399,
              41.1123598
            ],
            [
              20.8081692,
              41.1123795
            ],
            [
              20.8082115,
              41.1123966
            ],
            [
              20.8082571,
              41.1123917
            ],
            [
              20.8082538,
              41.1124384
            ],
            [
              20.8082538,
              41.1125218
            ],
            [
              20.8081627,
              41.112696
            ],
            [
              20.8077556,
              41.1131695
            ],
            [
              20.8075895,
              41.1133413
            ],
            [
              20.8072182,
              41.1125537
            ],
            [
              20.8081268,
              41.1123279
            ]
          ]
        ]
      },
      "id": "way/238134067"
    },
    {
      "type": "Feature",
      "properties": {
        "@id": "way/239570499",
        "amenity": "school",
        "name": "ОУ Гоце Делчев"
      },
      "geometry": {
        "type": "Polygon",
        "coordinates": [
          [
            [
              21.0150747,
              41.0897674
            ],
            [
              21.0150211,
              41.0894338
            ],
            [
              21.0150211,
              41.0892276
            ],
            [
              21.0152866,
              41.0892863
            ],
            [
              21.0153108,
              41.0890902
            ],
            [
              21.0156407,
              41.0891197
            ],
            [
              21.0163515,
              41.0891832
            ],
            [
              21.0162495,
              41.0895713
            ],
            [
              21.0161852,
              41.0899756
            ],
            [
              21.0160564,
              41.0903395
            ],
            [
              21.0150774,
              41.0902424
            ],
            [
              21.0150264,
              41.0900524
            ],
            [
              21.0150747,
              41.0897674
            ]
          ]
        ]
      },
      "id": "way/239570499"
    },
    {
      "type": "Feature",
      "properties": {
        "@id": "way/240348370",
        "amenity": "school",
        "building": "no",
        "name": "ПООУ \"Гоце Делчев\" - Света",
        "operator": "ООУ \"Гоце Делчев\" - Демир Хисар"
      },
      "geometry": {
        "type": "Polygon",
        "coordinates": [
          [
            [
              21.2745625,
              41.2654363
            ],
            [
              21.274695,
              41.2654363
            ],
            [
              21.2748768,
              41.2652603
            ],
            [
              21.2749631,
              41.2651746
            ],
            [
              21.2751541,
              41.2650959
            ],
            [
              21.2752157,
              41.2651191
            ],
            [
              21.2752588,
              41.2650913
            ],
            [
              21.2753081,
              41.2651469
            ],
            [
              21.2753172,
              41.2651902
            ],
            [
              21.2753656,
              41.2652256
            ],
            [
              21.2753327,
              41.2652511
            ],
            [
              21.2754345,
              41.265346
            ],
            [
              21.2755331,
              41.2654618
            ],
            [
              21.2756933,
              41.2657397
            ],
            [
              21.275493,
              41.2658532
            ],
            [
              21.2753112,
              41.2659945
            ],
            [
              21.2752619,
              41.2660501
            ],
            [
              21.2750986,
              41.2659783
            ],
            [
              21.2748552,
              41.2659389
            ],
            [
              21.2746889,
              41.2657837
            ],
            [
              21.2746425,
              41.2657527
            ],
            [
              21.2745964,
              41.2657004
            ],
            [
              21.2745625,
              41.2654363
            ]
          ]
        ]
      },
      "id": "way/240348370"
    },
    {
      "type": "Feature",
      "properties": {
        "@id": "way/241085461",
        "addr:city": "Tetovo",
        "addr:postcode": "1220",
        "addr:street": "Браќа Миладинови",
        "amenity": "school",
        "building": "yes",
        "building:levels": "2",
        "int_name": "Medrese",
        "name": "Medrese",
        "name:mk": "Медреса",
        "name:sq": "Medrese"
      },
      "geometry": {
        "type": "Polygon",
        "coordinates": [
          [
            [
              20.966337,
              42.0062167
            ],
            [
              20.9662268,
              42.0061312
            ],
            [
              20.9663637,
              42.0060337
            ],
            [
              20.966474,
              42.0061193
            ],
            [
              20.966337,
              42.0062167
            ]
          ]
        ]
      },
      "id": "way/241085461"
    },
    {
      "type": "Feature",
      "properties": {
        "@id": "way/241088123",
        "amenity": "hospital",
        "name": "Болница Тетово",
        "name:en": "Hospital",
        "name:sq": "Spitali i Tetovës",
        "opening_hours": "24/7"
      },
      "geometry": {
        "type": "Polygon",
        "coordinates": [
          [
            [
              20.9698265,
              42.006165
            ],
            [
              20.9690433,
              42.005563
            ],
            [
              20.9698839,
              42.0052575
            ],
            [
              20.9707223,
              42.0048057
            ],
            [
              20.9712534,
              42.0045147
            ],
            [
              20.9717722,
              42.0044005
            ],
            [
              20.972278,
              42.0043552
            ],
            [
              20.9728037,
              42.0042914
            ],
            [
              20.9733761,
              42.0040258
            ],
            [
              20.9736336,
              42.004245
            ],
            [
              20.9735279,
              42.0043393
            ],
            [
              20.9735762,
              42.004427
            ],
            [
              20.9733724,
              42.0045386
            ],
            [
              20.9736014,
              42.0047393
            ],
            [
              20.971763,
              42.0053837
            ],
            [
              20.9703897,
              42.0059098
            ],
            [
              20.9702181,
              42.0056747
            ],
            [
              20.9699606,
              42.0057544
            ],
            [
              20.9700679,
              42.0060294
            ],
            [
              20.9698265,
              42.006165
            ]
          ]
        ]
      },
      "id": "way/241088123"
    },
    {
      "type": "Feature",
      "properties": {
        "@id": "way/241089491",
        "amenity": "school",
        "building": "school",
        "name": "Sh.F. Lirija",
        "name:en": "Lirija",
        "name:mk": "О.У. Лирија",
        "name:sq": "Sh.F. Lirija"
      },
      "geometry": {
        "type": "Polygon",
        "coordinates": [
          [
            [
              20.9703715,
              42.0077183
            ],
            [
              20.9702857,
              42.0076266
            ],
            [
              20.9703393,
              42.0076047
            ],
            [
              20.9701274,
              42.0073436
            ],
            [
              20.9699455,
              42.007428
            ],
            [
              20.9697827,
              42.0072432
            ],
            [
              20.9700979,
              42.0071045
            ],
            [
              20.9705405,
              42.0076406
            ],
            [
              20.9703715,
              42.0077183
            ]
          ]
        ]
      },
      "id": "way/241089491"
    },
    {
      "type": "Feature",
      "properties": {
        "@id": "way/241504861",
        "amenity": "school",
        "int_name": "OU Nikola Karev",
        "name": "ОУ Никола Карев",
        "name:en": "Nikola Karev"
      },
      "geometry": {
        "type": "Polygon",
        "coordinates": [
          [
            [
              22.1867931,
              41.9921954
            ],
            [
              22.1865919,
              41.9916452
            ],
            [
              22.1866187,
              41.991485
            ],
            [
              22.1865462,
              41.9914365
            ],
            [
              22.1854975,
              41.991277
            ],
            [
              22.185527,
              41.9908344
            ],
            [
              22.1865007,
              41.9909217
            ],
            [
              22.1866696,
              41.9910318
            ],
            [
              22.1868734,
              41.9908304
            ],
            [
              22.1869056,
              41.9907208
            ],
            [
              22.1875708,
              41.9907248
            ],
            [
              22.1878499,
              41.9907542
            ],
            [
              22.1879599,
              41.9908459
            ],
            [
              22.1880323,
              41.991115
            ],
            [
              22.1880643,
              41.991273
            ],
            [
              22.1880162,
              41.9915855
            ],
            [
              22.187839,
              41.991903
            ],
            [
              22.1877694,
              41.9919882
            ],
            [
              22.1876889,
              41.9920358
            ],
            [
              22.187555,
              41.9920658
            ],
            [
              22.1874985,
              41.9920715
            ],
            [
              22.1870424,
              41.9921937
            ],
            [
              22.1869621,
              41.9921315
            ],
            [
              22.1867931,
              41.9921954
            ]
          ]
        ]
      },
      "id": "way/241504861"
    },
    {
      "type": "Feature",
      "properties": {
        "@id": "way/247042675",
        "amenity": "townhall",
        "building": "yes",
        "name": "Општина Неготино"
      },
      "geometry": {
        "type": "Polygon",
        "coordinates": [
          [
            [
              22.0887646,
              41.4836351
            ],
            [
              22.0888592,
              41.4835318
            ],
            [
              22.0887993,
              41.483501
            ],
            [
              22.0889251,
              41.4833635
            ],
            [
              22.0890344,
              41.4834197
            ],
            [
              22.08906,
              41.4833917
            ],
            [
              22.0891903,
              41.4834587
            ],
            [
              22.0891595,
              41.4834923
            ],
            [
              22.0891346,
              41.4834795
            ],
            [
              22.0890032,
              41.4836231
            ],
            [
              22.0891552,
              41.4837012
            ],
            [
              22.0891184,
              41.4837414
            ],
            [
              22.0890862,
              41.4837248
            ],
            [
              22.0890392,
              41.4837762
            ],
            [
              22.0887646,
              41.4836351
            ]
          ]
        ]
      },
      "id": "way/247042675"
    },
    {
      "type": "Feature",
      "properties": {
        "@id": "way/248643496",
        "addr:city": "Cкoпje",
        "addr:city:en": "Skopje",
        "addr:country": "MK",
        "addr:postcode": "1000",
        "addr:street": "Тодор Александров",
        "amenity": "police",
        "building": "yes",
        "name": "Полициска Станица Водно",
        "name:en": "Police Station Vodno"
      },
      "geometry": {
        "type": "Polygon",
        "coordinates": [
          [
            [
              21.4177117,
              41.9830427
            ],
            [
              21.4176575,
              41.9829358
            ],
            [
              21.4180044,
              41.9828386
            ],
            [
              21.4180586,
              41.9829455
            ],
            [
              21.4177117,
              41.9830427
            ]
          ]
        ]
      },
      "id": "way/248643496"
    },
    {
      "type": "Feature",
      "properties": {
        "@id": "way/251609135",
        "addr:city": "Крива Паланка",
        "addr:postcode": "1330",
        "addr:street": "8-mi Oktomvri",
        "amenity": "school",
        "building": "yes",
        "name": "СОУ Ѓорче Петров"
      },
      "geometry": {
        "type": "Polygon",
        "coordinates": [
          [
            [
              22.3411736,
              42.2060259
            ],
            [
              22.3411307,
              42.2058868
            ],
            [
              22.3417717,
              42.2057855
            ],
            [
              22.3418146,
              42.2059663
            ],
            [
              22.3419246,
              42.2059543
            ],
            [
              22.3419434,
              42.2060477
            ],
            [
              22.3415249,
              42.2061014
            ],
            [
              22.3415196,
              42.2060795
            ],
            [
              22.3414901,
              42.2060815
            ],
            [
              22.3414633,
              42.2059842
            ],
            [
              22.3411736,
              42.2060259
            ]
          ]
        ]
      },
      "id": "way/251609135"
    },
    {
      "type": "Feature",
      "properties": {
        "@id": "way/251609136",
        "addr:city": "Крива Паланка",
        "addr:postcode": "1330",
        "addr:street": "8-mi Oktomvri",
        "amenity": "school",
        "building": "yes",
        "name": "СОУ Ѓорче Петров"
      },
      "geometry": {
        "type": "Polygon",
        "coordinates": [
          [
            [
              22.3408911,
              42.206207
            ],
            [
              22.3407811,
              42.2060123
            ],
            [
              22.3410386,
              42.2059368
            ],
            [
              22.3411432,
              42.2061435
            ],
            [
              22.3408911,
              42.206207
            ]
          ]
        ]
      },
      "id": "way/251609136"
    },
    {
      "type": "Feature",
      "properties": {
        "@id": "way/254488376",
        "amenity": "school",
        "name": "ОУ Рајко Жинзифов"
      },
      "geometry": {
        "type": "Polygon",
        "coordinates": [
          [
            [
              21.4837512,
              41.9562488
            ],
            [
              21.4836251,
              41.9560992
            ],
            [
              21.4835473,
              41.9561154
            ],
            [
              21.483086,
              41.9556925
            ],
            [
              21.4835017,
              41.9554113
            ],
            [
              21.4842179,
              41.9560097
            ],
            [
              21.4837512,
              41.9562488
            ]
          ]
        ]
      },
      "id": "way/254488376"
    },
    {
      "type": "Feature",
      "properties": {
        "@id": "way/255896286",
        "amenity": "school",
        "building": "yes",
        "name": "Pero Nakov",
        "name:mk": "СОУ „Перо Наков“",
        "operator": "Министерство за образование и наука",
        "wikipedia": "mk:СОУ „Перо Наков“ - Куманово"
      },
      "geometry": {
        "type": "Polygon",
        "coordinates": [
          [
            [
              21.7266829,
              42.133126
            ],
            [
              21.7261759,
              42.1331164
            ],
            [
              21.7261888,
              42.1327276
            ],
            [
              21.7266529,
              42.1327276
            ],
            [
              21.7266529,
              42.1328487
            ],
            [
              21.7268858,
              42.1328487
            ],
            [
              21.7270482,
              42.1328487
            ],
            [
              21.7270482,
              42.1329953
            ],
            [
              21.7268505,
              42.1329889
            ],
            [
              21.7268505,
              42.1331196
            ],
            [
              21.7268462,
              42.1334223
            ],
            [
              21.7266829,
              42.1334255
            ],
            [
              21.7266829,
              42.133126
            ]
          ]
        ]
      },
      "id": "way/255896286"
    },
    {
      "type": "Feature",
      "properties": {
        "@id": "way/264336813",
        "amenity": "school",
        "building": "yes",
        "name": "O.U. Josip Broz Tito"
      },
      "geometry": {
        "type": "Polygon",
        "coordinates": [
          [
            [
              20.5876384,
              41.6745184
            ],
            [
              20.5876612,
              41.6743516
            ],
            [
              20.5876739,
              41.6742663
            ],
            [
              20.5877094,
              41.674181
            ],
            [
              20.587887,
              41.6742284
            ],
            [
              20.5878921,
              41.6742929
            ],
            [
              20.5880215,
              41.6743042
            ],
            [
              20.58792,
              41.6743763
            ],
            [
              20.5878084,
              41.6745317
            ],
            [
              20.5876384,
              41.6745184
            ]
          ]
        ]
      },
      "id": "way/264336813"
    },
    {
      "type": "Feature",
      "properties": {
        "@id": "way/284468247",
        "amenity": "police",
        "building": "yes",
        "building:levels": "1",
        "int_name": "Police station - Aerodrom",
        "name": "Полициска Станица Аеродром"
      },
      "geometry": {
        "type": "Polygon",
        "coordinates": [
          [
            [
              21.4733251,
              41.986042
            ],
            [
              21.4731936,
              41.9857165
            ],
            [
              21.4730847,
              41.9854471
            ],
            [
              21.4735828,
              41.985336
            ],
            [
              21.4738231,
              41.9859309
            ],
            [
              21.4736774,
              41.9859634
            ],
            [
              21.4733251,
              41.986042
            ]
          ]
        ]
      },
      "id": "way/284468247"
    },
    {
      "type": "Feature",
      "properties": {
        "@id": "way/284468249",
        "addr:city": "Cкoпje",
        "addr:city:en": "Skopje",
        "addr:country": "MK",
        "addr:postcode": "1000",
        "amenity": "police",
        "building": "yes",
        "building:levels": "2",
        "check_date": "2024-07-15",
        "name": "Полициска Станица Воен Базен"
      },
      "geometry": {
        "type": "Polygon",
        "coordinates": [
          [
            [
              21.4586813,
              41.9835865
            ],
            [
              21.4593571,
              41.9835356
            ],
            [
              21.4593691,
              41.9836235
            ],
            [
              21.4591289,
              41.9836416
            ],
            [
              21.4591399,
              41.9837226
            ],
            [
              21.4587787,
              41.9837498
            ],
            [
              21.4587729,
              41.9837076
            ],
            [
              21.4586986,
              41.9837132
            ],
            [
              21.4586813,
              41.9835865
            ]
          ]
        ]
      },
      "id": "way/284468249"
    },
    {
      "type": "Feature",
      "properties": {
        "@id": "way/284497895",
        "addr:city": "skopje",
        "addr:postcode": "1000",
        "addr:street": "Горно Лисиче",
        "amenity": "school",
        "name": "О.У. Гоце Делчев",
        "wikidata": "Q12909156",
        "wikipedia": "mk:ОУ „Гоце Делчев“ - Горно Лисиче"
      },
      "geometry": {
        "type": "Polygon",
        "coordinates": [
          [
            [
              21.4865223,
              41.970522
            ],
            [
              21.4860845,
              41.969925
            ],
            [
              21.4874232,
              41.9691484
            ],
            [
              21.4879898,
              41.9699225
            ],
            [
              21.4865223,
              41.970522
            ]
          ]
        ]
      },
      "id": "way/284497895"
    },
    {
      "type": "Feature",
      "properties": {
        "@id": "way/284497912",
        "addr:city": "Cкoпje",
        "addr:city:en": "Skopje",
        "addr:country": "MK",
        "addr:postcode": "1000",
        "addr:street": "Булевар 12та Македонска Бригада",
        "amenity": "police",
        "int_name": "Police station - Lisiche",
        "name": "Полициска станица - Лисиче"
      },
      "geometry": {
        "type": "Polygon",
        "coordinates": [
          [
            [
              21.4710667,
              41.9745105
            ],
            [
              21.471409,
              41.9743488
            ],
            [
              21.471789,
              41.9747936
            ],
            [
              21.4714467,
              41.9749552
            ],
            [
              21.4710667,
              41.9745105
            ]
          ]
        ]
      },
      "id": "way/284497912"
    },
    {
      "type": "Feature",
      "properties": {
        "@id": "way/284497939",
        "amenity": "school",
        "check_date": "2024-03-28",
        "name": "О.У. Александар Македонски"
      },
      "geometry": {
        "type": "Polygon",
        "coordinates": [
          [
            [
              21.4718162,
              41.9793375
            ],
            [
              21.470472,
              41.9799754
            ],
            [
              21.4703759,
              41.9792369
            ],
            [
              21.4703979,
              41.9792003
            ],
            [
              21.4712411,
              41.9788002
            ],
            [
              21.4712802,
              41.9788457
            ],
            [
              21.4713609,
              41.9788074
            ],
            [
              21.4718162,
              41.9793375
            ]
          ]
        ]
      },
      "id": "way/284497939"
    },
    {
      "type": "Feature",
      "properties": {
        "@id": "way/284540688",
        "addr:street": "Кресна",
        "amenity": "school",
        "name": "Градинка Весели Цветови"
      },
      "geometry": {
        "type": "Polygon",
        "coordinates": [
          [
            [
              21.4663462,
              41.9773591
            ],
            [
              21.465785,
              41.9768509
            ],
            [
              21.4668856,
              41.9763309
            ],
            [
              21.4672404,
              41.9767457
            ],
            [
              21.4670369,
              41.9768419
            ],
            [
              21.467158,
              41.9769835
            ],
            [
              21.4663462,
              41.9773591
            ]
          ]
        ]
      },
      "id": "way/284540688"
    },
    {
      "type": "Feature",
      "properties": {
        "@id": "way/284540689",
        "addr:city": "Скопје",
        "addr:housenumber": "2",
        "addr:postcode": "1000",
        "addr:street": "Ѓуро Малешевац",
        "amenity": "school",
        "email": "dimitar_makedonski@yahoo.com",
        "fee": "no",
        "grades": "1-9",
        "internet_access": "yes",
        "name": "ООУ „Димитар Македонски“",
        "phone": "+389 2 2440 011",
        "polling_station": "yes",
        "start_date": "1964-09-01",
        "website": "https://oudimitarmakedonski.edu.mk/mk/",
        "wheelchair": "yes",
        "wikidata": "Q12909171",
        "wikipedia": "mk:ОУ „Димитар Македонски“ - Аеродром"
      },
      "geometry": {
        "type": "Polygon",
        "coordinates": [
          [
            [
              21.4761658,
              41.9741925
            ],
            [
              21.476113,
              41.9741968
            ],
            [
              21.4760707,
              41.9741733
            ],
            [
              21.4759753,
              41.974045
            ],
            [
              21.4759505,
              41.9740116
            ],
            [
              21.4758835,
              41.973933
            ],
            [
              21.4757517,
              41.9737639
            ],
            [
              21.4756286,
              41.9736059
            ],
            [
              21.4753456,
              41.9732612
            ],
            [
              21.4753477,
              41.9732443
            ],
            [
              21.4753623,
              41.9732258
            ],
            [
              21.4755474,
              41.9731549
            ],
            [
              21.4757477,
              41.9730902
            ],
            [
              21.4758522,
              41.9730565
            ],
            [
              21.4761119,
              41.9730072
            ],
            [
              21.4765094,
              41.9729789
            ],
            [
              21.4765491,
              41.9729766
            ],
            [
              21.4765724,
              41.9729838
            ],
            [
              21.4765946,
              41.9729954
            ],
            [
              21.4767738,
              41.9732153
            ],
            [
              21.4767997,
              41.9732471
            ],
            [
              21.4768118,
              41.9732619
            ],
            [
              21.477005,
              41.9734997
            ],
            [
              21.4770241,
              41.973522
            ],
            [
              21.4770469,
              41.9735505
            ],
            [
              21.4771651,
              41.9736955
            ],
            [
              21.4771664,
              41.9737168
            ],
            [
              21.4771572,
              41.9737376
            ],
            [
              21.4770511,
              41.9737862
            ],
            [
              21.4765498,
              41.9740139
            ],
            [
              21.4765062,
              41.9740342
            ],
            [
              21.4763,
              41.9741301
            ],
            [
              21.4761658,
              41.9741925
            ]
          ]
        ]
      },
      "id": "way/284540689"
    },
    {
      "type": "Feature",
      "properties": {
        "@id": "way/284743279",
        "amenity": "school",
        "check_date": "2024-07-28",
        "name": "ДСУ Димитар Влахов"
      },
      "geometry": {
        "type": "Polygon",
        "coordinates": [
          [
            [
              21.4458378,
              41.9858118
            ],
            [
              21.4452639,
              41.985122
            ],
            [
              21.4458861,
              41.9848388
            ],
            [
              21.4459612,
              41.9849505
            ],
            [
              21.4461597,
              41.9850382
            ],
            [
              21.4465299,
              41.9854928
            ],
            [
              21.4458378,
              41.9858118
            ]
          ]
        ]
      },
      "id": "way/284743279"
    },
    {
      "type": "Feature",
      "properties": {
        "@id": "way/284928908",
        "addr:city": "Cкoпje",
        "addr:city:en": "Skopje",
        "addr:housenumber": "17",
        "addr:postcode": "1000",
        "addr:street": "Петар Дељан",
        "amenity": "townhall",
        "landuse": "commercial",
        "name": "Општина Кисела Вода"
      },
      "geometry": {
        "type": "Polygon",
        "coordinates": [
          [
            [
              21.4412835,
              41.9818583
            ],
            [
              21.4411166,
              41.9817309
            ],
            [
              21.4410108,
              41.9815511
            ],
            [
              21.4408757,
              41.9813868
            ],
            [
              21.4408294,
              41.9814081
            ],
            [
              21.4407504,
              41.9813491
            ],
            [
              21.4411224,
              41.9811616
            ],
            [
              21.4415072,
              41.9809884
            ],
            [
              21.4422864,
              41.9817816
            ],
            [
              21.4420371,
              41.9820048
            ],
            [
              21.4419128,
              41.9821221
            ],
            [
              21.4413436,
              41.9817973
            ],
            [
              21.4412835,
              41.9818583
            ]
          ]
        ]
      },
      "id": "way/284928908"
    },
    {
      "type": "Feature",
      "properties": {
        "@id": "way/300492171",
        "amenity": "hospital",
        "healthcare": "hospital",
        "name": "Здравствен Дом Неготино"
      },
      "geometry": {
        "type": "Polygon",
        "coordinates": [
          [
            [
              22.0822141,
              41.4802697
            ],
            [
              22.0822282,
              41.4790076
            ],
            [
              22.0818318,
              41.4789863
            ],
            [
              22.0816903,
              41.4782757
            ],
            [
              22.0840686,
              41.477809
            ],
            [
              22.0841535,
              41.478456
            ],
            [
              22.0831626,
              41.4801636
            ],
            [
              22.0822141,
              41.4802697
            ]
          ]
        ]
      },
      "id": "way/300492171"
    },
    {
      "type": "Feature",
      "properties": {
        "@id": "way/326502003",
        "amenity": "school",
        "barrier": "fence",
        "name": "ПООУ Манчу Матак"
      },
      "geometry": {
        "type": "Polygon",
        "coordinates": [
          [
            [
              21.3250545,
              41.3921335
            ],
            [
              21.3253512,
              41.3923104
            ],
            [
              21.3255937,
              41.3924564
            ],
            [
              21.3255407,
              41.3925279
            ],
            [
              21.3254447,
              41.3926611
            ],
            [
              21.3250748,
              41.3926184
            ],
            [
              21.3250789,
              41.3925696
            ],
            [
              21.3249325,
              41.3925269
            ],
            [
              21.3250545,
              41.3921335
            ]
          ]
        ]
      },
      "id": "way/326502003"
    },
    {
      "type": "Feature",
      "properties": {
        "@id": "way/326805560",
        "amenity": "school",
        "barrier": "fence",
        "name": "ПООУ Манчу Матак"
      },
      "geometry": {
        "type": "Polygon",
        "coordinates": [
          [
            [
              21.3192384,
              41.363965
            ],
            [
              21.3192843,
              41.3638746
            ],
            [
              21.3193611,
              41.3637233
            ],
            [
              21.3195113,
              41.3637616
            ],
            [
              21.3199418,
              41.3638284
            ],
            [
              21.319905,
              41.3640779
            ],
            [
              21.3198899,
              41.3641164
            ],
            [
              21.31985,
              41.3641075
            ],
            [
              21.319764,
              41.3640874
            ],
            [
              21.3192384,
              41.363965
            ]
          ]
        ]
      },
      "id": "way/326805560"
    },
    {
      "type": "Feature",
      "properties": {
        "@id": "way/333863378",
        "addr:city": "Прилеп",
        "addr:postcode": "7500",
        "addr:street": "Прилепски Бранители",
        "amenity": "townhall",
        "building": "yes",
        "name": "ЛС Прилеп",
        "name:en": "Municipality building",
        "phone": "+38948401700",
        "townhall:type": "city",
        "website": "https://www.prilep.gov.mk/"
      },
      "geometry": {
        "type": "Polygon",
        "coordinates": [
          [
            [
              21.5525959,
              41.3464427
            ],
            [
              21.552833,
              41.3465554
            ],
            [
              21.5528174,
              41.3465739
            ],
            [
              21.552846,
              41.3465875
            ],
            [
              21.5528762,
              41.3465518
            ],
            [
              21.5530135,
              41.3466171
            ],
            [
              21.5527813,
              41.3468923
            ],
            [
              21.5523783,
              41.3467006
            ],
            [
              21.5525959,
              41.3464427
            ]
          ]
        ]
      },
      "id": "way/333863378"
    },
    {
      "type": "Feature",
      "properties": {
        "@id": "way/334629692",
        "amenity": "police",
        "building": "yes",
        "name": "ПС Богородица",
        "wikidata": "Q67403707"
      },
      "geometry": {
        "type": "Polygon",
        "coordinates": [
          [
            [
              22.5490638,
              41.1340624
            ],
            [
              22.5492035,
              41.1341693
            ],
            [
              22.5489845,
              41.1343446
            ],
            [
              22.5488342,
              41.1342421
            ],
            [
              22.5490638,
              41.1340624
            ]
          ]
        ]
      },
      "id": "way/334629692"
    },
    {
      "type": "Feature",
      "properties": {
        "@id": "way/337787825",
        "amenity": "police",
        "building": "yes",
        "name": "ПС Ропотово"
      },
      "geometry": {
        "type": "Polygon",
        "coordinates": [
          [
            [
              21.3726079,
              41.4512261
            ],
            [
              21.3727467,
              41.451153
            ],
            [
              21.3728282,
              41.4512401
            ],
            [
              21.3726894,
              41.4513131
            ],
            [
              21.3726079,
              41.4512261
            ]
          ]
        ]
      },
      "id": "way/337787825"
    },
    {
      "type": "Feature",
      "properties": {
        "@id": "way/357203554",
        "addr:city": "Прилеп",
        "addr:housenumber": "7",
        "addr:postcode": "7500",
        "addr:street": "Борка Утот",
        "amenity": "police",
        "building": "yes",
        "name": "МВР Прилеп",
        "name:en": "MOI Prilep",
        "phone": "+38948420340"
      },
      "geometry": {
        "type": "Polygon",
        "coordinates": [
          [
            [
              21.549526,
              41.3431599
            ],
            [
              21.5496401,
              41.3430281
            ],
            [
              21.5495928,
              41.343005
            ],
            [
              21.549704,
              41.3428766
            ],
            [
              21.5497963,
              41.3429217
            ],
            [
              21.549752,
              41.3429728
            ],
            [
              21.5501815,
              41.3431823
            ],
            [
              21.5501049,
              41.3432708
            ],
            [
              21.5499281,
              41.3431845
            ],
            [
              21.5498669,
              41.3432552
            ],
            [
              21.5501172,
              41.3433773
            ],
            [
              21.5500242,
              41.3434847
            ],
            [
              21.549624,
              41.3432894
            ],
            [
              21.5496738,
              41.343232
            ],
            [
              21.549526,
              41.3431599
            ]
          ]
        ]
      },
      "id": "way/357203554"
    },
    {
      "type": "Feature",
      "properties": {
        "@id": "way/362621227",
        "amenity": "school",
        "name": "Shkolla Fillore Bajram Shabani"
      },
      "geometry": {
        "type": "Polygon",
        "coordinates": [
          [
            [
              21.7137911,
              42.1343444
            ],
            [
              21.7137079,
              42.1342516
            ],
            [
              21.7133468,
              42.1336877
            ],
            [
              21.7137395,
              42.1335383
            ],
            [
              21.7141922,
              42.1341907
            ],
            [
              21.7137911,
              42.1343444
            ]
          ]
        ]
      },
      "id": "way/362621227"
    },
    {
      "type": "Feature",
      "properties": {
        "@id": "way/363211985",
        "amenity": "school",
        "name": "ОУ Гоце Делчев"
      },
      "geometry": {
        "type": "Polygon",
        "coordinates": [
          [
            [
              22.1995498,
              41.7400809
            ],
            [
              22.2000435,
              41.740103
            ],
            [
              22.2004756,
              41.7402622
            ],
            [
              22.2004887,
              41.7404766
            ],
            [
              22.2003144,
              41.7406467
            ],
            [
              22.2000676,
              41.7405787
            ],
            [
              22.1998287,
              41.7405674
            ],
            [
              22.1998128,
              41.7405667
            ],
            [
              22.1998155,
              41.7402965
            ],
            [
              22.1995323,
              41.7401922
            ],
            [
              22.1995498,
              41.7400809
            ]
          ]
        ]
      },
      "id": "way/363211985"
    },
    {
      "type": "Feature",
      "properties": {
        "@id": "way/365480226",
        "addr:street": "Street 13",
        "amenity": "school",
        "name": "ОУ Ванчо Прќе",
        "name:en": "Primary school Vancho Prke"
      },
      "geometry": {
        "type": "Polygon",
        "coordinates": [
          [
            [
              22.8022636,
              41.9670455
            ],
            [
              22.8024258,
              41.9667686
            ],
            [
              22.802441,
              41.9667408
            ],
            [
              22.8031317,
              41.967002
            ],
            [
              22.8029862,
              41.9672224
            ],
            [
              22.8029545,
              41.9672704
            ],
            [
              22.8025794,
              41.9671469
            ],
            [
              22.8023746,
              41.9670795
            ],
            [
              22.8022636,
              41.9670455
            ]
          ]
        ]
      },
      "id": "way/365480226"
    },
    {
      "type": "Feature",
      "properties": {
        "@id": "way/365616019",
        "addr:city": "Делчево",
        "addr:postcode": "2320",
        "addr:street": "бул. Методи Митевски Брицо",
        "amenity": "school",
        "name": "СОУ М.М. Брицо",
        "name:en": "SOU M.M. Brico"
      },
      "geometry": {
        "type": "Polygon",
        "coordinates": [
          [
            [
              22.7775765,
              41.9678102
            ],
            [
              22.7775926,
              41.9676866
            ],
            [
              22.77761,
              41.9675599
            ],
            [
              22.7776194,
              41.9674662
            ],
            [
              22.7777596,
              41.9672629
            ],
            [
              22.7778306,
              41.9671764
            ],
            [
              22.7779367,
              41.9670239
            ],
            [
              22.7780163,
              41.9670255
            ],
            [
              22.7780118,
              41.9669401
            ],
            [
              22.7781076,
              41.9669471
            ],
            [
              22.7781123,
              41.9669129
            ],
            [
              22.7781994,
              41.9669159
            ],
            [
              22.7783832,
              41.9669239
            ],
            [
              22.7786635,
              41.9669408
            ],
            [
              22.7790148,
              41.9669638
            ],
            [
              22.7792348,
              41.9669797
            ],
            [
              22.7792917,
              41.9669882
            ],
            [
              22.779377,
              41.9670173
            ],
            [
              22.77944,
              41.9670455
            ],
            [
              22.7795447,
              41.967119
            ],
            [
              22.7796041,
              41.967216
            ],
            [
              22.779697,
              41.9673954
            ],
            [
              22.7797523,
              41.9675218
            ],
            [
              22.7797563,
              41.9675865
            ],
            [
              22.779695,
              41.9676262
            ],
            [
              22.7792956,
              41.9677144
            ],
            [
              22.7790149,
              41.9677673
            ],
            [
              22.7788778,
              41.9677926
            ],
            [
              22.7787816,
              41.9678144
            ],
            [
              22.7787474,
              41.9677564
            ],
            [
              22.7787211,
              41.9677126
            ],
            [
              22.7787055,
              41.9676858
            ],
            [
              22.7785288,
              41.9676989
            ],
            [
              22.7782151,
              41.9677679
            ],
            [
              22.7780273,
              41.9677531
            ],
            [
              22.77796,
              41.9677434
            ],
            [
              22.777948,
              41.9678132
            ],
            [
              22.777944,
              41.9678352
            ],
            [
              22.7775765,
              41.9678102
            ]
          ]
        ]
      },
      "id": "way/365616019"
    },
    {
      "type": "Feature",
      "properties": {
        "@id": "way/365616020",
        "addr:city": "Делчево",
        "addr:postcode": "2320",
        "addr:street": "бул. Методи Митевски Брицо",
        "amenity": "school",
        "name": "СВ. Климент Охридски",
        "name:en": "OU. Sv. Kliment Ohridski"
      },
      "geometry": {
        "type": "Polygon",
        "coordinates": [
          [
            [
              22.77844,
              41.9667466
            ],
            [
              22.7777649,
              41.9667193
            ],
            [
              22.7777177,
              41.9667135
            ],
            [
              22.7776712,
              41.9666956
            ],
            [
              22.7776435,
              41.9666795
            ],
            [
              22.7776218,
              41.966655
            ],
            [
              22.7776083,
              41.966627
            ],
            [
              22.7775967,
              41.9665982
            ],
            [
              22.7775944,
              41.9665764
            ],
            [
              22.7775957,
              41.9665511
            ],
            [
              22.7776027,
              41.9665215
            ],
            [
              22.7776179,
              41.9664911
            ],
            [
              22.7781762,
              41.9658277
            ],
            [
              22.778463,
              41.9659844
            ],
            [
              22.7785952,
              41.9658439
            ],
            [
              22.7789516,
              41.9659455
            ],
            [
              22.7789312,
              41.966423
            ],
            [
              22.7785228,
              41.9664069
            ],
            [
              22.7785028,
              41.966406
            ],
            [
              22.7784692,
              41.9664207
            ],
            [
              22.77844,
              41.9667466
            ]
          ]
        ]
      },
      "id": "way/365616020"
    },
    {
      "type": "Feature",
      "properties": {
        "@id": "way/365616021",
        "addr:city": "Делчево",
        "addr:postcode": "2320",
        "addr:street": "Н. Ј. Вапцаров",
        "amenity": "school",
        "name": "ОУ. Ванчо Прќе",
        "name:en": "OU Vanco Prke",
        "operator": "OU Vanco Prke"
      },
      "geometry": {
        "type": "Polygon",
        "coordinates": [
          [
            [
              22.7728647,
              41.9674973
            ],
            [
              22.7736366,
              41.9667141
            ],
            [
              22.7753929,
              41.9678056
            ],
            [
              22.7750515,
              41.9681924
            ],
            [
              22.7746602,
              41.9685635
            ],
            [
              22.7728647,
              41.9674973
            ]
          ]
        ]
      },
      "id": "way/365616021"
    },
    {
      "type": "Feature",
      "properties": {
        "@id": "way/365648641",
        "addr:city": "Делчево",
        "addr:postcode": "2320",
        "addr:street": "бул. Македонија",
        "amenity": "courthouse",
        "building": "yes",
        "name": "Основен суд - Делчево",
        "name:en": "Primary Court"
      },
      "geometry": {
        "type": "Polygon",
        "coordinates": [
          [
            [
              22.7766038,
              41.9671102
            ],
            [
              22.7765752,
              41.9671441
            ],
            [
              22.7766065,
              41.9671587
            ],
            [
              22.7764837,
              41.9673044
            ],
            [
              22.7764555,
              41.9672912
            ],
            [
              22.7764192,
              41.9673343
            ],
            [
              22.7763818,
              41.9673168
            ],
            [
              22.7763905,
              41.9673066
            ],
            [
              22.7762444,
              41.9672385
            ],
            [
              22.7762856,
              41.9671896
            ],
            [
              22.7762654,
              41.9671802
            ],
            [
              22.7763443,
              41.9670867
            ],
            [
              22.7763288,
              41.9670794
            ],
            [
              22.7763494,
              41.967055
            ],
            [
              22.7763826,
              41.9670704
            ],
            [
              22.776421,
              41.967025
            ],
            [
              22.7766038,
              41.9671102
            ]
          ]
        ]
      },
      "id": "way/365648641"
    },
    {
      "type": "Feature",
      "properties": {
        "@id": "way/365648646",
        "addr:city": "Делчево",
        "addr:postcode": "2320",
        "addr:street": "М.М. Брицо",
        "amenity": "hospital",
        "healthcare": "hospital",
        "name": "Здравствен дом Гоце Делчев",
        "name:en": "Goce Delchev"
      },
      "geometry": {
        "type": "Polygon",
        "coordinates": [
          [
            [
              22.7806657,
              41.9661917
            ],
            [
              22.780648,
              41.9661945
            ],
            [
              22.7806291,
              41.9661937
            ],
            [
              22.7806101,
              41.9661873
            ],
            [
              22.780589,
              41.9661728
            ],
            [
              22.7805612,
              41.9661479
            ],
            [
              22.7797751,
              41.9653908
            ],
            [
              22.7797631,
              41.9653706
            ],
            [
              22.7797561,
              41.9653538
            ],
            [
              22.7797521,
              41.9653373
            ],
            [
              22.7797552,
              41.9653221
            ],
            [
              22.7797648,
              41.9653078
            ],
            [
              22.7797778,
              41.9652957
            ],
            [
              22.7799159,
              41.9652192
            ],
            [
              22.7802724,
              41.9649941
            ],
            [
              22.780289,
              41.9649852
            ],
            [
              22.7804593,
              41.9651139
            ],
            [
              22.7808827,
              41.9648738
            ],
            [
              22.7815973,
              41.9653163
            ],
            [
              22.7816245,
              41.9653366
            ],
            [
              22.7816447,
              41.9653561
            ],
            [
              22.7816571,
              41.9653741
            ],
            [
              22.7816616,
              41.9653918
            ],
            [
              22.7816593,
              41.9654108
            ],
            [
              22.7816527,
              41.9654276
            ],
            [
              22.7816448,
              41.9654416
            ],
            [
              22.7816327,
              41.9654551
            ],
            [
              22.7807288,
              41.9661617
            ],
            [
              22.7807087,
              41.9661738
            ],
            [
              22.7806866,
              41.9661845
            ],
            [
              22.7806657,
              41.9661917
            ]
          ]
        ]
      },
      "id": "way/365648646"
    },
    {
      "type": "Feature",
      "properties": {
        "@id": "way/365654382",
        "addr:city": "Делчево",
        "addr:postcode": "2320",
        "addr:street": "Н. Ј. Вапцаров",
        "amenity": "townhall",
        "building": "yes",
        "name": "Дон на културата Н. Ј. Вапцаров",
        "name:en": "House of Culture - N. J. Vapcarov"
      },
      "geometry": {
        "type": "Polygon",
        "coordinates": [
          [
            [
              22.7733148,
              41.9667403
            ],
            [
              22.7732792,
              41.9667653
            ],
            [
              22.7732357,
              41.96678
            ],
            [
              22.7731804,
              41.9667859
            ],
            [
              22.7731052,
              41.9667815
            ],
            [
              22.7730578,
              41.9666815
            ],
            [
              22.7727904,
              41.9667672
            ],
            [
              22.7727784,
              41.9667521
            ],
            [
              22.7727592,
              41.9667217
            ],
            [
              22.772734,
              41.9666682
            ],
            [
              22.7727244,
              41.9666298
            ],
            [
              22.7727196,
              41.9665825
            ],
            [
              22.7727196,
              41.9665379
            ],
            [
              22.7727376,
              41.9664897
            ],
            [
              22.7727628,
              41.9664692
            ],
            [
              22.7728036,
              41.9664754
            ],
            [
              22.7728168,
              41.9664504
            ],
            [
              22.772782,
              41.9664326
            ],
            [
              22.7728192,
              41.9663995
            ],
            [
              22.7728636,
              41.966371
            ],
            [
              22.7728949,
              41.9663987
            ],
            [
              22.7729333,
              41.9663772
            ],
            [
              22.7728973,
              41.9663389
            ],
            [
              22.7729465,
              41.9663201
            ],
            [
              22.7729909,
              41.9663014
            ],
            [
              22.7730341,
              41.9662889
            ],
            [
              22.7731276,
              41.9662773
            ],
            [
              22.7731745,
              41.9662773
            ],
            [
              22.7732117,
              41.9662817
            ],
            [
              22.7732453,
              41.9662871
            ],
            [
              22.7732922,
              41.9662987
            ],
            [
              22.773387,
              41.9663326
            ],
            [
              22.7734662,
              41.9663763
            ],
            [
              22.7733654,
              41.9664772
            ],
            [
              22.773285,
              41.9664486
            ],
            [
              22.7732742,
              41.966462
            ],
            [
              22.7732477,
              41.9664915
            ],
            [
              22.7732766,
              41.9665049
            ],
            [
              22.773357,
              41.966504
            ],
            [
              22.773375,
              41.9665298
            ],
            [
              22.7733846,
              41.9665513
            ],
            [
              22.773387,
              41.96657
            ],
            [
              22.7733918,
              41.9665923
            ],
            [
              22.7733906,
              41.96662
            ],
            [
              22.7733858,
              41.9666423
            ],
            [
              22.7733666,
              41.9666744
            ],
            [
              22.7733465,
              41.9666771
            ],
            [
              22.7733188,
              41.9666742
            ],
            [
              22.7733069,
              41.966683
            ],
            [
              22.773303,
              41.9667006
            ],
            [
              22.7733148,
              41.9667403
            ]
          ]
        ]
      },
      "id": "way/365654382"
    },
    {
      "type": "Feature",
      "properties": {
        "@id": "way/365654386",
        "amenity": "townhall",
        "building": "yes",
        "name": "Дом на културата Звегор"
      },
      "geometry": {
        "type": "Polygon",
        "coordinates": [
          [
            [
              22.8061037,
              41.9677794
            ],
            [
              22.806171,
              41.9676667
            ],
            [
              22.8065318,
              41.9677857
            ],
            [
              22.8064644,
              41.9678985
            ],
            [
              22.8061037,
              41.9677794
            ]
          ]
        ]
      },
      "id": "way/365654386"
    },
    {
      "type": "Feature",
      "properties": {
        "@id": "way/366453436",
        "addr:city": "Делчево",
        "addr:postcode": "2320",
        "addr:street": "бул. Македонија",
        "amenity": "police",
        "building": "yes",
        "name": "Полициска станица - Делчево",
        "name:en": "Police Station"
      },
      "geometry": {
        "type": "Polygon",
        "coordinates": [
          [
            [
              22.7762241,
              41.9674147
            ],
            [
              22.7761542,
              41.967499
            ],
            [
              22.7761302,
              41.967488
            ],
            [
              22.7760815,
              41.9675466
            ],
            [
              22.7761005,
              41.9675553
            ],
            [
              22.7759939,
              41.9676839
            ],
            [
              22.7759073,
              41.9676442
            ],
            [
              22.776024,
              41.9675035
            ],
            [
              22.7759774,
              41.9674822
            ],
            [
              22.7759945,
              41.9674615
            ],
            [
              22.7760148,
              41.9674708
            ],
            [
              22.7760269,
              41.9674562
            ],
            [
              22.7760457,
              41.9674648
            ],
            [
              22.7760567,
              41.9674516
            ],
            [
              22.7760353,
              41.9674418
            ],
            [
              22.7761037,
              41.9673595
            ],
            [
              22.7762241,
              41.9674147
            ]
          ]
        ]
      },
      "id": "way/366453436"
    },
    {
      "type": "Feature",
      "properties": {
        "@id": "way/366453437",
        "amenity": "police",
        "building": "yes",
        "name": "Полициска станица - Делчево",
        "name:en": "Police Station"
      },
      "geometry": {
        "type": "Polygon",
        "coordinates": [
          [
            [
              22.7761784,
              41.967361
            ],
            [
              22.7762493,
              41.9672787
            ],
            [
              22.7763428,
              41.9673232
            ],
            [
              22.7762719,
              41.9674055
            ],
            [
              22.7761784,
              41.967361
            ]
          ]
        ]
      },
      "id": "way/366453437"
    },
    {
      "type": "Feature",
      "properties": {
        "@id": "way/366651882",
        "addr:city": "Tetovo",
        "addr:postcode": "1200",
        "addr:street": "Илинденска",
        "amenity": "courthouse",
        "building": "yes",
        "building:levels": "2",
        "name": "Основен Суд",
        "name:en": "Courthouse",
        "name:sq": "Gjykata Themelore",
        "opening_hours": "Mo-Fr 08:00-12:00,13:00-16:30",
        "operator": "RM",
        "wheelchair": "limited"
      },
      "geometry": {
        "type": "Polygon",
        "coordinates": [
          [
            [
              20.969027,
              42.0082357
            ],
            [
              20.9686549,
              42.0078541
            ],
            [
              20.968807,
              42.0077689
            ],
            [
              20.9689025,
              42.0078562
            ],
            [
              20.9689795,
              42.0078059
            ],
            [
              20.9689725,
              42.0077868
            ],
            [
              20.9690052,
              42.0077678
            ],
            [
              20.9690683,
              42.0078354
            ],
            [
              20.9690169,
              42.0078614
            ],
            [
              20.9692761,
              42.008131
            ],
            [
              20.969027,
              42.0082357
            ]
          ]
        ]
      },
      "id": "way/366651882"
    },
    {
      "type": "Feature",
      "properties": {
        "@id": "way/375121053",
        "amenity": "school",
        "name": "ПООУ Страшо Пинџур"
      },
      "geometry": {
        "type": "Polygon",
        "coordinates": [
          [
            [
              22.4400971,
              41.3448068
            ],
            [
              22.4406266,
              41.3453193
            ],
            [
              22.4399425,
              41.3454691
            ],
            [
              22.4398085,
              41.3453993
            ],
            [
              22.4397133,
              41.3453328
            ],
            [
              22.4395026,
              41.3451557
            ],
            [
              22.4398279,
              41.3449839
            ],
            [
              22.4400971,
              41.3448068
            ]
          ]
        ]
      },
      "id": "way/375121053"
    },
    {
      "type": "Feature",
      "properties": {
        "@id": "way/375374252",
        "alt_name": "ПОУ \"Др. Златан Сремец\"",
        "amenity": "school",
        "name": "Др. Златан Сремец",
        "name:en": "Dr. Zlatan Sremec"
      },
      "geometry": {
        "type": "Polygon",
        "coordinates": [
          [
            [
              21.4368834,
              41.9853004
            ],
            [
              21.4361721,
              41.9851046
            ],
            [
              21.4365699,
              41.9843926
            ],
            [
              21.4371063,
              41.9849218
            ],
            [
              21.4368834,
              41.9853004
            ]
          ]
        ]
      },
      "id": "way/375374252"
    },
    {
      "type": "Feature",
      "properties": {
        "@id": "way/375660399",
        "addr:city": "Македонски Брод",
        "addr:postcode": "6530",
        "addr:street": "7-ми Септември",
        "amenity": "townhall",
        "building": "yes",
        "name": "Општина",
        "name:en": "Municipality"
      },
      "geometry": {
        "type": "Polygon",
        "coordinates": [
          [
            [
              21.2191848,
              41.5068493
            ],
            [
              21.2191857,
              41.5067542
            ],
            [
              21.2194791,
              41.5067559
            ],
            [
              21.2194804,
              41.5066221
            ],
            [
              21.2194024,
              41.5066216
            ],
            [
              21.2194032,
              41.506534
            ],
            [
              21.219651,
              41.5065354
            ],
            [
              21.2196477,
              41.5068586
            ],
            [
              21.2195682,
              41.5068582
            ],
            [
              21.2195677,
              41.5069047
            ],
            [
              21.2194344,
              41.506904
            ],
            [
              21.2194349,
              41.5068507
            ],
            [
              21.2191848,
              41.5068493
            ]
          ]
        ]
      },
      "id": "way/375660399"
    },
    {
      "type": "Feature",
      "properties": {
        "@id": "way/378122457",
        "amenity": "school",
        "name": "ОУГС Битолски Конгрес"
      },
      "geometry": {
        "type": "Polygon",
        "coordinates": [
          [
            [
              21.4440774,
              42.0022259
            ],
            [
              21.443928,
              42.0022792
            ],
            [
              21.4436056,
              42.0023283
            ],
            [
              21.4433201,
              42.0023804
            ],
            [
              21.4431807,
              42.001924
            ],
            [
              21.4432955,
              42.0017124
            ],
            [
              21.443553,
              42.0016168
            ],
            [
              21.4439332,
              42.0013867
            ],
            [
              21.4444185,
              42.0013055
            ],
            [
              21.4446044,
              42.0014095
            ],
            [
              21.4446902,
              42.0016965
            ],
            [
              21.4443528,
              42.0020123
            ],
            [
              21.4440774,
              42.0022259
            ]
          ]
        ]
      },
      "id": "way/378122457"
    },
    {
      "type": "Feature",
      "properties": {
        "@id": "way/378291427",
        "amenity": "school",
        "name": "ОУ „Аврам Писевски“"
      },
      "geometry": {
        "type": "Polygon",
        "coordinates": [
          [
            [
              21.3829926,
              42.0266057
            ],
            [
              21.3828685,
              42.0264512
            ],
            [
              21.3828337,
              42.0264078
            ],
            [
              21.3828143,
              42.0260111
            ],
            [
              21.3825241,
              42.0257702
            ],
            [
              21.3825686,
              42.0257346
            ],
            [
              21.3829532,
              42.0254278
            ],
            [
              21.3838674,
              42.0257466
            ],
            [
              21.384043,
              42.0257955
            ],
            [
              21.3835433,
              42.0265128
            ],
            [
              21.3832849,
              42.0268388
            ],
            [
              21.3829926,
              42.0266057
            ]
          ]
        ]
      },
      "id": "way/378291427"
    },
    {
      "type": "Feature",
      "properties": {
        "@id": "way/379561907",
        "amenity": "school",
        "name": "ОУ Димитар Поп Георгиев - Беровски"
      },
      "geometry": {
        "type": "Polygon",
        "coordinates": [
          [
            [
              21.3703225,
              42.0042699
            ],
            [
              21.3700719,
              42.0040226
            ],
            [
              21.3701982,
              42.0039293
            ],
            [
              21.3705764,
              42.0036969
            ],
            [
              21.3706572,
              42.0036385
            ],
            [
              21.3709624,
              42.0039089
            ],
            [
              21.3703225,
              42.0042699
            ]
          ]
        ]
      },
      "id": "way/379561907"
    },
    {
      "type": "Feature",
      "properties": {
        "@id": "way/404972785",
        "amenity": "school",
        "name": "ПООУ Крсте Мисирков"
      },
      "geometry": {
        "type": "Polygon",
        "coordinates": [
          [
            [
              21.4560258,
              40.9212423
            ],
            [
              21.4573918,
              40.9215358
            ],
            [
              21.4572844,
              40.9219275
            ],
            [
              21.4568641,
              40.9223509
            ],
            [
              21.4566959,
              40.9220862
            ],
            [
              21.4565185,
              40.9220792
            ],
            [
              21.4564157,
              40.9221392
            ],
            [
              21.4562756,
              40.9220827
            ],
            [
              21.4556434,
              40.9216186
            ],
            [
              21.4560258,
              40.9212423
            ]
          ]
        ]
      },
      "id": "way/404972785"
    },
    {
      "type": "Feature",
      "properties": {
        "@id": "way/407204255",
        "amenity": "school",
        "barrier": "fence",
        "name": "ПООУ Страхил Пинџуров - Страшо Пинџур",
        "name:en": "Strahil Pindzhurov - Strahil Pindzhur AEMS"
      },
      "geometry": {
        "type": "Polygon",
        "coordinates": [
          [
            [
              21.4589294,
              41.3077617
            ],
            [
              21.4588466,
              41.3076291
            ],
            [
              21.4587292,
              41.3074381
            ],
            [
              21.4587034,
              41.3073489
            ],
            [
              21.4586954,
              41.307294
            ],
            [
              21.4587066,
              41.3072308
            ],
            [
              21.4587209,
              41.3071444
            ],
            [
              21.4587526,
              41.3070675
            ],
            [
              21.458796,
              41.3071413
            ],
            [
              21.4594338,
              41.3073635
            ],
            [
              21.4594184,
              41.3074005
            ],
            [
              21.4595447,
              41.3074283
            ],
            [
              21.459403,
              41.3078055
            ],
            [
              21.4590117,
              41.3077685
            ],
            [
              21.4589294,
              41.3077617
            ]
          ]
        ]
      },
      "id": "way/407204255"
    },
    {
      "type": "Feature",
      "properties": {
        "@id": "way/407211026",
        "amenity": "school",
        "barrier": "fence",
        "name": "ПООУ Народен Херој Круме Волнароски-Коле",
        "name:en": "People's Hero Krume Volnaroski-Kole AEMS",
        "name:mk": "ПООУ Народен Херој Круме Волнароски-Коле",
        "website": "https://ooukrumevolnaroski.edu.mk",
        "wikidata": "Q20568735",
        "wikipedia": "mk:ОУ „Круме Волнароски“ - Тополчани"
      },
      "geometry": {
        "type": "Polygon",
        "coordinates": [
          [
            [
              21.4784959,
              41.3042991
            ],
            [
              21.4783397,
              41.3044053
            ],
            [
              21.4781251,
              41.3042058
            ],
            [
              21.4782109,
              41.3041453
            ],
            [
              21.4785516,
              41.304105
            ],
            [
              21.4785223,
              41.3042028
            ],
            [
              21.4785744,
              41.304248
            ],
            [
              21.4784959,
              41.3042991
            ]
          ]
        ]
      },
      "id": "way/407211026"
    },
    {
      "type": "Feature",
      "properties": {
        "@id": "way/407215065",
        "amenity": "school",
        "barrier": "fence",
        "name": "ПООУ Народен Херој Круме Волнароски-Коле",
        "name:en": "People's Hero Krume Volnaroski-Kole AEMS",
        "name:mk": "ПООУ Народен Херој Круме Волнароски-Коле",
        "website": "https://ooukrumevolnaroski.edu.mk",
        "wikidata": "Q20568735",
        "wikipedia": "mk:ОУ „Круме Волнароски“ - Тополчани"
      },
      "geometry": {
        "type": "Polygon",
        "coordinates": [
          [
            [
              21.4968258,
              41.2972335
            ],
            [
              21.4966124,
              41.2966808
            ],
            [
              21.4969592,
              41.296641
            ],
            [
              21.4969874,
              41.296682
            ],
            [
              21.4972202,
              41.2971949
            ],
            [
              21.4970999,
              41.2972298
            ],
            [
              21.4970714,
              41.2971404
            ],
            [
              21.4969267,
              41.2971664
            ],
            [
              21.4969415,
              41.2972127
            ],
            [
              21.4968258,
              41.2972335
            ]
          ]
        ]
      },
      "id": "way/407215065"
    },
    {
      "type": "Feature",
      "properties": {
        "@id": "way/407544555",
        "amenity": "school",
        "name": "ООУ Ѓорѓија Кастриот"
      },
      "geometry": {
        "type": "Polygon",
        "coordinates": [
          [
            [
              21.5611147,
              42.0240317
            ],
            [
              21.5611216,
              42.0240518
            ],
            [
              21.5611259,
              42.0240712
            ],
            [
              21.5611205,
              42.0240874
            ],
            [
              21.5610988,
              42.0241009
            ],
            [
              21.5609578,
              42.0241556
            ],
            [
              21.5607897,
              42.0242233
            ],
            [
              21.5600823,
              42.0243182
            ],
            [
              21.559881,
              42.0241142
            ],
            [
              21.5593672,
              42.0235325
            ],
            [
              21.5596904,
              42.0235099
            ],
            [
              21.5599052,
              42.0234899
            ],
            [
              21.5605788,
              42.0234177
            ],
            [
              21.5611147,
              42.0240317
            ]
          ]
        ]
      },
      "id": "way/407544555"
    },
    {
      "type": "Feature",
      "properties": {
        "@id": "way/407549890",
        "amenity": "townhall",
        "building": "yes",
        "name": "ЛС Арачиново"
      },
      "geometry": {
        "type": "Polygon",
        "coordinates": [
          [
            [
              21.5654387,
              42.0250964
            ],
            [
              21.5652397,
              42.0249614
            ],
            [
              21.5653025,
              42.0249104
            ],
            [
              21.565339,
              42.0249352
            ],
            [
              21.5654475,
              42.0248469
            ],
            [
              21.56561,
              42.0249571
            ],
            [
              21.5654387,
              42.0250964
            ]
          ]
        ]
      },
      "id": "way/407549890"
    },
    {
      "type": "Feature",
      "properties": {
        "@id": "way/408840915",
        "addr:city": "Cкoпje",
        "addr:housenumber": "8",
        "addr:postcode": "1020",
        "addr:street": "Бледски Договор",
        "amenity": "hospital",
        "building": "hospital",
        "email": "infosalter@zmc.mk",
        "emergency": "yes",
        "healthcare": "hospital",
        "healthcare:speciality": "cardiology",
        "name": "Клиника Болница Жан Митрев",
        "name:en": "Zan Mitrev Clinic",
        "phone": "+389 2 3091 484",
        "website": "https://zmc.mk/"
      },
      "geometry": {
        "type": "Polygon",
        "coordinates": [
          [
            [
              21.4037146,
              42.0045207
            ],
            [
              21.4033904,
              42.0045673
            ],
            [
              21.4033077,
              42.0042499
            ],
            [
              21.403269,
              42.0042554
            ],
            [
              21.4032364,
              42.0041303
            ],
            [
              21.4032751,
              42.0041248
            ],
            [
              21.4031904,
              42.0037996
            ],
            [
              21.4035147,
              42.003753
            ],
            [
              21.4037146,
              42.0045207
            ]
          ]
        ]
      },
      "id": "way/408840915"
    },
    {
      "type": "Feature",
      "properties": {
        "@id": "way/412315745",
        "amenity": "school",
        "name": "ООУ Крсте Мисирков"
      },
      "geometry": {
        "type": "Polygon",
        "coordinates": [
          [
            [
              21.3602395,
              40.9529681
            ],
            [
              21.3597702,
              40.9529304
            ],
            [
              21.3593716,
              40.9528907
            ],
            [
              21.3589869,
              40.952801
            ],
            [
              21.3589623,
              40.9524575
            ],
            [
              21.3588738,
              40.9523185
            ],
            [
              21.3588455,
              40.9519576
            ],
            [
              21.3591711,
              40.95184
            ],
            [
              21.3601692,
              40.9517384
            ],
            [
              21.3601869,
              40.9521474
            ],
            [
              21.3603532,
              40.9525002
            ],
            [
              21.3602258,
              40.9524842
            ],
            [
              21.3602395,
              40.9529681
            ]
          ]
        ]
      },
      "id": "way/412315745"
    },
    {
      "type": "Feature",
      "properties": {
        "@id": "way/412643699",
        "amenity": "school",
        "barrier": "fence",
        "name": "ПООУ Пецо Крстески-Даскалот",
        "name:en": "Peco Krsteski-Daskalot AEMS"
      },
      "geometry": {
        "type": "Polygon",
        "coordinates": [
          [
            [
              21.3982062,
              41.4130333
            ],
            [
              21.3984798,
              41.4124419
            ],
            [
              21.3985334,
              41.4124218
            ],
            [
              21.3986353,
              41.4122488
            ],
            [
              21.3988767,
              41.4123654
            ],
            [
              21.3989411,
              41.412297
            ],
            [
              21.3996117,
              41.4125585
            ],
            [
              21.3994078,
              41.4128603
            ],
            [
              21.3994668,
              41.4128804
            ],
            [
              21.3993929,
              41.4129801
            ],
            [
              21.3989411,
              41.412989
            ],
            [
              21.398689,
              41.4131982
            ],
            [
              21.3984012,
              41.4130999
            ],
            [
              21.3982062,
              41.4130333
            ]
          ]
        ]
      },
      "id": "way/412643699"
    },
    {
      "type": "Feature",
      "properties": {
        "@id": "way/412801866",
        "amenity": "school",
        "barrier": "fence",
        "name": "ПООУ Пецо Крстески-Даскалот",
        "name:en": "Peco Krsteski-Daskalot AEMS",
        "name:mk": "ПООУ Пецо Крстески-Даскалот"
      },
      "geometry": {
        "type": "Polygon",
        "coordinates": [
          [
            [
              21.4339577,
              41.4027121
            ],
            [
              21.4337085,
              41.4025938
            ],
            [
              21.4339087,
              41.4024066
            ],
            [
              21.4340073,
              41.4022379
            ],
            [
              21.4341036,
              41.4021228
            ],
            [
              21.434427,
              41.4022279
            ],
            [
              21.4344057,
              41.4023819
            ],
            [
              21.4343804,
              41.4024865
            ],
            [
              21.4339122,
              41.4025722
            ],
            [
              21.4339577,
              41.4027121
            ]
          ]
        ]
      },
      "id": "way/412801866"
    },
    {
      "type": "Feature",
      "properties": {
        "@id": "way/412941228",
        "amenity": "school",
        "barrier": "fence",
        "name": "ПООУ Климент Охридски",
        "name:en": "Kliment Ohridski AEMS"
      },
      "geometry": {
        "type": "Polygon",
        "coordinates": [
          [
            [
              21.4982018,
              41.386466
            ],
            [
              21.4981424,
              41.3864602
            ],
            [
              21.4981742,
              41.3862963
            ],
            [
              21.4980608,
              41.3862839
            ],
            [
              21.4980464,
              41.3863581
            ],
            [
              21.4979275,
              41.3863451
            ],
            [
              21.4979101,
              41.3864348
            ],
            [
              21.4978281,
              41.3863853
            ],
            [
              21.4978989,
              41.3862655
            ],
            [
              21.4979392,
              41.3861367
            ],
            [
              21.4979687,
              41.3860421
            ],
            [
              21.4980438,
              41.386018
            ],
            [
              21.498304,
              41.3860381
            ],
            [
              21.4982557,
              41.3864003
            ],
            [
              21.4982018,
              41.386466
            ]
          ]
        ]
      },
      "id": "way/412941228"
    },
    {
      "type": "Feature",
      "properties": {
        "@id": "way/412979391",
        "amenity": "school",
        "barrier": "fence",
        "name": "ПООУ Страхил Пинџуров - Страшо Пинџур",
        "name:en": "Strahil Pindzhurov - Strasho Pindzhur AEMS"
      },
      "geometry": {
        "type": "Polygon",
        "coordinates": [
          [
            [
              21.4407946,
              41.3438009
            ],
            [
              21.4409764,
              41.3430977
            ],
            [
              21.4410565,
              41.3431
            ],
            [
              21.441075,
              41.3430353
            ],
            [
              21.441266,
              41.3430676
            ],
            [
              21.4418083,
              41.3431787
            ],
            [
              21.4417466,
              41.3435904
            ],
            [
              21.441617,
              41.3436013
            ],
            [
              21.4411982,
              41.3436367
            ],
            [
              21.440961,
              41.3438772
            ],
            [
              21.4407946,
              41.3438009
            ]
          ]
        ]
      },
      "id": "way/412979391"
    },
    {
      "type": "Feature",
      "properties": {
        "@id": "way/414243515",
        "addr:city": "Тополчани",
        "addr:housenumber": "6",
        "addr:postcode": "7512",
        "amenity": "school",
        "barrier": "fence",
        "name": "ООУ\nНароден Херој\nКруме Волнароски-Коле",
        "name:en": "People's Hero\nKrume Volnaroski-Kole\nEMS",
        "name:mk": "ООУ\nНароден Херој\nКруме Волнароски-Коле",
        "phone": "+38948480103",
        "website": "https://ooukrumevolnaroski.edu.mk",
        "wikidata": "Q20568735",
        "wikipedia": "mk:ОУ „Круме Волнароски“ - Тополчани"
      },
      "geometry": {
        "type": "Polygon",
        "coordinates": [
          [
            [
              21.4322289,
              41.2247645
            ],
            [
              21.4325805,
              41.2249568
            ],
            [
              21.4324544,
              41.2250938
            ],
            [
              21.4325525,
              41.2251535
            ],
            [
              21.432375,
              41.2253642
            ],
            [
              21.4324871,
              41.2256207
            ],
            [
              21.4329167,
              41.2257225
            ],
            [
              21.4327626,
              41.2259192
            ],
            [
              21.4326692,
              41.2260667
            ],
            [
              21.4323937,
              41.2262564
            ],
            [
              21.4323096,
              41.2263618
            ],
            [
              21.432375,
              41.2263899
            ],
            [
              21.4321555,
              41.2267095
            ],
            [
              21.4316698,
              41.2266428
            ],
            [
              21.4313896,
              41.2264496
            ],
            [
              21.430906,
              41.2261615
            ],
            [
              21.4310093,
              41.2260225
            ],
            [
              21.43127,
              41.2257502
            ],
            [
              21.4317046,
              41.2253259
            ],
            [
              21.4319455,
              41.2250822
            ],
            [
              21.432101,
              41.2249012
            ],
            [
              21.4322289,
              41.2247645
            ]
          ]
        ]
      },
      "id": "way/414243515"
    },
    {
      "type": "Feature",
      "properties": {
        "@id": "way/414244530",
        "addr:postcode": "7512",
        "amenity": "police",
        "building": "yes",
        "name": "ПС Тополчани",
        "name:en": "Topolcani PS",
        "name:mk": "ПС Тополчани"
      },
      "geometry": {
        "type": "Polygon",
        "coordinates": [
          [
            [
              21.4332711,
              41.2241899
            ],
            [
              21.4332122,
              41.2241535
            ],
            [
              21.4333575,
              41.2240205
            ],
            [
              21.433512,
              41.224116
            ],
            [
              21.4334528,
              41.2241702
            ],
            [
              21.4333572,
              41.2241111
            ],
            [
              21.4332711,
              41.2241899
            ]
          ]
        ]
      },
      "id": "way/414244530"
    },
    {
      "type": "Feature",
      "properties": {
        "@id": "way/416906714",
        "amenity": "school",
        "name": "Искра"
      },
      "geometry": {
        "type": "Polygon",
        "coordinates": [
          [
            [
              22.1749558,
              41.7308567
            ],
            [
              22.1756122,
              41.7310624
            ],
            [
              22.1756215,
              41.7311565
            ],
            [
              22.1751961,
              41.7319711
            ],
            [
              22.1748182,
              41.7318395
            ],
            [
              22.174507,
              41.7318563
            ],
            [
              22.1746887,
              41.7313778
            ],
            [
              22.1749253,
              41.730911
            ],
            [
              22.1749558,
              41.7308567
            ]
          ]
        ]
      },
      "id": "way/416906714"
    },
    {
      "type": "Feature",
      "properties": {
        "@id": "way/422688582",
        "addr:city": "Cкoпje",
        "addr:city:en": "Skopje",
        "addr:country": "MK",
        "addr:postcode": "1000",
        "addr:street": "Скупи",
        "amenity": "hospital",
        "building": "yes",
        "building:levels": "6",
        "email": "callcenter@acibademsistina.mk",
        "name": "Болница „Аџибадем Систина“",
        "name:en": "Acibadem Sistina Hospital",
        "operator": "Acibadem",
        "phone": "+389 2 3099500",
        "website": "https://www.acibademsistina.mk/"
      },
      "geometry": {
        "type": "Polygon",
        "coordinates": [
          [
            [
              21.4036789,
              42.0146042
            ],
            [
              21.4036558,
              42.0144235
            ],
            [
              21.4039908,
              42.0143998
            ],
            [
              21.4040139,
              42.0145805
            ],
            [
              21.4036789,
              42.0146042
            ]
          ]
        ]
      },
      "id": "way/422688582"
    },
    {
      "type": "Feature",
      "properties": {
        "@id": "way/431358734",
        "amenity": "school",
        "barrier": "fence",
        "name": "ПООУ Народен Херој Круме Волнароски-Коле",
        "name:en": "People's Hero Krume Volnaroski-Kole AEMS",
        "name:mk": "ПООУ Народен Херој Круме Волнароски-Коле",
        "website": "https://ooukrumevolnaroski.edu.mk",
        "wikidata": "Q20568735",
        "wikipedia": "mk:ОУ „Круме Волнароски“ - Тополчани"
      },
      "geometry": {
        "type": "Polygon",
        "coordinates": [
          [
            [
              21.5706461,
              41.2594116
            ],
            [
              21.5710592,
              41.2592745
            ],
            [
              21.5715688,
              41.2596455
            ],
            [
              21.5713703,
              41.2597745
            ],
            [
              21.5711879,
              41.259831
            ],
            [
              21.5708929,
              41.2598874
            ],
            [
              21.5706461,
              41.2594116
            ]
          ]
        ]
      },
      "id": "way/431358734"
    },
    {
      "type": "Feature",
      "properties": {
        "@id": "way/433012216",
        "amenity": "school",
        "barrier": "fence",
        "name": "Браќа Миладиновци",
        "name:en": "Brakja Miladinovci"
      },
      "geometry": {
        "type": "Polygon",
        "coordinates": [
          [
            [
              21.434016,
              41.1412369
            ],
            [
              21.4340145,
              41.1416368
            ],
            [
              21.4340143,
              41.14169
            ],
            [
              21.4340127,
              41.1420925
            ],
            [
              21.4340124,
              41.1421751
            ],
            [
              21.4337895,
              41.1422124
            ],
            [
              21.4337399,
              41.1420952
            ],
            [
              21.4332542,
              41.1421438
            ],
            [
              21.4326215,
              41.1422071
            ],
            [
              21.4325778,
              41.142101
            ],
            [
              21.432526,
              41.1419752
            ],
            [
              21.4325486,
              41.1416661
            ],
            [
              21.4325614,
              41.1414901
            ],
            [
              21.4327065,
              41.1413782
            ],
            [
              21.4327914,
              41.1413675
            ],
            [
              21.4328834,
              41.1412822
            ],
            [
              21.4330675,
              41.1412103
            ],
            [
              21.4333577,
              41.1412316
            ],
            [
              21.4334745,
              41.1411383
            ],
            [
              21.4337541,
              41.141141
            ],
            [
              21.4338054,
              41.1411598
            ],
            [
              21.434016,
              41.1412369
            ]
          ]
        ]
      },
      "id": "way/433012216"
    },
    {
      "type": "Feature",
      "properties": {
        "@id": "way/435650417",
        "amenity": "school",
        "name": "ООУ Јонче Смугрески",
        "name:en": "Jonche Smugreski EMS"
      },
      "geometry": {
        "type": "Polygon",
        "coordinates": [
          [
            [
              21.3634283,
              41.2790068
            ],
            [
              21.3635918,
              41.2779715
            ],
            [
              21.3635871,
              41.2778416
            ],
            [
              21.3643402,
              41.2778306
            ],
            [
              21.3650391,
              41.2777499
            ],
            [
              21.3657822,
              41.2777662
            ],
            [
              21.3655864,
              41.2779144
            ],
            [
              21.3653683,
              41.278083
            ],
            [
              21.3652195,
              41.2781809
            ],
            [
              21.3647992,
              41.2784999
            ],
            [
              21.3644326,
              41.2787598
            ],
            [
              21.3642295,
              41.2789631
            ],
            [
              21.3641232,
              41.2791653
            ],
            [
              21.3635629,
              41.2790362
            ],
            [
              21.3634283,
              41.2790068
            ]
          ]
        ]
      },
      "id": "way/435650417"
    },
    {
      "type": "Feature",
      "properties": {
        "@id": "way/439087277",
        "amenity": "townhall",
        "baby_feeding": "no",
        "building": "yes",
        "building:levels": "3",
        "name": "Општина Штип",
        "smoking": "outside",
        "townhall:type": "municipality",
        "website": "https://www.stip.gov.mk/",
        "wheelchair": "yes",
        "wikidata": "Q2423082",
        "wikipedia": "en:Štip Municipality"
      },
      "geometry": {
        "type": "Polygon",
        "coordinates": [
          [
            [
              22.1913784,
              41.7358017
            ],
            [
              22.1919623,
              41.7359995
            ],
            [
              22.1919201,
              41.7360689
            ],
            [
              22.1918779,
              41.7361383
            ],
            [
              22.1918332,
              41.7361231
            ],
            [
              22.1917299,
              41.7360881
            ],
            [
              22.1915884,
              41.7360402
            ],
            [
              22.191555,
              41.736095
            ],
            [
              22.1914081,
              41.7360452
            ],
            [
              22.1913419,
              41.7360228
            ],
            [
              22.1912817,
              41.7360024
            ],
            [
              22.1912616,
              41.7360355
            ],
            [
              22.1909759,
              41.7359387
            ],
            [
              22.1910257,
              41.7358568
            ],
            [
              22.1910627,
              41.7358694
            ],
            [
              22.1910928,
              41.7358199
            ],
            [
              22.191273,
              41.7358809
            ],
            [
              22.1912898,
              41.7358534
            ],
            [
              22.1913371,
              41.7358695
            ],
            [
              22.1913784,
              41.7358017
            ]
          ]
        ]
      },
      "id": "way/439087277"
    },
    {
      "type": "Feature",
      "properties": {
        "@id": "way/439111146",
        "amenity": "school",
        "name": "Гимазија „Славчо Стојменски“ - Штип",
        "wikidata": "Q12905958",
        "wikipedia": "mk:ДСУ Гимназија „Славчо Стојменски“ - Штип"
      },
      "geometry": {
        "type": "Polygon",
        "coordinates": [
          [
            [
              22.1924069,
              41.736405
            ],
            [
              22.1922042,
              41.7363334
            ],
            [
              22.1921823,
              41.7363257
            ],
            [
              22.1921665,
              41.7363201
            ],
            [
              22.1918474,
              41.7362182
            ],
            [
              22.1918863,
              41.7361504
            ],
            [
              22.1919598,
              41.736022
            ],
            [
              22.1919987,
              41.7359541
            ],
            [
              22.1920106,
              41.7359339
            ],
            [
              22.1919519,
              41.7359182
            ],
            [
              22.1920266,
              41.7357917
            ],
            [
              22.1924349,
              41.7359381
            ],
            [
              22.1926453,
              41.7360085
            ],
            [
              22.1924069,
              41.736405
            ]
          ]
        ]
      },
      "id": "way/439111146"
    },
    {
      "type": "Feature",
      "properties": {
        "@id": "way/439111652",
        "amenity": "hospital",
        "name": "Стар Здраствен Дом"
      },
      "geometry": {
        "type": "Polygon",
        "coordinates": [
          [
            [
              22.1919723,
              41.7356638
            ],
            [
              22.1919365,
              41.7357765
            ],
            [
              22.1915312,
              41.7357047
            ],
            [
              22.1915727,
              41.7355744
            ],
            [
              22.191673,
              41.7355922
            ],
            [
              22.1917094,
              41.735478
            ],
            [
              22.1918335,
              41.7354999
            ],
            [
              22.1917915,
              41.7356318
            ],
            [
              22.1919723,
              41.7356638
            ]
          ]
        ]
      },
      "id": "way/439111652"
    },
    {
      "type": "Feature",
      "properties": {
        "@id": "way/439154788",
        "amenity": "police",
        "building": "yes",
        "name": "МВР Штип",
        "opening_hours": "24/7",
        "phone": "192"
      },
      "geometry": {
        "type": "Polygon",
        "coordinates": [
          [
            [
              22.200849,
              41.7379778
            ],
            [
              22.2008492,
              41.7378178
            ],
            [
              22.2015746,
              41.7378432
            ],
            [
              22.2015998,
              41.7378441
            ],
            [
              22.2015989,
              41.7378585
            ],
            [
              22.2015971,
              41.737887
            ],
            [
              22.2015906,
              41.7379894
            ],
            [
              22.2015898,
              41.7380021
            ],
            [
              22.2009692,
              41.7379817
            ],
            [
              22.200849,
              41.7379778
            ]
          ]
        ]
      },
      "id": "way/439154788"
    },
    {
      "type": "Feature",
      "properties": {
        "@id": "way/440567705",
        "amenity": "school",
        "name": "Манчу Матак"
      },
      "geometry": {
        "type": "Polygon",
        "coordinates": [
          [
            [
              21.3901412,
              41.3316858
            ],
            [
              21.3901619,
              41.3316389
            ],
            [
              21.3901819,
              41.3315471
            ],
            [
              21.3902531,
              41.3314234
            ],
            [
              21.390308,
              41.3313563
            ],
            [
              21.3903547,
              41.3313456
            ],
            [
              21.3904279,
              41.3313777
            ],
            [
              21.3906962,
              41.3315822
            ],
            [
              21.3907267,
              41.3316677
            ],
            [
              21.3906738,
              41.3318401
            ],
            [
              21.3904706,
              41.3317577
            ],
            [
              21.3902671,
              41.3317171
            ],
            [
              21.3901412,
              41.3316858
            ]
          ]
        ]
      },
      "id": "way/440567705"
    },
    {
      "type": "Feature",
      "properties": {
        "@id": "way/442442570",
        "amenity": "school",
        "barrier": "fence",
        "name": "ПООУ Ѓорѓи Делчев-Гоце",
        "name:en": "Gjorgji Delchev-Goce AEMS",
        "name:mk": "ПООУ Ѓорѓи Делчев-Гоце",
        "website": "https://oougocedelcev.edu.mk"
      },
      "geometry": {
        "type": "Polygon",
        "coordinates": [
          [
            [
              21.70142,
              41.3384392
            ],
            [
              21.7009893,
              41.3386508
            ],
            [
              21.7005265,
              41.3380952
            ],
            [
              21.7007021,
              41.3379857
            ],
            [
              21.7009512,
              41.3378754
            ],
            [
              21.70142,
              41.3384392
            ]
          ]
        ]
      },
      "id": "way/442442570"
    },
    {
      "type": "Feature",
      "properties": {
        "@id": "way/443233913",
        "amenity": "hospital",
        "healthcare": "hospital",
        "name": "Здравствен дом Панче Караѓозов"
      },
      "geometry": {
        "type": "Polygon",
        "coordinates": [
          [
            [
              22.1992246,
              41.7385807
            ],
            [
              22.1991893,
              41.7386699
            ],
            [
              22.1991853,
              41.7386801
            ],
            [
              22.1991329,
              41.7387333
            ],
            [
              22.1991058,
              41.7387607
            ],
            [
              22.1990343,
              41.738803
            ],
            [
              22.1985658,
              41.7388195
            ],
            [
              22.1985517,
              41.7387046
            ],
            [
              22.1980527,
              41.7387204
            ],
            [
              22.1980466,
              41.738553
            ],
            [
              22.1980456,
              41.738525
            ],
            [
              22.198127,
              41.7385184
            ],
            [
              22.1981535,
              41.7384828
            ],
            [
              22.1982681,
              41.7384445
            ],
            [
              22.1983393,
              41.7384207
            ],
            [
              22.1984809,
              41.7384128
            ],
            [
              22.1985162,
              41.7384208
            ],
            [
              22.1985494,
              41.7384283
            ],
            [
              22.198648,
              41.7384505
            ],
            [
              22.1990788,
              41.7385478
            ],
            [
              22.1992246,
              41.7385807
            ]
          ]
        ]
      },
      "id": "way/443233913"
    },
    {
      "type": "Feature",
      "properties": {
        "@id": "way/445148605",
        "amenity": "hospital",
        "healthcare:speciality": "general;paediatrics;ophthalmology;surgery;cardiology;emergency;oncology;radiology;dermatology;internal;psychiatry;orthopaedics;gynaecology;otolaryngology",
        "name": "Клиничка Болница Штип",
        "opening_hours": "24/7"
      },
      "geometry": {
        "type": "Polygon",
        "coordinates": [
          [
            [
              22.1975856,
              41.7363536
            ],
            [
              22.1975214,
              41.7363065
            ],
            [
              22.1974876,
              41.7362577
            ],
            [
              22.1974718,
              41.7361414
            ],
            [
              22.1975576,
              41.7356453
            ],
            [
              22.1975039,
              41.7355573
            ],
            [
              22.1975407,
              41.7355059
            ],
            [
              22.1975681,
              41.7354675
            ],
            [
              22.1975479,
              41.7354617
            ],
            [
              22.1975346,
              41.7354583
            ],
            [
              22.1975218,
              41.7354541
            ],
            [
              22.197499,
              41.7354475
            ],
            [
              22.1976106,
              41.7352896
            ],
            [
              22.1977934,
              41.7350923
            ],
            [
              22.197803,
              41.7350821
            ],
            [
              22.1981533,
              41.7347125
            ],
            [
              22.1982507,
              41.7345889
            ],
            [
              22.1983255,
              41.7343788
            ],
            [
              22.1983239,
              41.734304
            ],
            [
              22.198296,
              41.7342046
            ],
            [
              22.1983783,
              41.734081
            ],
            [
              22.1984769,
              41.7339566
            ],
            [
              22.1987923,
              41.733587
            ],
            [
              22.1991285,
              41.7330773
            ],
            [
              22.1994329,
              41.7325676
            ],
            [
              22.1997161,
              41.7322638
            ],
            [
              22.2002272,
              41.7321597
            ],
            [
              22.2004834,
              41.7320366
            ],
            [
              22.2008772,
              41.7320761
            ],
            [
              22.2008879,
              41.7325865
            ],
            [
              22.200743,
              41.7330489
            ],
            [
              22.2006036,
              41.7333691
            ],
            [
              22.2005902,
              41.7336494
            ],
            [
              22.2004856,
              41.7338955
            ],
            [
              22.200499,
              41.7341417
            ],
            [
              22.2003944,
              41.734488
            ],
            [
              22.2005016,
              41.7346281
            ],
            [
              22.2005151,
              41.7348363
            ],
            [
              22.200566,
              41.7351075
            ],
            [
              22.200452,
              41.7351115
            ],
            [
              22.2003729,
              41.7351555
            ],
            [
              22.200338,
              41.7352346
            ],
            [
              22.2003541,
              41.7353757
            ],
            [
              22.2004064,
              41.7354938
            ],
            [
              22.2004225,
              41.7356039
            ],
            [
              22.2003809,
              41.735721
            ],
            [
              22.2002911,
              41.735811
            ],
            [
              22.2001717,
              41.7358741
            ],
            [
              22.2000336,
              41.7359231
            ],
            [
              22.1998861,
              41.7359161
            ],
            [
              22.1996863,
              41.7358601
            ],
            [
              22.1994395,
              41.73573
            ],
            [
              22.1991471,
              41.7355328
            ],
            [
              22.1991149,
              41.7354888
            ],
            [
              22.1991026,
              41.7354942
            ],
            [
              22.1990823,
              41.7355031
            ],
            [
              22.1990619,
              41.735512
            ],
            [
              22.1990211,
              41.7355298
            ],
            [
              22.1989733,
              41.7355332
            ],
            [
              22.1989277,
              41.7355364
            ],
            [
              22.1988789,
              41.7355398
            ],
            [
              22.1987941,
              41.7355798
            ],
            [
              22.1987515,
              41.7355999
            ],
            [
              22.1985691,
              41.735779
            ],
            [
              22.1984055,
              41.7359021
            ],
            [
              22.1980541,
              41.7362554
            ],
            [
              22.1979147,
              41.7363685
            ],
            [
              22.1978241,
              41.7363974
            ],
            [
              22.1977116,
              41.7363997
            ],
            [
              22.1975856,
              41.7363536
            ]
          ]
        ]
      },
      "id": "way/445148605"
    },
    {
      "type": "Feature",
      "properties": {
        "@id": "way/446057610",
        "amenity": "school",
        "name": "СОУ „Коле Нехтенин“"
      },
      "geometry": {
        "type": "Polygon",
        "coordinates": [
          [
            [
              22.1813816,
              41.7477362
            ],
            [
              22.1816499,
              41.7474723
            ],
            [
              22.1817638,
              41.7475239
            ],
            [
              22.1818654,
              41.7473965
            ],
            [
              22.1819436,
              41.7474334
            ],
            [
              22.1823357,
              41.7470369
            ],
            [
              22.182656,
              41.7472094
            ],
            [
              22.1835485,
              41.7477271
            ],
            [
              22.183486,
              41.7477945
            ],
            [
              22.1830702,
              41.7480902
            ],
            [
              22.182455,
              41.748455
            ],
            [
              22.1812812,
              41.7479194
            ],
            [
              22.1813816,
              41.7477362
            ]
          ]
        ]
      },
      "id": "way/446057610"
    },
    {
      "type": "Feature",
      "properties": {
        "@id": "way/446112495",
        "amenity": "school",
        "barrier": "fence",
        "name": "СОУ Јане Сандански - Штип"
      },
      "geometry": {
        "type": "Polygon",
        "coordinates": [
          [
            [
              22.199571,
              41.7321486
            ],
            [
              22.1993055,
              41.7320324
            ],
            [
              22.1991675,
              41.7319453
            ],
            [
              22.1990684,
              41.7318093
            ],
            [
              22.19901,
              41.731664
            ],
            [
              22.1989906,
              41.7316138
            ],
            [
              22.1991392,
              41.7315517
            ],
            [
              22.1992365,
              41.7314699
            ],
            [
              22.1992383,
              41.7313484
            ],
            [
              22.1992578,
              41.7312665
            ],
            [
              22.1993321,
              41.7310618
            ],
            [
              22.199463,
              41.7308888
            ],
            [
              22.1996506,
              41.7307633
            ],
            [
              22.199778,
              41.7307158
            ],
            [
              22.199955,
              41.7307779
            ],
            [
              22.2002558,
              41.7308782
            ],
            [
              22.2002576,
              41.7309377
            ],
            [
              22.2001213,
              41.7311701
            ],
            [
              22.200024,
              41.7313523
            ],
            [
              22.1998081,
              41.7317598
            ],
            [
              22.199571,
              41.7321486
            ]
          ]
        ]
      },
      "id": "way/446112495"
    },
    {
      "type": "Feature",
      "properties": {
        "@id": "way/453039671",
        "amenity": "school",
        "name": "Братство Миѓени",
        "name:en": "Bratstvo Migjeni"
      },
      "geometry": {
        "type": "Polygon",
        "coordinates": [
          [
            [
              21.0410552,
              41.9820916
            ],
            [
              21.0410104,
              41.9820616
            ],
            [
              21.0406282,
              41.9819165
            ],
            [
              21.0407094,
              41.9817838
            ],
            [
              21.0408135,
              41.9816131
            ],
            [
              21.0411165,
              41.9813928
            ],
            [
              21.0415657,
              41.9818032
            ],
            [
              21.0410552,
              41.9820916
            ]
          ]
        ]
      },
      "id": "way/453039671"
    },
    {
      "type": "Feature",
      "properties": {
        "@id": "way/474879955",
        "amenity": "police",
        "building": "yes",
        "int_name": "Police station - Bit Pazar",
        "name": "Полициска станица - Бит Пазар"
      },
      "geometry": {
        "type": "Polygon",
        "coordinates": [
          [
            [
              21.4384705,
              42.0055929
            ],
            [
              21.4385884,
              42.0056789
            ],
            [
              21.4388899,
              42.0054509
            ],
            [
              21.4390352,
              42.0055569
            ],
            [
              21.4386288,
              42.0058645
            ],
            [
              21.4384997,
              42.0057701
            ],
            [
              21.4383655,
              42.0056727
            ],
            [
              21.4384705,
              42.0055929
            ]
          ]
        ]
      },
      "id": "way/474879955"
    },
    {
      "type": "Feature",
      "properties": {
        "@id": "way/477325820",
        "amenity": "school",
        "building": "yes",
        "name": "Интернационално Школо"
      },
      "geometry": {
        "type": "Polygon",
        "coordinates": [
          [
            [
              21.4222607,
              42.0007336
            ],
            [
              21.4220425,
              42.0007613
            ],
            [
              21.4220144,
              42.0006387
            ],
            [
              21.4222325,
              42.000611
            ],
            [
              21.4222607,
              42.0007336
            ]
          ]
        ]
      },
      "id": "way/477325820"
    },
    {
      "type": "Feature",
      "properties": {
        "@id": "way/478124628",
        "amenity": "school",
        "name": "ООУ Димитар Влахов"
      },
      "geometry": {
        "type": "Polygon",
        "coordinates": [
          [
            [
              22.2022829,
              41.7498994
            ],
            [
              22.2035146,
              41.7501212
            ],
            [
              22.2029801,
              41.7514176
            ],
            [
              22.2017308,
              41.7506915
            ],
            [
              22.2017096,
              41.7506334
            ],
            [
              22.2017287,
              41.7505384
            ],
            [
              22.2017308,
              41.7505278
            ],
            [
              22.2018582,
              41.7503377
            ],
            [
              22.2022829,
              41.7498994
            ]
          ]
        ]
      },
      "id": "way/478124628"
    },
    {
      "type": "Feature",
      "properties": {
        "@id": "way/487169697",
        "amenity": "school",
        "barrier": "fence",
        "name": "ПООУ Гоце Делчев",
        "name:en": "Goce Delchev AEMS"
      },
      "geometry": {
        "type": "Polygon",
        "coordinates": [
          [
            [
              21.8083664,
              41.3810472
            ],
            [
              21.8080875,
              41.3809184
            ],
            [
              21.8077817,
              41.3807855
            ],
            [
              21.8076583,
              41.3807252
            ],
            [
              21.8073633,
              41.3804474
            ],
            [
              21.8072614,
              41.380218
            ],
            [
              21.8072131,
              41.380065
            ],
            [
              21.8071058,
              41.3800047
            ],
            [
              21.8076315,
              41.3798316
            ],
            [
              21.8077549,
              41.379896
            ],
            [
              21.8080124,
              41.379904
            ],
            [
              21.8082806,
              41.3800127
            ],
            [
              21.8081312,
              41.3802738
            ],
            [
              21.8082232,
              41.3803322
            ],
            [
              21.8084497,
              41.3803322
            ],
            [
              21.8084894,
              41.3805053
            ],
            [
              21.8086408,
              41.3811661
            ],
            [
              21.8083664,
              41.3810472
            ]
          ]
        ]
      },
      "id": "way/487169697"
    },
    {
      "type": "Feature",
      "properties": {
        "@id": "way/489901372",
        "amenity": "school",
        "barrier": "fence",
        "name": "ООУ Страхил Пинџуров - Страшо Пинџур",
        "name:en": "Strahil Pindzhurov - Strasho Pindzhur EMS",
        "phone": "+38948483418",
        "website": "https://oustrasopindzur.wordpress.com/",
        "wikidata": "Q12909239",
        "wikipedia": "mk:ОУ „Страшо Пинџур“ - Мало Коњари"
      },
      "geometry": {
        "type": "Polygon",
        "coordinates": [
          [
            [
              21.4631682,
              41.3367073
            ],
            [
              21.4632048,
              41.3367989
            ],
            [
              21.4632332,
              41.3369485
            ],
            [
              21.4631031,
              41.3375925
            ],
            [
              21.4630718,
              41.337947
            ],
            [
              21.4630562,
              41.3380344
            ],
            [
              21.4630173,
              41.338103
            ],
            [
              21.4629434,
              41.3381775
            ],
            [
              21.4628504,
              41.3382409
            ],
            [
              21.4627443,
              41.3382844
            ],
            [
              21.4625787,
              41.3381969
            ],
            [
              21.4625299,
              41.3380748
            ],
            [
              21.4624608,
              41.3378825
            ],
            [
              21.4623429,
              41.3378825
            ],
            [
              21.4622819,
              41.3375407
            ],
            [
              21.4623185,
              41.3371041
            ],
            [
              21.4624486,
              41.3371164
            ],
            [
              21.462599,
              41.3366066
            ],
            [
              21.4631682,
              41.3367073
            ]
          ]
        ]
      },
      "id": "way/489901372"
    },
    {
      "type": "Feature",
      "properties": {
        "@id": "way/495043125",
        "amenity": "school",
        "barrier": "fence",
        "name": "ПООУ Народен Херој Круме Волнароски-Коле",
        "name:en": "People's Hero Krume Volnaroski-Kole AEMS",
        "name:mk": "ПООУ Народен Херој Круме Волнароски-Коле",
        "website": "https://ooukrumevolnaroski.edu.mk",
        "wikidata": "Q20568735",
        "wikipedia": "mk:ОУ „Круме Волнароски“ - Тополчани"
      },
      "geometry": {
        "type": "Polygon",
        "coordinates": [
          [
            [
              21.536171,
              41.2955774
            ],
            [
              21.5355795,
              41.2956299
            ],
            [
              21.53547,
              41.2954135
            ],
            [
              21.535462,
              41.2952118
            ],
            [
              21.5353126,
              41.294668
            ],
            [
              21.535341,
              41.2944598
            ],
            [
              21.5358883,
              41.2943587
            ],
            [
              21.5362181,
              41.2942769
            ],
            [
              21.5361945,
              41.2944865
            ],
            [
              21.5361751,
              41.2946119
            ],
            [
              21.5361951,
              41.2947794
            ],
            [
              21.5362219,
              41.2948298
            ],
            [
              21.5362139,
              41.295126
            ],
            [
              21.5361549,
              41.2952792
            ],
            [
              21.536171,
              41.2955774
            ]
          ]
        ]
      },
      "id": "way/495043125"
    },
    {
      "type": "Feature",
      "properties": {
        "@id": "way/495421277",
        "amenity": "school",
        "name": "ОУ Дервиш Цара",
        "name:en": "Dervish Cara Elementary school",
        "name:mk": "ОУ Дервиш Цара",
        "name:sq": "Shkolla fillore"
      },
      "geometry": {
        "type": "Polygon",
        "coordinates": [
          [
            [
              20.9390514,
              41.976653
            ],
            [
              20.9390215,
              41.9765572
            ],
            [
              20.9389532,
              41.9765249
            ],
            [
              20.938943,
              41.9764898
            ],
            [
              20.9388325,
              41.9765112
            ],
            [
              20.9388063,
              41.9764273
            ],
            [
              20.9390999,
              41.9763767
            ],
            [
              20.9391792,
              41.9766309
            ],
            [
              20.9390514,
              41.976653
            ]
          ]
        ]
      },
      "id": "way/495421277"
    },
    {
      "type": "Feature",
      "properties": {
        "@id": "way/505215521",
        "amenity": "school",
        "name": "Woodrow Wilson High School",
        "name:en": "Woodrow Wilson High School"
      },
      "geometry": {
        "type": "Polygon",
        "coordinates": [
          [
            [
              20.9694082,
              41.9784533
            ],
            [
              20.9701002,
              41.9771593
            ],
            [
              20.9703255,
              41.9773068
            ],
            [
              20.9705481,
              41.9773746
            ],
            [
              20.9709343,
              41.9773886
            ],
            [
              20.9722942,
              41.9775002
            ],
            [
              20.9724954,
              41.9778033
            ],
            [
              20.9707868,
              41.9783756
            ],
            [
              20.9703147,
              41.9784513
            ],
            [
              20.9698373,
              41.9784833
            ],
            [
              20.9694082,
              41.9784533
            ]
          ]
        ]
      },
      "id": "way/505215521"
    },
    {
      "type": "Feature",
      "properties": {
        "@id": "way/507592933",
        "amenity": "school",
        "building": "yes",
        "int_name": "Krste Misirkov (Braka Miladinovci)",
        "name": "Крсте Мисирков (Браќа Миладиновци"
      },
      "geometry": {
        "type": "Polygon",
        "coordinates": [
          [
            [
              21.7158895,
              42.129076
            ],
            [
              21.71589,
              42.129026
            ],
            [
              21.7163038,
              42.1290285
            ],
            [
              21.7163043,
              42.12899
            ],
            [
              21.7166589,
              42.1289922
            ],
            [
              21.7166585,
              42.129023
            ],
            [
              21.7168692,
              42.1290243
            ],
            [
              21.7168695,
              42.1289939
            ],
            [
              21.7170114,
              42.1289948
            ],
            [
              21.7170076,
              42.1293399
            ],
            [
              21.7169008,
              42.1293392
            ],
            [
              21.7169037,
              42.1290823
            ],
            [
              21.7158895,
              42.129076
            ]
          ]
        ]
      },
      "id": "way/507592933"
    },
    {
      "type": "Feature",
      "properties": {
        "@id": "way/508255444",
        "amenity": "school",
        "int_name": "EMUC - Nace Bugjoni",
        "name": "ЕМУЦ - Наце Буѓони"
      },
      "geometry": {
        "type": "Polygon",
        "coordinates": [
          [
            [
              21.7153374,
              42.1284223
            ],
            [
              21.7175299,
              42.1286894
            ],
            [
              21.7175891,
              42.1285068
            ],
            [
              21.7181817,
              42.1284764
            ],
            [
              21.718478,
              42.1283682
            ],
            [
              21.7190021,
              42.1285237
            ],
            [
              21.7185504,
              42.1298388
            ],
            [
              21.7175376,
              42.1298491
            ],
            [
              21.7175183,
              42.1295351
            ],
            [
              21.7161928,
              42.1294981
            ],
            [
              21.7162066,
              42.1293011
            ],
            [
              21.7158552,
              42.1292991
            ],
            [
              21.7158413,
              42.1294981
            ],
            [
              21.715097,
              42.129414
            ],
            [
              21.7151661,
              42.1289625
            ],
            [
              21.7153374,
              42.1284223
            ]
          ]
        ]
      },
      "id": "way/508255444"
    },
    {
      "type": "Feature",
      "properties": {
        "@id": "way/533806913",
        "amenity": "school",
        "name": "QSI International School of Skopje"
      },
      "geometry": {
        "type": "Polygon",
        "coordinates": [
          [
            [
              21.3819357,
              42.0025055
            ],
            [
              21.3818297,
              42.0022326
            ],
            [
              21.3813798,
              42.0014193
            ],
            [
              21.3825925,
              42.0013254
            ],
            [
              21.382557,
              42.0016625
            ],
            [
              21.3825465,
              42.0021308
            ],
            [
              21.3822426,
              42.0022354
            ],
            [
              21.3823132,
              42.0023116
            ],
            [
              21.3822332,
              42.0023527
            ],
            [
              21.3820869,
              42.0024278
            ],
            [
              21.3819357,
              42.0025055
            ]
          ]
        ]
      },
      "id": "way/533806913"
    },
    {
      "type": "Feature",
      "properties": {
        "@id": "way/548212321",
        "amenity": "school",
        "name": "СУГС Никола Карев"
      },
      "geometry": {
        "type": "Polygon",
        "coordinates": [
          [
            [
              21.3989068,
              42.0049477
            ],
            [
              21.3988985,
              42.0049245
            ],
            [
              21.3987223,
              42.0042797
            ],
            [
              21.3987201,
              42.0042586
            ],
            [
              21.3987235,
              42.0042416
            ],
            [
              21.3987347,
              42.0042274
            ],
            [
              21.398751,
              42.0042154
            ],
            [
              21.3987706,
              42.0042088
            ],
            [
              21.4016289,
              42.0038322
            ],
            [
              21.4017923,
              42.0045384
            ],
            [
              21.4017895,
              42.0045496
            ],
            [
              21.4017847,
              42.0045602
            ],
            [
              21.4017727,
              42.004572
            ],
            [
              21.4017522,
              42.0045845
            ],
            [
              21.4017202,
              42.0045993
            ],
            [
              21.4016799,
              42.0046115
            ],
            [
              21.4016341,
              42.0046225
            ],
            [
              21.4012038,
              42.0046883
            ],
            [
              21.3995462,
              42.0049101
            ],
            [
              21.3990132,
              42.0049819
            ],
            [
              21.3989735,
              42.004983
            ],
            [
              21.3989494,
              42.0049781
            ],
            [
              21.3989311,
              42.0049704
            ],
            [
              21.3989167,
              42.0049603
            ],
            [
              21.3989068,
              42.0049477
            ]
          ]
        ]
      },
      "id": "way/548212321"
    },
    {
      "type": "Feature",
      "properties": {
        "@id": "way/562463292",
        "amenity": "school",
        "barrier": "fence",
        "name": "ПООУ Народен Херој Круме Волнароски-Коле",
        "name:en": "People's Hero Krume Volnaroski-Kole AEMS",
        "name:mk": "ПООУ Народен Херој Круме Волнароски-Коле",
        "website": "https://ooukrumevolnaroski.edu.mk",
        "wikidata": "Q20568735",
        "wikipedia": "mk:ОУ „Круме Волнароски“ - Тополчани"
      },
      "geometry": {
        "type": "Polygon",
        "coordinates": [
          [
            [
              21.4338526,
              41.2642702
            ],
            [
              21.4331671,
              41.2642837
            ],
            [
              21.4331388,
              41.2641347
            ],
            [
              21.4326574,
              41.264156
            ],
            [
              21.4326574,
              41.2638474
            ],
            [
              21.4326787,
              41.2636505
            ],
            [
              21.4338219,
              41.2634731
            ],
            [
              21.4339808,
              41.2636384
            ],
            [
              21.4341488,
              41.2637933
            ],
            [
              21.4340094,
              41.2640389
            ],
            [
              21.4338526,
              41.2642702
            ]
          ]
        ]
      },
      "id": "way/562463292"
    },
    {
      "type": "Feature",
      "properties": {
        "@id": "way/569601147",
        "amenity": "school",
        "name": "Основно училиште „Братство Единство“"
      },
      "geometry": {
        "type": "Polygon",
        "coordinates": [
          [
            [
              20.8048258,
              41.1193704
            ],
            [
              20.8046219,
              41.1190241
            ],
            [
              20.8045156,
              41.1188808
            ],
            [
              20.8046528,
              41.1187833
            ],
            [
              20.8043052,
              41.1184743
            ],
            [
              20.8043289,
              41.1183828
            ],
            [
              20.8049411,
              41.1185553
            ],
            [
              20.8052516,
              41.118723
            ],
            [
              20.8054821,
              41.1188707
            ],
            [
              20.8056834,
              41.1190686
            ],
            [
              20.8052355,
              41.1192444
            ],
            [
              20.8048258,
              41.1193704
            ]
          ]
        ]
      },
      "id": "way/569601147"
    },
    {
      "type": "Feature",
      "properties": {
        "@id": "way/572339608",
        "addr:postcode": "1200",
        "addr:street": "Илинденска",
        "amenity": "school",
        "email": "s.medicina@t.mk",
        "name": "ОСМУ Никола Штејн",
        "name:en": "HMMS Nikola Shtejn",
        "name:mk": "ОСМУ Никола Штејн",
        "name:sq": "SHMKM Nikolla Shtejn",
        "opening_hours": "Mo-Fr 07:00-20:00",
        "phone": "38944339110",
        "website": "http://nstejn.edu.mk"
      },
      "geometry": {
        "type": "Polygon",
        "coordinates": [
          [
            [
              20.9606811,
              41.9936976
            ],
            [
              20.9605361,
              41.9930073
            ],
            [
              20.9604449,
              41.9925841
            ],
            [
              20.9608464,
              41.9925271
            ],
            [
              20.9614741,
              41.9924434
            ],
            [
              20.961712,
              41.9935746
            ],
            [
              20.9606811,
              41.9936976
            ]
          ]
        ]
      },
      "id": "way/572339608"
    },
    {
      "type": "Feature",
      "properties": {
        "@id": "way/577146046",
        "amenity": "school",
        "name": "Петар Поп Арсов"
      },
      "geometry": {
        "type": "Polygon",
        "coordinates": [
          [
            [
              21.3870653,
              42.0073052
            ],
            [
              21.3866741,
              42.0057327
            ],
            [
              21.3885696,
              42.0054723
            ],
            [
              21.3889724,
              42.0070912
            ],
            [
              21.3885074,
              42.0071551
            ],
            [
              21.3884958,
              42.0071087
            ],
            [
              21.3870653,
              42.0073052
            ]
          ]
        ]
      },
      "id": "way/577146046"
    },
    {
      "type": "Feature",
      "properties": {
        "@id": "way/578229353",
        "addr:city": "Виница",
        "addr:housenumber": "16",
        "addr:postcode": "2310",
        "addr:street": "Braka Miladinovci",
        "amenity": "police",
        "building": "yes",
        "name": "ПС Виница",
        "operator": "МВР на РМ",
        "phone": "+389 33 363122"
      },
      "geometry": {
        "type": "Polygon",
        "coordinates": [
          [
            [
              22.503326,
              41.8847274
            ],
            [
              22.5033821,
              41.8846441
            ],
            [
              22.5034481,
              41.8846687
            ],
            [
              22.5034562,
              41.8846566
            ],
            [
              22.5037041,
              41.8847491
            ],
            [
              22.5036529,
              41.8848251
            ],
            [
              22.5034789,
              41.8847602
            ],
            [
              22.5034658,
              41.8847796
            ],
            [
              22.503326,
              41.8847274
            ]
          ]
        ]
      },
      "id": "way/578229353"
    },
    {
      "type": "Feature",
      "properties": {
        "@id": "way/579386164",
        "addr:city": "Струга",
        "addr:housenumber": "4",
        "addr:street": "Јово Стефаноски - Риле",
        "amenity": "school",
        "name": "ООУ Браќа Миладиновци",
        "name:sq": "Shkolla Fillore \"Vëllezërit Milladinov\"",
        "wikidata": "Q12909047",
        "wikipedia": "mk:ОУ „Браќа Миладиновци“ - Струга"
      },
      "geometry": {
        "type": "Polygon",
        "coordinates": [
          [
            [
              20.683944,
              41.1755663
            ],
            [
              20.6838228,
              41.175047
            ],
            [
              20.6837286,
              41.1746146
            ],
            [
              20.6839237,
              41.174587
            ],
            [
              20.6839034,
              41.1745044
            ],
            [
              20.6845416,
              41.1744493
            ],
            [
              20.6848547,
              41.1744646
            ],
            [
              20.6850254,
              41.174532
            ],
            [
              20.6852084,
              41.1746299
            ],
            [
              20.6853303,
              41.1747247
            ],
            [
              20.6854482,
              41.1747186
            ],
            [
              20.6855458,
              41.1753796
            ],
            [
              20.683944,
              41.1755663
            ]
          ]
        ]
      },
      "id": "way/579386164"
    },
    {
      "type": "Feature",
      "properties": {
        "@id": "way/579388479",
        "addr:city": "Струга",
        "addr:housenumber": "ББ",
        "addr:street": "Туристичка",
        "amenity": "townhall",
        "building": "yes",
        "name": "ЛС Струга",
        "name:sq": "Komuna e Strugës",
        "operator": "ЗЕЛС"
      },
      "geometry": {
        "type": "Polygon",
        "coordinates": [
          [
            [
              20.6802905,
              41.1782506
            ],
            [
              20.6799882,
              41.1782221
            ],
            [
              20.6800045,
              41.1781242
            ],
            [
              20.6803071,
              41.1781528
            ],
            [
              20.6802957,
              41.1782217
            ],
            [
              20.6802905,
              41.1782506
            ]
          ]
        ]
      },
      "id": "way/579388479"
    },
    {
      "type": "Feature",
      "properties": {
        "@id": "way/579708241",
        "amenity": "school",
        "name": "ООУ Јосип Броз - Тито"
      },
      "geometry": {
        "type": "Polygon",
        "coordinates": [
          [
            [
              20.6684024,
              41.1745359
            ],
            [
              20.6696147,
              41.1748125
            ],
            [
              20.6695155,
              41.1751355
            ],
            [
              20.6696013,
              41.1751517
            ],
            [
              20.6695879,
              41.1751779
            ],
            [
              20.6700895,
              41.175289
            ],
            [
              20.6700331,
              41.1754323
            ],
            [
              20.6699473,
              41.1754081
            ],
            [
              20.6698293,
              41.175721
            ],
            [
              20.6691051,
              41.1755332
            ],
            [
              20.6686813,
              41.1755554
            ],
            [
              20.6682307,
              41.175396
            ],
            [
              20.6682629,
              41.1752466
            ],
            [
              20.6681341,
              41.1752021
            ],
            [
              20.6681395,
              41.1750366
            ],
            [
              20.6681985,
              41.1750406
            ],
            [
              20.6682468,
              41.1747721
            ],
            [
              20.668338,
              41.1746974
            ],
            [
              20.6682522,
              41.1745924
            ],
            [
              20.6684024,
              41.1745359
            ]
          ]
        ]
      },
      "id": "way/579708241"
    },
    {
      "type": "Feature",
      "properties": {
        "@id": "way/585118824",
        "amenity": "school",
        "name": "Тошо Велков Пепето"
      },
      "geometry": {
        "type": "Polygon",
        "coordinates": [
          [
            [
              22.0164004,
              41.4380334
            ],
            [
              22.0162046,
              41.4371386
            ],
            [
              22.0171754,
              41.4369328
            ],
            [
              22.0173792,
              41.4378919
            ],
            [
              22.0164004,
              41.4380334
            ]
          ]
        ]
      },
      "id": "way/585118824"
    },
    {
      "type": "Feature",
      "properties": {
        "@id": "way/612628053",
        "amenity": "school",
        "name": "ОУ Мирче Ацев"
      },
      "geometry": {
        "type": "Polygon",
        "coordinates": [
          [
            [
              21.3500818,
              42.0087061
            ],
            [
              21.3501856,
              42.0074999
            ],
            [
              21.3515452,
              42.0075645
            ],
            [
              21.3514414,
              42.0087707
            ],
            [
              21.3500818,
              42.0087061
            ]
          ]
        ]
      },
      "id": "way/612628053"
    },
    {
      "type": "Feature",
      "properties": {
        "@id": "way/620649954",
        "amenity": "school",
        "name": "ПООУ Стале Попов",
        "name:en": "Stale Popov AEMS"
      },
      "geometry": {
        "type": "Polygon",
        "coordinates": [
          [
            [
              21.6289325,
              41.2917461
            ],
            [
              21.6286281,
              41.2918419
            ],
            [
              21.6285219,
              41.2919216
            ],
            [
              21.6281786,
              41.2919695
            ],
            [
              21.6280087,
              41.2917009
            ],
            [
              21.6284193,
              41.2914882
            ],
            [
              21.6287172,
              41.291509
            ],
            [
              21.6289289,
              41.2916132
            ],
            [
              21.6289325,
              41.2917461
            ]
          ]
        ]
      },
      "id": "way/620649954"
    },
    {
      "type": "Feature",
      "properties": {
        "@id": "way/666492759",
        "amenity": "hospital",
        "building": "yes",
        "healthcare": "hospital",
        "name": "Здравствен дом Велес"
      },
      "geometry": {
        "type": "Polygon",
        "coordinates": [
          [
            [
              21.7790333,
              41.7173399
            ],
            [
              21.7790528,
              41.7170939
            ],
            [
              21.7791937,
              41.7171002
            ],
            [
              21.7791898,
              41.7171495
            ],
            [
              21.7793259,
              41.7171556
            ],
            [
              21.7793346,
              41.7170465
            ],
            [
              21.7796539,
              41.7170607
            ],
            [
              21.7796561,
              41.7170342
            ],
            [
              21.77988,
              41.7170441
            ],
            [
              21.7798753,
              41.7171031
            ],
            [
              21.7799385,
              41.7171059
            ],
            [
              21.7799182,
              41.7173608
            ],
            [
              21.7798114,
              41.7173561
            ],
            [
              21.7798172,
              41.7172836
            ],
            [
              21.7791747,
              41.7172551
            ],
            [
              21.7791675,
              41.7173459
            ],
            [
              21.7790333,
              41.7173399
            ]
          ]
        ]
      },
      "id": "way/666492759"
    },
    {
      "type": "Feature",
      "properties": {
        "@id": "way/671994292",
        "addr:city": "Струга",
        "amenity": "hospital",
        "healthcare": "hospital",
        "name": "Институт за нефрологија",
        "name:en": "Institute of Nephrology",
        "name:sq": "IPSH Instituti i Nefrologjise - Strugë"
      },
      "geometry": {
        "type": "Polygon",
        "coordinates": [
          [
            [
              20.6941156,
              41.1732823
            ],
            [
              20.6940512,
              41.1717451
            ],
            [
              20.6946961,
              41.1716566
            ],
            [
              20.6952652,
              41.171586
            ],
            [
              20.6953486,
              41.1715757
            ],
            [
              20.695478,
              41.1732096
            ],
            [
              20.6941156,
              41.1732823
            ]
          ]
        ]
      },
      "id": "way/671994292"
    },
    {
      "type": "Feature",
      "properties": {
        "@id": "way/677899122",
        "amenity": "hospital",
        "healthcare": "hospital",
        "name": "Партизанска Болница"
      },
      "geometry": {
        "type": "Polygon",
        "coordinates": [
          [
            [
              22.4640929,
              41.7605483
            ],
            [
              22.4642902,
              41.7603559
            ],
            [
              22.4653371,
              41.7609105
            ],
            [
              22.4654661,
              41.7617649
            ],
            [
              22.4644722,
              41.7619856
            ],
            [
              22.4639564,
              41.7611821
            ],
            [
              22.4640929,
              41.7605483
            ]
          ]
        ]
      },
      "id": "way/677899122"
    },
    {
      "type": "Feature",
      "properties": {
        "@id": "way/707017724",
        "amenity": "school",
        "name": "Shkolla Emin Duraku",
        "website": "http://eminduraku.edu.mk/"
      },
      "geometry": {
        "type": "Polygon",
        "coordinates": [
          [
            [
              21.2375464,
              41.9729834
            ],
            [
              21.2377427,
              41.9730967
            ],
            [
              21.2377997,
              41.9730408
            ],
            [
              21.2383831,
              41.9734518
            ],
            [
              21.2382448,
              41.9735863
            ],
            [
              21.2382335,
              41.9738493
            ],
            [
              21.2374143,
              41.9738886
            ],
            [
              21.2373614,
              41.9736498
            ],
            [
              21.2373371,
              41.9735909
            ],
            [
              21.2372192,
              41.973266
            ],
            [
              21.2372415,
              41.9731965
            ],
            [
              21.2375464,
              41.9729834
            ]
          ]
        ]
      },
      "id": "way/707017724"
    },
    {
      "type": "Feature",
      "properties": {
        "@id": "way/718351562",
        "amenity": "police",
        "name": "Полиција (РС/МК)",
        "name:en": "Integrated Border Crossing Presevo–Tabanovce",
        "name:fr": "Poste frontière intégré Presevo–Tabanovce",
        "name:mk": "Интегриран граничен премин Прешево–Табановце",
        "name:sq": "Kalimi kufitar i integruar Preshevë–Tabanoc",
        "name:sr": "Интегрисани гранични прелаз Прешево–Табановце",
        "name:sr-Latn": "Integrisani granični prelaz Preševo–Tabanovce"
      },
      "geometry": {
        "type": "Polygon",
        "coordinates": [
          [
            [
              21.7021677,
              42.2423412
            ],
            [
              21.702167,
              42.2423177
            ],
            [
              21.7021595,
              42.242078
            ],
            [
              21.7020415,
              42.2419092
            ],
            [
              21.7019624,
              42.2418
            ],
            [
              21.701792,
              42.2415796
            ],
            [
              21.7016968,
              42.2414584
            ],
            [
              21.7016271,
              42.2413145
            ],
            [
              21.7016284,
              42.2411834
            ],
            [
              21.7016499,
              42.2409858
            ],
            [
              21.7016982,
              42.2406344
            ],
            [
              21.7017706,
              42.2401707
            ],
            [
              21.7018236,
              42.2398802
            ],
            [
              21.7018664,
              42.2396052
            ],
            [
              21.7018699,
              42.2395869
            ],
            [
              21.7019288,
              42.2390517
            ],
            [
              21.7019905,
              42.2388442
            ],
            [
              21.7020804,
              42.2386834
            ],
            [
              21.7022078,
              42.238459
            ],
            [
              21.7023526,
              42.2381929
            ],
            [
              21.7025323,
              42.2379109
            ],
            [
              21.7026383,
              42.2377064
            ],
            [
              21.7028743,
              42.237332
            ],
            [
              21.7029507,
              42.23719
            ],
            [
              21.7030151,
              42.23705
            ],
            [
              21.7028389,
              42.2369616
            ],
            [
              21.7034277,
              42.2350571
            ],
            [
              21.7035047,
              42.2346675
            ],
            [
              21.7035851,
              42.2343364
            ],
            [
              21.7033303,
              42.2340047
            ],
            [
              21.7034028,
              42.2331477
            ],
            [
              21.7034809,
              42.233149
            ],
            [
              21.7035784,
              42.23315
            ],
            [
              21.7040114,
              42.233141
            ],
            [
              21.7042099,
              42.2331211
            ],
            [
              21.7045056,
              42.233251
            ],
            [
              21.7046064,
              42.2333545
            ],
            [
              21.7046838,
              42.2338896
            ],
            [
              21.7047599,
              42.2344158
            ],
            [
              21.7046721,
              42.2347924
            ],
            [
              21.7045033,
              42.2355566
            ],
            [
              21.7042351,
              42.2358863
            ],
            [
              21.703923,
              42.2362924
            ],
            [
              21.7037192,
              42.2366022
            ],
            [
              21.7036008,
              42.2370222
            ],
            [
              21.7035702,
              42.2370712
            ],
            [
              21.7036481,
              42.2370816
            ],
            [
              21.7036296,
              42.237157
            ],
            [
              21.7035806,
              42.2373207
            ],
            [
              21.7035461,
              42.2373584
            ],
            [
              21.7034932,
              42.2374125
            ],
            [
              21.7035048,
              42.2380127
            ],
            [
              21.7036065,
              42.2383047
            ],
            [
              21.7037325,
              42.2385605
            ],
            [
              21.7039154,
              42.2387772
            ],
            [
              21.7040864,
              42.238967
            ],
            [
              21.7042281,
              42.239186
            ],
            [
              21.7043328,
              42.2394734
            ],
            [
              21.7043267,
              42.2397243
            ],
            [
              21.7041569,
              42.2400294
            ],
            [
              21.7043808,
              42.2404258
            ],
            [
              21.7043082,
              42.2410144
            ],
            [
              21.7039955,
              42.2435215
            ],
            [
              21.7039794,
              42.2435731
            ],
            [
              21.7035435,
              42.2435632
            ],
            [
              21.7037196,
              42.2420133
            ],
            [
              21.7033571,
              42.2419876
            ],
            [
              21.7033724,
              42.2418796
            ],
            [
              21.7026556,
              42.2418214
            ],
            [
              21.7025805,
              42.2422701
            ],
            [
              21.7025168,
              42.2423058
            ],
            [
              21.7024303,
              42.2423734
            ],
            [
              21.7022145,
              42.242349
            ],
            [
              21.7021677,
              42.2423412
            ]
          ]
        ]
      },
      "id": "way/718351562"
    },
    {
      "type": "Feature",
      "properties": {
        "@id": "way/768658360",
        "amenity": "police",
        "barrier": "border_control",
        "building": "yes",
        "name": "Vendkalimi Kufitar Stançiç - Bellanoc / Белановце"
      },
      "geometry": {
        "type": "Polygon",
        "coordinates": [
          [
            [
              21.5493901,
              42.2533558
            ],
            [
              21.5495469,
              42.2533281
            ],
            [
              21.5495678,
              42.2534011
            ],
            [
              21.5495866,
              42.2534665
            ],
            [
              21.5497005,
              42.2534504
            ],
            [
              21.5497233,
              42.2535524
            ],
            [
              21.5494421,
              42.2536132
            ],
            [
              21.5494091,
              42.2535068
            ],
            [
              21.5494451,
              42.2534986
            ],
            [
              21.5494202,
              42.253434
            ],
            [
              21.5493901,
              42.2533558
            ]
          ]
        ]
      },
      "id": "way/768658360"
    },
    {
      "type": "Feature",
      "properties": {
        "@id": "way/770390209",
        "addr:city": "Другово",
        "addr:postcode": "6261",
        "addr:street": "Гоце Делчев",
        "amenity": "school",
        "name": "ООУ Христо Узунов",
        "name:en": "Hristo Uzunov EMS",
        "religion": "none"
      },
      "geometry": {
        "type": "Polygon",
        "coordinates": [
          [
            [
              20.9218569,
              41.4840969
            ],
            [
              20.9216801,
              41.4839152
            ],
            [
              20.9218387,
              41.4838324
            ],
            [
              20.9220316,
              41.48373
            ],
            [
              20.9219932,
              41.4836902
            ],
            [
              20.9220446,
              41.4836636
            ],
            [
              20.9219432,
              41.4835556
            ],
            [
              20.9218995,
              41.4835091
            ],
            [
              20.9220155,
              41.4834483
            ],
            [
              20.9221377,
              41.4833849
            ],
            [
              20.9222709,
              41.4833172
            ],
            [
              20.9222974,
              41.4833482
            ],
            [
              20.9227084,
              41.4831451
            ],
            [
              20.922825,
              41.4832872
            ],
            [
              20.9228692,
              41.4833359
            ],
            [
              20.9228804,
              41.4833869
            ],
            [
              20.9229602,
              41.4834706
            ],
            [
              20.9229975,
              41.4835113
            ],
            [
              20.9218569,
              41.4840969
            ]
          ]
        ]
      },
      "id": "way/770390209"
    },
    {
      "type": "Feature",
      "properties": {
        "@id": "way/789965987",
        "addr:city": "Битола",
        "addr:housenumber": "61",
        "addr:postcode": "7000",
        "addr:street": "1. Мај",
        "amenity": "townhall",
        "building": "yes",
        "email": "bitola@t-home.mk",
        "fax": "+38947208307",
        "name": "ЛС Битола",
        "name:en": "City hall of Bitola",
        "phone": "+38947208442",
        "townhall:type": "city"
      },
      "geometry": {
        "type": "Polygon",
        "coordinates": [
          [
            [
              21.3311494,
              41.0319098
            ],
            [
              21.3313557,
              41.031902
            ],
            [
              21.3313569,
              41.0319199
            ],
            [
              21.3315499,
              41.0319126
            ],
            [
              21.3315483,
              41.0318879
            ],
            [
              21.3318114,
              41.0318779
            ],
            [
              21.33182,
              41.0320083
            ],
            [
              21.3315756,
              41.0320176
            ],
            [
              21.3315771,
              41.0320404
            ],
            [
              21.3313647,
              41.0320485
            ],
            [
              21.3313631,
              41.0320252
            ],
            [
              21.3311576,
              41.032033
            ],
            [
              21.3311494,
              41.0319098
            ]
          ]
        ]
      },
      "id": "way/789965987"
    },
    {
      "type": "Feature",
      "properties": {
        "@id": "way/816784591",
        "amenity": "school",
        "name": "ООУ Пере Тошев"
      },
      "geometry": {
        "type": "Polygon",
        "coordinates": [
          [
            [
              21.9452434,
              41.5169931
            ],
            [
              21.9441983,
              41.5173287
            ],
            [
              21.9437445,
              41.5164439
            ],
            [
              21.9438167,
              41.5164168
            ],
            [
              21.9435135,
              41.515907
            ],
            [
              21.9447573,
              41.5158181
            ],
            [
              21.945106,
              41.5162874
            ],
            [
              21.9448632,
              41.5163966
            ],
            [
              21.9452434,
              41.5169931
            ]
          ]
        ]
      },
      "id": "way/816784591"
    },
    {
      "type": "Feature",
      "properties": {
        "@id": "way/818917959",
        "amenity": "hospital",
        "healthcare": "hospital",
        "name": "Општа Болница Кичево"
      },
      "geometry": {
        "type": "Polygon",
        "coordinates": [
          [
            [
              20.9618468,
              41.5098016
            ],
            [
              20.9617514,
              41.5089241
            ],
            [
              20.9617488,
              41.5089058
            ],
            [
              20.9617961,
              41.5088729
            ],
            [
              20.9625362,
              41.5088881
            ],
            [
              20.9629113,
              41.5088957
            ],
            [
              20.9630972,
              41.5089159
            ],
            [
              20.9632797,
              41.5089336
            ],
            [
              20.9633756,
              41.5095267
            ],
            [
              20.9625681,
              41.5096814
            ],
            [
              20.9618468,
              41.5098016
            ]
          ]
        ]
      },
      "id": "way/818917959"
    },
    {
      "type": "Feature",
      "properties": {
        "@id": "way/818925856",
        "amenity": "school",
        "barrier": "fence",
        "name": "ООУ Кузман Јосифоски-Питу",
        "name:en": "Kuzman Josifoski-Pitu EMS",
        "name:mk": "ООУ Кузман Јосифоски-Питу"
      },
      "geometry": {
        "type": "Polygon",
        "coordinates": [
          [
            [
              20.9550501,
              41.5096168
            ],
            [
              20.9549697,
              41.5092492
            ],
            [
              20.9552781,
              41.5092532
            ],
            [
              20.9552835,
              41.5091508
            ],
            [
              20.9552701,
              41.5087129
            ],
            [
              20.9552593,
              41.50849
            ],
            [
              20.9552907,
              41.5083255
            ],
            [
              20.9551999,
              41.5083072
            ],
            [
              20.9552092,
              41.5082055
            ],
            [
              20.9552375,
              41.508057
            ],
            [
              20.9556458,
              41.5082317
            ],
            [
              20.9558375,
              41.5083336
            ],
            [
              20.9559134,
              41.5083722
            ],
            [
              20.9563859,
              41.5085583
            ],
            [
              20.9565549,
              41.5086868
            ],
            [
              20.9565388,
              41.5090202
            ],
            [
              20.956469,
              41.5090283
            ],
            [
              20.956469,
              41.5090946
            ],
            [
              20.956469,
              41.5091769
            ],
            [
              20.95641,
              41.5091749
            ],
            [
              20.95642,
              41.5094641
            ],
            [
              20.9564665,
              41.5094802
            ],
            [
              20.9564717,
              41.5096449
            ],
            [
              20.9556877,
              41.5096294
            ],
            [
              20.9550501,
              41.5096168
            ]
          ]
        ]
      },
      "id": "way/818925856"
    },
    {
      "type": "Feature",
      "properties": {
        "@id": "way/820221684",
        "amenity": "police",
        "building": "yes",
        "name": "ИКТ"
      },
      "geometry": {
        "type": "Polygon",
        "coordinates": [
          [
            [
              21.566054,
              41.3626514
            ],
            [
              21.5659796,
              41.3626843
            ],
            [
              21.5659,
              41.3626965
            ],
            [
              21.5658194,
              41.3626893
            ],
            [
              21.5657458,
              41.3626634
            ],
            [
              21.5656868,
              41.3626215
            ],
            [
              21.5656484,
              41.3625678
            ],
            [
              21.5656345,
              41.3625077
            ],
            [
              21.5656464,
              41.3624474
            ],
            [
              21.565683,
              41.362393
            ],
            [
              21.5657406,
              41.36235
            ],
            [
              21.5658182,
              41.3623216
            ],
            [
              21.565904,
              41.3623143
            ],
            [
              21.5659882,
              41.3623289
            ],
            [
              21.566061,
              41.3623638
            ],
            [
              21.5661141,
              41.3624148
            ],
            [
              21.5661414,
              41.3624763
            ],
            [
              21.5661399,
              41.3625411
            ],
            [
              21.5661096,
              41.3626018
            ],
            [
              21.566054,
              41.3626514
            ]
          ]
        ]
      },
      "id": "way/820221684"
    },
    {
      "type": "Feature",
      "properties": {
        "@id": "way/828216346",
        "amenity": "school",
        "barrier": "fence",
        "name": "ООУ Др Владимир Полежиноски-Полежина",
        "name:en": "Dr Vladimir Polezhinoski-Polezina EMS",
        "name:mk": "ООУ Др Владимир Полежиноски-Полежина"
      },
      "geometry": {
        "type": "Polygon",
        "coordinates": [
          [
            [
              20.959372,
              41.5046499
            ],
            [
              20.9593767,
              41.5037696
            ],
            [
              20.9594089,
              41.5036932
            ],
            [
              20.9596838,
              41.5037173
            ],
            [
              20.9600191,
              41.5037455
            ],
            [
              20.9603463,
              41.5037575
            ],
            [
              20.9605327,
              41.5037736
            ],
            [
              20.9606735,
              41.5037836
            ],
            [
              20.9607339,
              41.5046604
            ],
            [
              20.959372,
              41.5046499
            ]
          ]
        ]
      },
      "id": "way/828216346"
    },
    {
      "type": "Feature",
      "properties": {
        "@id": "way/828220333",
        "addr:street": "11 Септември",
        "amenity": "school",
        "name": "О.У Санде Штерјоски",
        "name:en": "O.U Sande Sterjoski"
      },
      "geometry": {
        "type": "Polygon",
        "coordinates": [
          [
            [
              20.9569895,
              41.5193204
            ],
            [
              20.9571907,
              41.5191537
            ],
            [
              20.956783,
              41.5188504
            ],
            [
              20.9575716,
              41.518268
            ],
            [
              20.9579618,
              41.5185612
            ],
            [
              20.9583628,
              41.5188434
            ],
            [
              20.9573597,
              41.5195854
            ],
            [
              20.9569895,
              41.5193204
            ]
          ]
        ]
      },
      "id": "way/828220333"
    },
    {
      "type": "Feature",
      "properties": {
        "@id": "way/839015846",
        "addr:city": "Свети Николе",
        "addr:housenumber": "82",
        "addr:postcode": "2220",
        "addr:street": "Карпошева",
        "amenity": "hospital",
        "healthcare": "hospital",
        "name": "Нова амбуланта"
      },
      "geometry": {
        "type": "Polygon",
        "coordinates": [
          [
            [
              21.9364878,
              41.8678306
            ],
            [
              21.9366614,
              41.8677603
            ],
            [
              21.9369062,
              41.8679436
            ],
            [
              21.9374377,
              41.8682434
            ],
            [
              21.9371812,
              41.8682599
            ],
            [
              21.9368385,
              41.8682792
            ],
            [
              21.9365866,
              41.8682642
            ],
            [
              21.9364489,
              41.8682349
            ],
            [
              21.9363493,
              41.86818
            ],
            [
              21.9364519,
              41.8681144
            ],
            [
              21.9365255,
              41.8680424
            ],
            [
              21.9365721,
              41.8679897
            ],
            [
              21.9365633,
              41.8679335
            ],
            [
              21.9364878,
              41.8678306
            ]
          ]
        ]
      },
      "id": "way/839015846"
    },
    {
      "type": "Feature",
      "properties": {
        "@id": "way/839020774",
        "addr:city": "Свети Николе",
        "addr:housenumber": "39",
        "addr:postcode": "2220",
        "addr:street": "Септемвриска",
        "amenity": "hospital",
        "healthcare": "hospital",
        "name": "Примариус Др. Ѓорѓи Гаврилски",
        "name:en": "Primarius Dr. Gjorgji Gavrilski"
      },
      "geometry": {
        "type": "Polygon",
        "coordinates": [
          [
            [
              21.9412712,
              41.8598925
            ],
            [
              21.9412804,
              41.8600636
            ],
            [
              21.9412719,
              41.8605402
            ],
            [
              21.9412699,
              41.8611436
            ],
            [
              21.9412689,
              41.8612513
            ],
            [
              21.9412608,
              41.8612852
            ],
            [
              21.9412371,
              41.8612983
            ],
            [
              21.9412047,
              41.8613
            ],
            [
              21.9411564,
              41.8612786
            ],
            [
              21.9410958,
              41.8612391
            ],
            [
              21.9409085,
              41.8611798
            ],
            [
              21.9406755,
              41.861119
            ],
            [
              21.9403177,
              41.8610717
            ],
            [
              21.9399162,
              41.8610222
            ],
            [
              21.93954,
              41.8609487
            ],
            [
              21.938901,
              41.8607845
            ],
            [
              21.9390865,
              41.860576
            ],
            [
              21.9399497,
              41.8599794
            ],
            [
              21.9412712,
              41.8598925
            ]
          ]
        ]
      },
      "id": "way/839020774"
    },
    {
      "type": "Feature",
      "properties": {
        "@id": "way/839150798",
        "addr:city": "Свети Николе",
        "addr:housenumber": "24",
        "addr:postcode": "2220",
        "addr:street": "Кочо Рацин",
        "amenity": "school",
        "name": "СОУ „Кочо Рацин“",
        "name:en": "High School \"Kocho Racin\""
      },
      "geometry": {
        "type": "Polygon",
        "coordinates": [
          [
            [
              21.9381515,
              41.8653418
            ],
            [
              21.9390262,
              41.8652756
            ],
            [
              21.9390259,
              41.8653298
            ],
            [
              21.939082,
              41.8653322
            ],
            [
              21.9390671,
              41.8657313
            ],
            [
              21.9390656,
              41.8657767
            ],
            [
              21.9386654,
              41.8657826
            ],
            [
              21.9383234,
              41.865757
            ],
            [
              21.9381014,
              41.8657397
            ],
            [
              21.9381129,
              41.8656532
            ],
            [
              21.9381489,
              41.865363
            ],
            [
              21.9381515,
              41.8653418
            ]
          ]
        ]
      },
      "id": "way/839150798"
    },
    {
      "type": "Feature",
      "properties": {
        "@id": "way/839150821",
        "amenity": "townhall",
        "building": "yes",
        "name": "Општина Свети Николе",
        "name:en": "Municipality Sveti Nikole"
      },
      "geometry": {
        "type": "Polygon",
        "coordinates": [
          [
            [
              21.9414448,
              41.8649115
            ],
            [
              21.9413954,
              41.8647676
            ],
            [
              21.9415283,
              41.8647424
            ],
            [
              21.9415345,
              41.8647605
            ],
            [
              21.9415997,
              41.8647481
            ],
            [
              21.9415795,
              41.8646889
            ],
            [
              21.9418373,
              41.8646399
            ],
            [
              21.9419008,
              41.8648249
            ],
            [
              21.9414448,
              41.8649115
            ]
          ]
        ]
      },
      "id": "way/839150821"
    },
    {
      "type": "Feature",
      "properties": {
        "@id": "way/839153503",
        "addr:city": "Свети Николе",
        "addr:housenumber": "66",
        "addr:postcode": "2220",
        "addr:street": "Ангел Трајчев",
        "amenity": "school",
        "name": "ООУ „Кирил и Методиј“",
        "name:en": "Primary school \"Kiril and Metodij\""
      },
      "geometry": {
        "type": "Polygon",
        "coordinates": [
          [
            [
              21.9366519,
              41.8638418
            ],
            [
              21.9366,
              41.8636523
            ],
            [
              21.9372883,
              41.8634503
            ],
            [
              21.9379719,
              41.8635516
            ],
            [
              21.9380335,
              41.8637991
            ],
            [
              21.9380721,
              41.8639544
            ],
            [
              21.9380786,
              41.8641017
            ],
            [
              21.9378135,
              41.8641073
            ],
            [
              21.9377536,
              41.864114
            ],
            [
              21.9376925,
              41.8641562
            ],
            [
              21.9376254,
              41.8642731
            ],
            [
              21.9375803,
              41.8643519
            ],
            [
              21.9375518,
              41.864378
            ],
            [
              21.9373833,
              41.8643504
            ],
            [
              21.937221,
              41.8643092
            ],
            [
              21.9370731,
              41.8642361
            ],
            [
              21.9366519,
              41.8638418
            ]
          ]
        ]
      },
      "id": "way/839153503"
    },
    {
      "type": "Feature",
      "properties": {
        "@id": "way/839158984",
        "amenity": "police",
        "building": "yes",
        "name": "Полициска станица Свети Николе"
      },
      "geometry": {
        "type": "Polygon",
        "coordinates": [
          [
            [
              21.9422085,
              41.8639851
            ],
            [
              21.9423056,
              41.8639478
            ],
            [
              21.9423393,
              41.8639965
            ],
            [
              21.9425644,
              41.8639102
            ],
            [
              21.9425154,
              41.8638393
            ],
            [
              21.9424691,
              41.8638571
            ],
            [
              21.942412,
              41.8637744
            ],
            [
              21.9425427,
              41.8637244
            ],
            [
              21.942599,
              41.8638059
            ],
            [
              21.9426426,
              41.8637892
            ],
            [
              21.9427203,
              41.8639018
            ],
            [
              21.9426225,
              41.8639393
            ],
            [
              21.9426475,
              41.8639754
            ],
            [
              21.9422952,
              41.8641105
            ],
            [
              21.9422813,
              41.8640904
            ],
            [
              21.9422085,
              41.8639851
            ]
          ]
        ]
      },
      "id": "way/839158984"
    },
    {
      "type": "Feature",
      "properties": {
        "@id": "way/839736611",
        "amenity": "school",
        "name": "Средно стручно училиште „Кочо Рацин“"
      },
      "geometry": {
        "type": "Polygon",
        "coordinates": [
          [
            [
              21.9480876,
              41.8630237
            ],
            [
              21.9483875,
              41.8628135
            ],
            [
              21.9485042,
              41.8627446
            ],
            [
              21.9489354,
              41.86249
            ],
            [
              21.9493693,
              41.8621969
            ],
            [
              21.9496685,
              41.8619571
            ],
            [
              21.9498562,
              41.8618249
            ],
            [
              21.9499431,
              41.861934
            ],
            [
              21.9498432,
              41.8621551
            ],
            [
              21.9497589,
              41.8623872
            ],
            [
              21.9496608,
              41.8627614
            ],
            [
              21.9496184,
              41.8629987
            ],
            [
              21.9495995,
              41.8633038
            ],
            [
              21.9495905,
              41.8636458
            ],
            [
              21.9494731,
              41.8636518
            ],
            [
              21.9493833,
              41.8635722
            ],
            [
              21.9491859,
              41.8632897
            ],
            [
              21.949079,
              41.8631717
            ],
            [
              21.9489575,
              41.8630879
            ],
            [
              21.9486641,
              41.8630303
            ],
            [
              21.9483758,
              41.8630208
            ],
            [
              21.9480876,
              41.8630237
            ]
          ]
        ]
      },
      "id": "way/839736611"
    },
    {
      "type": "Feature",
      "properties": {
        "@id": "way/840311371",
        "amenity": "courthouse",
        "building": "yes",
        "name": "Основен суд Свети Николе"
      },
      "geometry": {
        "type": "Polygon",
        "coordinates": [
          [
            [
              21.9443013,
              41.8649478
            ],
            [
              21.9444179,
              41.8650673
            ],
            [
              21.9443641,
              41.8650963
            ],
            [
              21.9444693,
              41.8652042
            ],
            [
              21.9443874,
              41.8652484
            ],
            [
              21.9443015,
              41.8651602
            ],
            [
              21.9442305,
              41.8651986
            ],
            [
              21.9440948,
              41.8650595
            ],
            [
              21.9441146,
              41.8650488
            ],
            [
              21.9442431,
              41.8649793
            ],
            [
              21.9443013,
              41.8649478
            ]
          ]
        ]
      },
      "id": "way/840311371"
    },
    {
      "type": "Feature",
      "properties": {
        "@id": "way/844322211",
        "amenity": "school",
        "name": "Kiril Pejchinovik"
      },
      "geometry": {
        "type": "Polygon",
        "coordinates": [
          [
            [
              21.4435899,
              41.9783429
            ],
            [
              21.4436893,
              41.9781653
            ],
            [
              21.4439729,
              41.977659
            ],
            [
              21.445075,
              41.9779437
            ],
            [
              21.4445706,
              41.9786346
            ],
            [
              21.4441673,
              41.9785146
            ],
            [
              21.4435899,
              41.9783429
            ]
          ]
        ]
      },
      "id": "way/844322211"
    },
    {
      "type": "Feature",
      "properties": {
        "@id": "way/849618789",
        "addr:city": "Кочани",
        "addr:housenumber": "12",
        "addr:postcode": "2300",
        "addr:street": "Тодосија Паунов",
        "amenity": "police",
        "building": "yes",
        "name": "Полициска станица Кочани",
        "name:en": "Police Station Kochani",
        "opening_hours": "24/7"
      },
      "geometry": {
        "type": "Polygon",
        "coordinates": [
          [
            [
              22.4138664,
              41.9142605
            ],
            [
              22.4137714,
              41.9141989
            ],
            [
              22.413885,
              41.9141019
            ],
            [
              22.4136756,
              41.913958
            ],
            [
              22.413809,
              41.9138574
            ],
            [
              22.4140075,
              41.9139982
            ],
            [
              22.4140306,
              41.9139853
            ],
            [
              22.4141336,
              41.9140576
            ],
            [
              22.4138664,
              41.9142605
            ]
          ]
        ]
      },
      "id": "way/849618789"
    },
    {
      "type": "Feature",
      "properties": {
        "@id": "way/859029872",
        "addr:city": "Прилеп",
        "addr:housenumber": "1А",
        "addr:postcode": "7500",
        "addr:street": "Цар Самоил",
        "amenity": "school",
        "barrier": "fence",
        "email": "rampolevkata@gmail.com",
        "name": "ООУ Народен Херој Рампо Левков-Левката",
        "name:en": "People's Hero Rampo Levkov-Levkata EMS",
        "name:mk": "ООУ Народен Херој Рампо Левков-Левката",
        "phone": "+38948422377",
        "website": "https://rampolevkataprilep.weebly.com/",
        "wikidata": "Q20568840",
        "wikipedia": "mk:ОУ „Рампо Левката“ - Прилеп"
      },
      "geometry": {
        "type": "Polygon",
        "coordinates": [
          [
            [
              21.5540962,
              41.3379493
            ],
            [
              21.5538315,
              41.3383265
            ],
            [
              21.5537945,
              41.3383121
            ],
            [
              21.5537334,
              41.3384217
            ],
            [
              21.5537024,
              41.3384713
            ],
            [
              21.5536392,
              41.3384503
            ],
            [
              21.5535746,
              41.3385567
            ],
            [
              21.5532198,
              41.3384264
            ],
            [
              21.5542006,
              41.3369555
            ],
            [
              21.5547872,
              41.3372887
            ],
            [
              21.5548837,
              41.3373612
            ],
            [
              21.5549118,
              41.3374257
            ],
            [
              21.5549151,
              41.3374888
            ],
            [
              21.5545255,
              41.3380942
            ],
            [
              21.5540962,
              41.3379493
            ]
          ]
        ]
      },
      "id": "way/859029872"
    },
    {
      "type": "Feature",
      "properties": {
        "@id": "way/860988445",
        "addr:city": "Прилеп",
        "addr:housenumber": "2",
        "addr:postcode": "7510",
        "addr:street": "Мечкин Камен",
        "amenity": "school",
        "barrier": "fence",
        "name": "ООУ Ѓорѓи Делчев-Гоце",
        "name:en": "Gjorgi Delchev-Goce EMS",
        "website": "https://oougocedelcev.edu.mk/",
        "wikidata": "Q20567629",
        "wikipedia": "mk:ОУ „Гоце Делчев“ - Прилеп"
      },
      "geometry": {
        "type": "Polygon",
        "coordinates": [
          [
            [
              21.5689898,
              41.3432192
            ],
            [
              21.5686421,
              41.3433954
            ],
            [
              21.5680446,
              41.3435587
            ],
            [
              21.5679597,
              41.3435819
            ],
            [
              21.5678485,
              41.3436123
            ],
            [
              21.5674314,
              41.3437289
            ],
            [
              21.567247,
              41.343771
            ],
            [
              21.5671767,
              41.343787
            ],
            [
              21.5669071,
              41.3437873
            ],
            [
              21.5667328,
              41.3437547
            ],
            [
              21.5666908,
              41.3437211
            ],
            [
              21.566668,
              41.3436856
            ],
            [
              21.5666553,
              41.3436431
            ],
            [
              21.5666644,
              41.3435996
            ],
            [
              21.5668549,
              41.3432708
            ],
            [
              21.567115,
              41.3429255
            ],
            [
              21.5672309,
              41.3427835
            ],
            [
              21.5672856,
              41.3426673
            ],
            [
              21.5673725,
              41.3425258
            ],
            [
              21.5674324,
              41.3423361
            ],
            [
              21.5680073,
              41.3423749
            ],
            [
              21.5680896,
              41.3423653
            ],
            [
              21.5681744,
              41.3423555
            ],
            [
              21.5689898,
              41.3432192
            ]
          ]
        ]
      },
      "id": "way/860988445"
    },
    {
      "type": "Feature",
      "properties": {
        "@id": "way/861170117",
        "amenity": "school",
        "barrier": "fence",
        "name": "ПООУ Блаже Конески",
        "name:en": "Blazhe Koneski AEMS"
      },
      "geometry": {
        "type": "Polygon",
        "coordinates": [
          [
            [
              21.5361661,
              41.356744
            ],
            [
              21.536342,
              41.3569531
            ],
            [
              21.536227,
              41.3570797
            ],
            [
              21.5361517,
              41.3574629
            ],
            [
              21.535398,
              41.3574099
            ],
            [
              21.5352897,
              41.3572086
            ],
            [
              21.5356914,
              41.3568601
            ],
            [
              21.5358568,
              41.35673
            ],
            [
              21.5361661,
              41.356744
            ]
          ]
        ]
      },
      "id": "way/861170117"
    },
    {
      "type": "Feature",
      "properties": {
        "@id": "way/863267699",
        "amenity": "hospital",
        "email": "bolnicapp@yahoo.com",
        "healthcare": "hospital",
        "name": "ГОБ Народен Херој Борка Талески-Црниот",
        "name:en": "People's hero Borka Taleski-Crniot GCH",
        "name:mk": "ГОБ Народен Херој Борка Талески-Црниот",
        "phone": "+38948422430;+38948407000",
        "wikidata": "Q57911493",
        "wikipedia": "mk:ЈЗУ Општа болница „Борка Талески“-Прилеп"
      },
      "geometry": {
        "type": "Polygon",
        "coordinates": [
          [
            [
              21.5635604,
              41.3448897
            ],
            [
              21.5634511,
              41.3448516
            ],
            [
              21.5633325,
              41.3448275
            ],
            [
              21.5628791,
              41.3446287
            ],
            [
              21.5626767,
              41.3445413
            ],
            [
              21.5627809,
              41.3444026
            ],
            [
              21.562885,
              41.3443035
            ],
            [
              21.5627957,
              41.3442646
            ],
            [
              21.5624109,
              41.344097
            ],
            [
              21.5624203,
              41.3440595
            ],
            [
              21.562534,
              41.344016
            ],
            [
              21.5628475,
              41.3435782
            ],
            [
              21.5629793,
              41.3433772
            ],
            [
              21.5630018,
              41.3433426
            ],
            [
              21.5629031,
              41.3432153
            ],
            [
              21.5613753,
              41.3426837
            ],
            [
              21.5617882,
              41.3420529
            ],
            [
              21.5617678,
              41.3420011
            ],
            [
              21.562171,
              41.3415203
            ],
            [
              21.5622935,
              41.3415758
            ],
            [
              21.5624124,
              41.3414832
            ],
            [
              21.5624865,
              41.3414227
            ],
            [
              21.562583,
              41.3413102
            ],
            [
              21.5626192,
              41.3413343
            ],
            [
              21.5633907,
              41.3418538
            ],
            [
              21.5634223,
              41.3418756
            ],
            [
              21.5642847,
              41.3424646
            ],
            [
              21.564424,
              41.3425569
            ],
            [
              21.5645095,
              41.3426136
            ],
            [
              21.5637477,
              41.3432615
            ],
            [
              21.5644353,
              41.3438035
            ],
            [
              21.5647793,
              41.3441191
            ],
            [
              21.5648438,
              41.3441784
            ],
            [
              21.5644089,
              41.3443844
            ],
            [
              21.5639098,
              41.3445778
            ],
            [
              21.5638338,
              41.3446658
            ],
            [
              21.5638026,
              41.3446822
            ],
            [
              21.5635604,
              41.3448897
            ]
          ]
        ]
      },
      "id": "way/863267699"
    },
    {
      "type": "Feature",
      "properties": {
        "@id": "way/878963520",
        "amenity": "school",
        "barrier": "fence",
        "name": "ПООУ Народен Херој Круме Волнароски-Коле",
        "name:en": "People's Hero Krume Volnaroski-Kole AEMS",
        "name:mk": "ПООУ Народен Херој Круме Волнароски-Коле",
        "website": "https://ooukrumevolnaroski.edu.mk",
        "wikidata": "Q20568735",
        "wikipedia": "mk:ОУ „Круме Волнароски“ - Тополчани"
      },
      "geometry": {
        "type": "Polygon",
        "coordinates": [
          [
            [
              21.4064171,
              41.2377249
            ],
            [
              21.4061979,
              41.2376546
            ],
            [
              21.4060409,
              41.2376546
            ],
            [
              21.4059615,
              41.2376749
            ],
            [
              21.4058731,
              41.2377373
            ],
            [
              21.4058226,
              41.2378825
            ],
            [
              21.4056326,
              41.2378096
            ],
            [
              21.4056798,
              41.2376214
            ],
            [
              21.4057871,
              41.2373935
            ],
            [
              21.4058729,
              41.2372059
            ],
            [
              21.4059725,
              41.2370841
            ],
            [
              21.4061388,
              41.2369994
            ],
            [
              21.4062716,
              41.236967
            ],
            [
              21.4064527,
              41.2369585
            ],
            [
              21.4066572,
              41.2369751
            ],
            [
              21.4067269,
              41.2369761
            ],
            [
              21.4067906,
              41.2369504
            ],
            [
              21.4067631,
              41.2370539
            ],
            [
              21.4067101,
              41.2371668
            ],
            [
              21.4065724,
              41.2373211
            ],
            [
              21.4064627,
              41.2375814
            ],
            [
              21.4064171,
              41.2377249
            ]
          ]
        ]
      },
      "id": "way/878963520"
    },
    {
      "type": "Feature",
      "properties": {
        "@id": "way/878965708",
        "amenity": "school",
        "barrier": "fence",
        "name": "ПООУ Гоце Делчев",
        "name:en": "Goce Delchev AEMS"
      },
      "geometry": {
        "type": "Polygon",
        "coordinates": [
          [
            [
              21.6530226,
              41.3679704
            ],
            [
              21.65282,
              41.3678486
            ],
            [
              21.65274,
              41.3677845
            ],
            [
              21.6528062,
              41.367738
            ],
            [
              21.6533471,
              41.3673703
            ],
            [
              21.6533929,
              41.367537
            ],
            [
              21.6534087,
              41.3676584
            ],
            [
              21.6532871,
              41.3678006
            ],
            [
              21.6530226,
              41.3679704
            ]
          ]
        ]
      },
      "id": "way/878965708"
    },
    {
      "type": "Feature",
      "properties": {
        "@id": "way/890973667",
        "amenity": "school",
        "barrier": "fence",
        "name": "ПООУ Кирил и Методиј",
        "name:en": "Kiril i Metodij AEMS",
        "phone": "+38948456217"
      },
      "geometry": {
        "type": "Polygon",
        "coordinates": [
          [
            [
              21.4861839,
              41.2153393
            ],
            [
              21.4864898,
              41.2160146
            ],
            [
              21.4870101,
              41.2160025
            ],
            [
              21.4870477,
              41.2164787
            ],
            [
              21.4850575,
              41.2165089
            ],
            [
              21.4850682,
              41.2163294
            ],
            [
              21.4851058,
              41.2162769
            ],
            [
              21.4851004,
              41.216053
            ],
            [
              21.4851594,
              41.215946
            ],
            [
              21.4851475,
              41.215839
            ],
            [
              21.4855073,
              41.2156892
            ],
            [
              21.4858703,
              41.2155347
            ],
            [
              21.4860693,
              41.2154318
            ],
            [
              21.4861362,
              41.2153794
            ],
            [
              21.4861839,
              41.2153393
            ]
          ]
        ]
      },
      "id": "way/890973667"
    },
    {
      "type": "Feature",
      "properties": {
        "@id": "way/891518919",
        "addr:city": "Кривогаштани",
        "addr:housenumber": "84",
        "addr:postcode": "7524",
        "addr:street": "Филип Втори",
        "amenity": "townhall",
        "building": "yes",
        "name": "ЛС Кривогаштани",
        "name:en": "Local selfgovernment of Krivogashtani",
        "townhall:type": "municipality"
      },
      "geometry": {
        "type": "Polygon",
        "coordinates": [
          [
            [
              21.3314747,
              41.3372517
            ],
            [
              21.3313427,
              41.3370182
            ],
            [
              21.3314647,
              41.3369794
            ],
            [
              21.3315329,
              41.3371
            ],
            [
              21.3315966,
              41.3372128
            ],
            [
              21.3314747,
              41.3372517
            ]
          ]
        ]
      },
      "id": "way/891518919"
    },
    {
      "type": "Feature",
      "properties": {
        "@id": "way/893146894",
        "amenity": "school",
        "barrier": "fence",
        "name": "ПООУ Народен Херој Круме Волнароски-Коле",
        "name:en": "People's Hero Krume Volnaroski-Kole AEMS",
        "name:mk": "ПООУ Народен Херој Круме Волнароски-Коле",
        "website": "https://ooukrumevolnaroski.edu.mk",
        "wikidata": "Q20568735",
        "wikipedia": "mk:ОУ „Круме Волнароски“ - Тополчани"
      },
      "geometry": {
        "type": "Polygon",
        "coordinates": [
          [
            [
              21.5689275,
              41.2821672
            ],
            [
              21.5688382,
              41.2821202
            ],
            [
              21.5686864,
              41.2821068
            ],
            [
              21.5684848,
              41.2820492
            ],
            [
              21.5683011,
              41.2819332
            ],
            [
              21.5683011,
              41.2818086
            ],
            [
              21.568407,
              41.2817204
            ],
            [
              21.5684873,
              41.2816437
            ],
            [
              21.5686838,
              41.2816024
            ],
            [
              21.5688216,
              41.2816024
            ],
            [
              21.5691559,
              41.2816207
            ],
            [
              21.5691661,
              41.2817443
            ],
            [
              21.5692299,
              41.2818901
            ],
            [
              21.5691814,
              41.2820272
            ],
            [
              21.5691699,
              41.2820742
            ],
            [
              21.5691036,
              41.2821394
            ],
            [
              21.5690538,
              41.282171
            ],
            [
              21.5689275,
              41.2821672
            ]
          ]
        ]
      },
      "id": "way/893146894"
    },
    {
      "type": "Feature",
      "properties": {
        "@id": "way/893149557",
        "amenity": "school",
        "barrier": "fence",
        "name": "ПООУ Народен Херој Круме Волнароски-Коле",
        "name:en": "People's Hero Krume Volnaroski-Kole AEMS",
        "name:mk": "ПООУ Народен Херој Круме Волнароски-Коле",
        "website": "https://ooukrumevolnaroski.edu.mk",
        "wikidata": "Q20568735",
        "wikipedia": "mk:ОУ „Круме Волнароски“ - Тополчани"
      },
      "geometry": {
        "type": "Polygon",
        "coordinates": [
          [
            [
              21.3950514,
              41.2483818
            ],
            [
              21.3953409,
              41.2482383
            ],
            [
              21.3956441,
              41.2484932
            ],
            [
              21.3956504,
              41.2485481
            ],
            [
              21.3955623,
              41.248645
            ],
            [
              21.395482,
              41.2487323
            ],
            [
              21.395362,
              41.2488138
            ],
            [
              21.3952022,
              41.2488676
            ],
            [
              21.3950987,
              41.2485733
            ],
            [
              21.3950914,
              41.2484389
            ],
            [
              21.3950514,
              41.2483818
            ]
          ]
        ]
      },
      "id": "way/893149557"
    },
    {
      "type": "Feature",
      "properties": {
        "@id": "way/893155848",
        "amenity": "school",
        "barrier": "fence",
        "name": "ПООУ Стале Попов",
        "name:en": "Stale Popov AEMS"
      },
      "geometry": {
        "type": "Polygon",
        "coordinates": [
          [
            [
              21.686756,
              41.1631149
            ],
            [
              21.6868966,
              41.1632505
            ],
            [
              21.6870243,
              41.1633257
            ],
            [
              21.6868301,
              41.1635817
            ],
            [
              21.6867357,
              41.1635276
            ],
            [
              21.6865597,
              41.1636415
            ],
            [
              21.6864599,
              41.1635373
            ],
            [
              21.6862282,
              41.1633854
            ],
            [
              21.6861509,
              41.1633071
            ],
            [
              21.6861456,
              41.1632643
            ],
            [
              21.6860479,
              41.1632368
            ],
            [
              21.6859374,
              41.1631334
            ],
            [
              21.6858334,
              41.1630801
            ],
            [
              21.6859439,
              41.1630276
            ],
            [
              21.6860672,
              41.1629493
            ],
            [
              21.6860951,
              41.1629048
            ],
            [
              21.6861423,
              41.162879
            ],
            [
              21.6862067,
              41.1628677
            ],
            [
              21.6862582,
              41.1628677
            ],
            [
              21.6865264,
              41.1629743
            ],
            [
              21.686756,
              41.1631149
            ]
          ]
        ]
      },
      "id": "way/893155848"
    },
    {
      "type": "Feature",
      "properties": {
        "@id": "way/893162091",
        "amenity": "school",
        "barrier": "fence",
        "name": "ПООУ Гоце Делчев",
        "name:en": "Goce Delchev AEMS"
      },
      "geometry": {
        "type": "Polygon",
        "coordinates": [
          [
            [
              21.7411392,
              41.3722755
            ],
            [
              21.7410297,
              41.3724704
            ],
            [
              21.7408345,
              41.3725444
            ],
            [
              21.7407165,
              41.3726926
            ],
            [
              21.740562,
              41.3726942
            ],
            [
              21.7403989,
              41.3726008
            ],
            [
              21.7403302,
              41.3725026
            ],
            [
              21.7402744,
              41.3724527
            ],
            [
              21.7403774,
              41.3722997
            ],
            [
              21.7402272,
              41.3722594
            ],
            [
              21.7402637,
              41.3721499
            ],
            [
              21.7407486,
              41.3721725
            ],
            [
              21.7408752,
              41.3721837
            ],
            [
              21.7409761,
              41.3722208
            ],
            [
              21.7410362,
              41.3722643
            ],
            [
              21.7411392,
              41.3722755
            ]
          ]
        ]
      },
      "id": "way/893162091"
    },
    {
      "type": "Feature",
      "properties": {
        "@id": "way/899133476",
        "amenity": "school",
        "barrier": "fence",
        "name": "ПООУ Стале Попов",
        "name:en": "Stale Popov AEMS"
      },
      "geometry": {
        "type": "Polygon",
        "coordinates": [
          [
            [
              21.670958,
              41.2796395
            ],
            [
              21.6709743,
              41.2797037
            ],
            [
              21.6710169,
              41.2797572
            ],
            [
              21.6709865,
              41.2799023
            ],
            [
              21.6709743,
              41.2800581
            ],
            [
              21.6708828,
              41.2801222
            ],
            [
              21.6708035,
              41.2801879
            ],
            [
              21.670771,
              41.2802338
            ],
            [
              21.6705799,
              41.2802093
            ],
            [
              21.6705718,
              41.2802582
            ],
            [
              21.6704579,
              41.28022
            ],
            [
              21.6703482,
              41.2801727
            ],
            [
              21.6702709,
              41.2801054
            ],
            [
              21.6702465,
              41.2800413
            ],
            [
              21.670275,
              41.2799832
            ],
            [
              21.6703502,
              41.2799542
            ],
            [
              21.6705636,
              41.279971
            ],
            [
              21.6706551,
              41.2799038
            ],
            [
              21.6706937,
              41.2798564
            ],
            [
              21.6707771,
              41.2797404
            ],
            [
              21.670771,
              41.2797052
            ],
            [
              21.6706937,
              41.2796563
            ],
            [
              21.6707507,
              41.2796518
            ],
            [
              21.6708055,
              41.2796731
            ],
            [
              21.6708706,
              41.2796686
            ],
            [
              21.6709173,
              41.2796563
            ],
            [
              21.670958,
              41.2796395
            ]
          ]
        ]
      },
      "id": "way/899133476"
    },
    {
      "type": "Feature",
      "properties": {
        "@id": "way/899134885",
        "addr:city": "Cкoпje",
        "addr:housenumber": "27",
        "addr:street": "Димитрије Чуповски",
        "amenity": "school",
        "check_date": "2024-08-26",
        "grades": "9-12",
        "name": "СУГС Гимназија „Јосип Броз-Тито”",
        "phone": "+389 2 3214 314",
        "website": "https://josipbroztito.edu.mk/"
      },
      "geometry": {
        "type": "Polygon",
        "coordinates": [
          [
            [
              21.4259799,
              41.9944288
            ],
            [
              21.4259797,
              41.9944197
            ],
            [
              21.4259758,
              41.9940381
            ],
            [
              21.4260334,
              41.9940375
            ],
            [
              21.4260349,
              41.9938002
            ],
            [
              21.4260963,
              41.9938001
            ],
            [
              21.4260961,
              41.9935208
            ],
            [
              21.4265314,
              41.9933999
            ],
            [
              21.4265483,
              41.9940902
            ],
            [
              21.4265044,
              41.9940908
            ],
            [
              21.426524,
              41.9949077
            ],
            [
              21.4261788,
              41.9949122
            ],
            [
              21.4261865,
              41.9952368
            ],
            [
              21.4258824,
              41.9952386
            ],
            [
              21.4257488,
              41.9946548
            ],
            [
              21.4258741,
              41.994653
            ],
            [
              21.4258751,
              41.9944302
            ],
            [
              21.4259799,
              41.9944288
            ]
          ]
        ]
      },
      "id": "way/899134885"
    },
    {
      "type": "Feature",
      "properties": {
        "@id": "way/899182418",
        "amenity": "school",
        "barrier": "fence",
        "name": "ПООУ Стале Попов",
        "name:en": "Stale Popov AEMS"
      },
      "geometry": {
        "type": "Polygon",
        "coordinates": [
          [
            [
              21.8236151,
              41.1476325
            ],
            [
              21.8236446,
              41.1473457
            ],
            [
              21.823701,
              41.1474022
            ],
            [
              21.8240872,
              41.1471376
            ],
            [
              21.824165,
              41.1471821
            ],
            [
              21.8241677,
              41.1472931
            ],
            [
              21.8240818,
              41.1473517
            ],
            [
              21.8241784,
              41.1474729
            ],
            [
              21.8238136,
              41.1476587
            ],
            [
              21.8236151,
              41.1476325
            ]
          ]
        ]
      },
      "id": "way/899182418"
    },
    {
      "type": "Feature",
      "properties": {
        "@id": "way/899195540",
        "amenity": "school",
        "barrier": "fence",
        "name": "ПООУ Рампо Левков-Левката",
        "name:en": "Rampo Levkov=levkata AEMS"
      },
      "geometry": {
        "type": "Polygon",
        "coordinates": [
          [
            [
              21.5770533,
              41.3260894
            ],
            [
              21.5768163,
              41.3259964
            ],
            [
              21.576636,
              41.3259934
            ],
            [
              21.5764704,
              41.3258715
            ],
            [
              21.5766204,
              41.3257418
            ],
            [
              21.5767782,
              41.3257749
            ],
            [
              21.5769605,
              41.3257423
            ],
            [
              21.5769444,
              41.3258252
            ],
            [
              21.5771265,
              41.325855
            ],
            [
              21.5771008,
              41.3259234
            ],
            [
              21.5771241,
              41.3259865
            ],
            [
              21.5770533,
              41.3260894
            ]
          ]
        ]
      },
      "id": "way/899195540"
    },
    {
      "type": "Feature",
      "properties": {
        "@id": "way/899449838",
        "amenity": "school",
        "barrier": "fence",
        "name": "ПООУ Кирил и Методиј",
        "name:en": "Kiril i Metodij AEMS",
        "phone": "+38948456217",
        "wikidata": "Q12909070",
        "wikipedia": "mk:ОУ „Кирил и Методиј“ - Канатларци"
      },
      "geometry": {
        "type": "Polygon",
        "coordinates": [
          [
            [
              21.5965627,
              41.1797881
            ],
            [
              21.5964552,
              41.1798127
            ],
            [
              21.5963665,
              41.1798303
            ],
            [
              21.5962174,
              41.1798292
            ],
            [
              21.5961932,
              41.1797848
            ],
            [
              21.5961289,
              41.1797727
            ],
            [
              21.595867,
              41.1797666
            ],
            [
              21.5960186,
              41.1797055
            ],
            [
              21.5960723,
              41.1796423
            ],
            [
              21.5960653,
              41.1795421
            ],
            [
              21.5961774,
              41.1795544
            ],
            [
              21.5962334,
              41.1795526
            ],
            [
              21.5963782,
              41.1793769
            ],
            [
              21.5963782,
              41.1793329
            ],
            [
              21.5964599,
              41.1792679
            ],
            [
              21.5967168,
              41.1792908
            ],
            [
              21.5968008,
              41.1793945
            ],
            [
              21.5967261,
              41.179514
            ],
            [
              21.5964926,
              41.1797003
            ],
            [
              21.5965627,
              41.1797881
            ]
          ]
        ]
      },
      "id": "way/899449838"
    },
    {
      "type": "Feature",
      "properties": {
        "@id": "way/899453104",
        "amenity": "school",
        "barrier": "fence",
        "name": "ПООУ Кирил и Методиј",
        "name:en": "Kiril i Metodij AEMS",
        "phone": "+38948456217"
      },
      "geometry": {
        "type": "Polygon",
        "coordinates": [
          [
            [
              21.5470339,
              41.2316325
            ],
            [
              21.5469159,
              41.2316244
            ],
            [
              21.5467067,
              41.2315477
            ],
            [
              21.5466262,
              41.2314186
            ],
            [
              21.5465887,
              41.231229
            ],
            [
              21.5466209,
              41.2310192
            ],
            [
              21.5467174,
              41.2308054
            ],
            [
              21.5468569,
              41.2306844
            ],
            [
              21.547109,
              41.2306642
            ],
            [
              21.5474524,
              41.2307247
            ],
            [
              21.5477528,
              41.2306521
            ],
            [
              21.5480522,
              41.2305823
            ],
            [
              21.5480452,
              41.2306947
            ],
            [
              21.5480825,
              41.230879
            ],
            [
              21.547683,
              41.2313057
            ],
            [
              21.5474738,
              41.231463
            ],
            [
              21.5472432,
              41.2316042
            ],
            [
              21.5470339,
              41.2316325
            ]
          ]
        ]
      },
      "id": "way/899453104"
    },
    {
      "type": "Feature",
      "properties": {
        "@id": "way/899463572",
        "amenity": "school",
        "barrier": "fence",
        "name": "ПООУ Народен Херој Круме Волнароски-Коле",
        "name:en": "People's Hero Krume Volnaroski-Kole AEMS",
        "name:mk": "ПООУ Народен Херој Круме Волнароски-Коле",
        "website": "https://ooukrumevolnaroski.edu.mk",
        "wikidata": "Q20568735",
        "wikipedia": "mk:ОУ „Круме Волнароски“ - Тополчани"
      },
      "geometry": {
        "type": "Polygon",
        "coordinates": [
          [
            [
              21.5672376,
              41.3018391
            ],
            [
              21.5674629,
              41.3018135
            ],
            [
              21.5676406,
              41.3018224
            ],
            [
              21.567839,
              41.301895
            ],
            [
              21.5680398,
              41.3020056
            ],
            [
              21.5680998,
              41.3020796
            ],
            [
              21.5681386,
              41.3021498
            ],
            [
              21.5679352,
              41.3021516
            ],
            [
              21.5677391,
              41.3021522
            ],
            [
              21.567503,
              41.3021925
            ],
            [
              21.5671899,
              41.3021859
            ],
            [
              21.5669155,
              41.3021523
            ],
            [
              21.5671015,
              41.301966
            ],
            [
              21.5670486,
              41.3018859
            ],
            [
              21.5670549,
              41.3018461
            ],
            [
              21.5672376,
              41.3018391
            ]
          ]
        ]
      },
      "id": "way/899463572"
    },
    {
      "type": "Feature",
      "properties": {
        "@id": "way/899468318",
        "amenity": "school",
        "name": "ПООУ Стале Попов",
        "name:en": "Stale Popov AEMS"
      },
      "geometry": {
        "type": "Polygon",
        "coordinates": [
          [
            [
              21.7280323,
              41.1671051
            ],
            [
              21.7280022,
              41.1670931
            ],
            [
              21.7275918,
              41.1669299
            ],
            [
              21.7276945,
              41.1668104
            ],
            [
              21.7277366,
              41.1668315
            ],
            [
              21.7278377,
              41.1667579
            ],
            [
              21.7278608,
              41.1667411
            ],
            [
              21.727976,
              41.1668576
            ],
            [
              21.7280218,
              41.1670102
            ],
            [
              21.7280323,
              41.1671051
            ]
          ]
        ]
      },
      "id": "way/899468318"
    },
    {
      "type": "Feature",
      "properties": {
        "@id": "way/899479866",
        "amenity": "townhall",
        "building": "yes",
        "name": "МЗ Крушевица",
        "name:en": "RC Krushevica",
        "townhall:type": "village"
      },
      "geometry": {
        "type": "Polygon",
        "coordinates": [
          [
            [
              21.6536326,
              41.2061322
            ],
            [
              21.6536143,
              41.2062265
            ],
            [
              21.6533444,
              41.2061969
            ],
            [
              21.6533626,
              41.2061026
            ],
            [
              21.6536326,
              41.2061322
            ]
          ]
        ]
      },
      "id": "way/899479866"
    },
    {
      "type": "Feature",
      "properties": {
        "@id": "way/899479867",
        "amenity": "school",
        "barrier": "fence",
        "name": "ПООУ Стале Попов",
        "name:en": "Stale Popov AEMS"
      },
      "geometry": {
        "type": "Polygon",
        "coordinates": [
          [
            [
              21.6541062,
              41.2058052
            ],
            [
              21.6539985,
              41.2059234
            ],
            [
              21.6538769,
              41.2059929
            ],
            [
              21.6537447,
              41.2060311
            ],
            [
              21.6535882,
              41.206051
            ],
            [
              21.653328,
              41.2060693
            ],
            [
              21.6531105,
              41.2060647
            ],
            [
              21.6529601,
              41.2060311
            ],
            [
              21.6533463,
              41.2054622
            ],
            [
              21.6541062,
              41.2058052
            ]
          ]
        ]
      },
      "id": "way/899479867"
    },
    {
      "type": "Feature",
      "properties": {
        "@id": "way/899622223",
        "amenity": "school",
        "barrier": "fence",
        "name": "ПООУ Стале Попов",
        "name:en": "Stale Popov AEMS"
      },
      "geometry": {
        "type": "Polygon",
        "coordinates": [
          [
            [
              21.7828626,
              41.1383385
            ],
            [
              21.7831038,
              41.1384459
            ],
            [
              21.7831777,
              41.1386385
            ],
            [
              21.7831469,
              41.1387801
            ],
            [
              21.7830668,
              41.1388822
            ],
            [
              21.782959,
              41.138975
            ],
            [
              21.7827988,
              41.1388682
            ],
            [
              21.7824907,
              41.1391304
            ],
            [
              21.7825276,
              41.1389471
            ],
            [
              21.782471,
              41.1388314
            ],
            [
              21.7825891,
              41.1386375
            ],
            [
              21.7826963,
              41.1384719
            ],
            [
              21.7828626,
              41.1383385
            ]
          ]
        ]
      },
      "id": "way/899622223"
    },
    {
      "type": "Feature",
      "properties": {
        "@id": "way/899627680",
        "amenity": "school",
        "barrier": "fence",
        "name": "ПООУ Кирил и Методиј",
        "name:en": "Kiril i Metodij AEMS",
        "phone": "+38948456217"
      },
      "geometry": {
        "type": "Polygon",
        "coordinates": [
          [
            [
              21.5996338,
              41.2313059
            ],
            [
              21.5995002,
              41.2313019
            ],
            [
              21.5993575,
              41.2313106
            ],
            [
              21.5990574,
              41.2312218
            ],
            [
              21.5988686,
              41.2311645
            ],
            [
              21.5987449,
              41.2311113
            ],
            [
              21.5986484,
              41.2310552
            ],
            [
              21.5985641,
              41.2309904
            ],
            [
              21.598511,
              41.2309455
            ],
            [
              21.5984756,
              41.2308599
            ],
            [
              21.5984861,
              41.2307349
            ],
            [
              21.5985548,
              41.2306382
            ],
            [
              21.5986535,
              41.2305178
            ],
            [
              21.5988227,
              41.23037
            ],
            [
              21.5990086,
              41.2302431
            ],
            [
              21.5991454,
              41.2303514
            ],
            [
              21.5993514,
              41.2303637
            ],
            [
              21.5994699,
              41.2303169
            ],
            [
              21.5995332,
              41.2301493
            ],
            [
              21.5998055,
              41.2301725
            ],
            [
              21.5997409,
              41.2302796
            ],
            [
              21.5998919,
              41.2304233
            ],
            [
              21.5995571,
              41.2305342
            ],
            [
              21.5997781,
              41.2308722
            ],
            [
              21.5995777,
              41.2311995
            ],
            [
              21.5996338,
              41.2313059
            ]
          ]
        ]
      },
      "id": "way/899627680"
    },
    {
      "type": "Feature",
      "properties": {
        "@id": "way/899641936",
        "amenity": "school",
        "barrier": "fence",
        "name": "ООУ Стале Попов",
        "name:en": "Stale Popov EMS"
      },
      "geometry": {
        "type": "Polygon",
        "coordinates": [
          [
            [
              21.8257781,
              41.1772957
            ],
            [
              21.8254257,
              41.1771485
            ],
            [
              21.8253592,
              41.1772493
            ],
            [
              21.8252557,
              41.1774028
            ],
            [
              21.8248979,
              41.1773064
            ],
            [
              21.8246947,
              41.1772788
            ],
            [
              21.8246113,
              41.1771564
            ],
            [
              21.8245849,
              41.1769223
            ],
            [
              21.8246499,
              41.176826
            ],
            [
              21.8247577,
              41.1767571
            ],
            [
              21.8249386,
              41.1767127
            ],
            [
              21.8251154,
              41.176699
            ],
            [
              21.8253817,
              41.176699
            ],
            [
              21.8256277,
              41.1767586
            ],
            [
              21.825711,
              41.1767464
            ],
            [
              21.8257842,
              41.1767036
            ],
            [
              21.8258045,
              41.1766209
            ],
            [
              21.8260444,
              41.176676
            ],
            [
              21.8260765,
              41.1765941
            ],
            [
              21.8264922,
              41.1766103
            ],
            [
              21.8265512,
              41.1767536
            ],
            [
              21.8266344,
              41.1768444
            ],
            [
              21.8267014,
              41.1769676
            ],
            [
              21.8268623,
              41.1770019
            ],
            [
              21.8269133,
              41.1771251
            ],
            [
              21.8271735,
              41.1771957
            ],
            [
              21.8274605,
              41.17723
            ],
            [
              21.8277716,
              41.1772341
            ],
            [
              21.8279057,
              41.1774117
            ],
            [
              21.8279084,
              41.1775369
            ],
            [
              21.8278172,
              41.1775652
            ],
            [
              21.8277367,
              41.1776621
            ],
            [
              21.8275543,
              41.1777206
            ],
            [
              21.827313,
              41.1777307
            ],
            [
              21.8271547,
              41.1778014
            ],
            [
              21.8268355,
              41.1777125
            ],
            [
              21.8267899,
              41.1776722
            ],
            [
              21.8265888,
              41.1777004
            ],
            [
              21.8265029,
              41.1776419
            ],
            [
              21.8263715,
              41.1776459
            ],
            [
              21.8262401,
              41.177543
            ],
            [
              21.8259933,
              41.1774763
            ],
            [
              21.8257781,
              41.1772957
            ]
          ]
        ]
      },
      "id": "way/899641936"
    },
    {
      "type": "Feature",
      "properties": {
        "@id": "way/899641940",
        "amenity": "police",
        "building": "yes",
        "name": "ПС Витолиште",
        "name:en": "Vitolishte PS"
      },
      "geometry": {
        "type": "Polygon",
        "coordinates": [
          [
            [
              21.8253321,
              41.1777302
            ],
            [
              21.8250976,
              41.1777933
            ],
            [
              21.8250423,
              41.1776768
            ],
            [
              21.8252767,
              41.1776137
            ],
            [
              21.8253321,
              41.1777302
            ]
          ]
        ]
      },
      "id": "way/899641940"
    },
    {
      "type": "Feature",
      "properties": {
        "@id": "way/899655606",
        "amenity": "school",
        "name": "ПООУ Стале Попов",
        "name:en": "Stale Popov AEMS"
      },
      "geometry": {
        "type": "Polygon",
        "coordinates": [
          [
            [
              21.6913063,
              41.2589912
            ],
            [
              21.6909468,
              41.2586998
            ],
            [
              21.6909024,
              41.2587261
            ],
            [
              21.6907646,
              41.2584927
            ],
            [
              21.6908697,
              41.2584664
            ],
            [
              21.6910518,
              41.2584646
            ],
            [
              21.6913017,
              41.2585208
            ],
            [
              21.6914208,
              41.2584857
            ],
            [
              21.691694,
              41.2587507
            ],
            [
              21.6915702,
              41.2587999
            ],
            [
              21.6914418,
              41.2588648
            ],
            [
              21.6913671,
              41.2589157
            ],
            [
              21.6913063,
              41.2589912
            ]
          ]
        ]
      },
      "id": "way/899655606"
    },
    {
      "type": "Feature",
      "properties": {
        "@id": "way/899660530",
        "amenity": "school",
        "barrier": "fence",
        "name": "ООУ Кирил и Методиј",
        "name:en": "Kiril i Metodij EMS",
        "phone": "+38948456217",
        "wikidata": "Q12909070",
        "wikipedia": "mk:ОУ „Кирил и Методиј“ - Канатларци"
      },
      "geometry": {
        "type": "Polygon",
        "coordinates": [
          [
            [
              21.4993118,
              41.2124444
            ],
            [
              21.4993208,
              41.2125191
            ],
            [
              21.499403,
              41.2132926
            ],
            [
              21.4994053,
              41.2133136
            ],
            [
              21.4989145,
              41.2133398
            ],
            [
              21.4988466,
              41.2133444
            ],
            [
              21.4985633,
              41.2133326
            ],
            [
              21.4984279,
              41.2133023
            ],
            [
              21.4977225,
              41.2132941
            ],
            [
              21.4976714,
              41.2125056
            ],
            [
              21.4993118,
              41.2124444
            ]
          ]
        ]
      },
      "id": "way/899660530"
    },
    {
      "type": "Feature",
      "properties": {
        "@id": "way/899660532",
        "amenity": "school",
        "barrier": "fence",
        "name": "ПООУ Кирил и Методиј",
        "name:en": "Kiril i Metodij AEMS",
        "phone": "+38948456217"
      },
      "geometry": {
        "type": "Polygon",
        "coordinates": [
          [
            [
              21.56775,
              41.2007479
            ],
            [
              21.5675938,
              41.2008717
            ],
            [
              21.567438,
              41.2010182
            ],
            [
              21.5672823,
              41.2011007
            ],
            [
              21.5670841,
              41.2011247
            ],
            [
              21.5666913,
              41.2010528
            ],
            [
              21.5663122,
              41.2007482
            ],
            [
              21.5665537,
              41.1998794
            ],
            [
              21.5664869,
              41.1996993
            ],
            [
              21.5666892,
              41.1993998
            ],
            [
              21.5670472,
              41.1998357
            ],
            [
              21.5671116,
              41.2000416
            ],
            [
              21.5675247,
              41.2004291
            ],
            [
              21.56775,
              41.2007479
            ]
          ]
        ]
      },
      "id": "way/899660532"
    },
    {
      "type": "Feature",
      "properties": {
        "@id": "way/899882844",
        "amenity": "school",
        "barrier": "fence",
        "name": "ПООУ Стале Попов",
        "name:en": "Stale Popov AEMS"
      },
      "geometry": {
        "type": "Polygon",
        "coordinates": [
          [
            [
              21.6449915,
              41.2552737
            ],
            [
              21.6451083,
              41.255138
            ],
            [
              21.6452357,
              41.2550262
            ],
            [
              21.6452994,
              41.2549491
            ],
            [
              21.6454339,
              41.2548826
            ],
            [
              21.6455649,
              41.254856
            ],
            [
              21.6456817,
              41.2548746
            ],
            [
              21.6458657,
              41.2549171
            ],
            [
              21.6459825,
              41.2549517
            ],
            [
              21.6461276,
              41.2550262
            ],
            [
              21.6463187,
              41.2551353
            ],
            [
              21.6465477,
              41.2552262
            ],
            [
              21.6464136,
              41.2553472
            ],
            [
              21.6462795,
              41.2555165
            ],
            [
              21.646233,
              41.2555822
            ],
            [
              21.6460992,
              41.2556477
            ],
            [
              21.6459526,
              41.2557174
            ],
            [
              21.6458515,
              41.2558057
            ],
            [
              21.6458268,
              41.2556781
            ],
            [
              21.6459825,
              41.2556196
            ],
            [
              21.6461241,
              41.2554599
            ],
            [
              21.64594,
              41.2553535
            ],
            [
              21.6456746,
              41.2553163
            ],
            [
              21.6453454,
              41.255279
            ],
            [
              21.6451968,
              41.2553056
            ],
            [
              21.6449915,
              41.2552737
            ]
          ]
        ]
      },
      "id": "way/899882844"
    },
    {
      "type": "Feature",
      "properties": {
        "@id": "way/899882852",
        "amenity": "school",
        "barrier": "fence",
        "name": "ПООУ Круме Волнароски-Коља",
        "name:en": "Krume Volnaroski-Kolja AEMS"
      },
      "geometry": {
        "type": "Polygon",
        "coordinates": [
          [
            [
              21.4613788,
              41.2031704
            ],
            [
              21.4619704,
              41.2031519
            ],
            [
              21.461992,
              41.2036364
            ],
            [
              21.4612802,
              41.203648
            ],
            [
              21.4612802,
              41.2033304
            ],
            [
              21.4613788,
              41.2031704
            ]
          ]
        ]
      },
      "id": "way/899882852"
    },
    {
      "type": "Feature",
      "properties": {
        "@id": "way/899882864",
        "amenity": "school",
        "barrier": "fence",
        "name": "ПООУ",
        "name:en": "AEMS"
      },
      "geometry": {
        "type": "Polygon",
        "coordinates": [
          [
            [
              21.6704061,
              41.4029706
            ],
            [
              21.6703055,
              41.4030074
            ],
            [
              21.6702469,
              41.4030148
            ],
            [
              21.6701269,
              41.402934
            ],
            [
              21.6700456,
              41.4028471
            ],
            [
              21.6700964,
              41.4027861
            ],
            [
              21.670131,
              41.4027449
            ],
            [
              21.670194,
              41.4027297
            ],
            [
              21.6702306,
              41.4027434
            ],
            [
              21.670318,
              41.4028181
            ],
            [
              21.6703485,
              41.4028821
            ],
            [
              21.6704061,
              41.4029706
            ]
          ]
        ]
      },
      "id": "way/899882864"
    },
    {
      "type": "Feature",
      "properties": {
        "@id": "way/905876264",
        "amenity": "school",
        "barrier": "fence",
        "name": "Наце Николоски",
        "name:en": "Nace Nikoloski",
        "name:mk": "Наце Николоски",
        "source": "Mapbox"
      },
      "geometry": {
        "type": "Polygon",
        "coordinates": [
          [
            [
              20.6484108,
              41.3659345
            ],
            [
              20.6487572,
              41.3659004
            ],
            [
              20.6489127,
              41.365894
            ],
            [
              20.648906,
              41.3659536
            ],
            [
              20.6490854,
              41.3659472
            ],
            [
              20.649056,
              41.3662695
            ],
            [
              20.6489601,
              41.3662724
            ],
            [
              20.6488478,
              41.3662615
            ],
            [
              20.6486859,
              41.36618
            ],
            [
              20.6485591,
              41.3661143
            ],
            [
              20.6484108,
              41.3659345
            ]
          ]
        ]
      },
      "id": "way/905876264"
    },
    {
      "type": "Feature",
      "properties": {
        "@id": "way/914465149",
        "amenity": "school",
        "barrier": "fence",
        "name": "ОМУ Ордан Михајлоски-Оцка",
        "name:en": "Ordan Mihajloski-Ocka EMS",
        "name:mk": "ОМУ Ордан Михајлоски-Оцка",
        "phone": "+38948415715",
        "website": "https://muzickoprilep.edu.mk/"
      },
      "geometry": {
        "type": "Polygon",
        "coordinates": [
          [
            [
              21.554091,
              41.3436765
            ],
            [
              21.5540507,
              41.3436709
            ],
            [
              21.553858,
              41.3436522
            ],
            [
              21.5538771,
              41.3435701
            ],
            [
              21.553896,
              41.3434889
            ],
            [
              21.5541369,
              41.3435205
            ],
            [
              21.5541168,
              41.3435706
            ],
            [
              21.5540987,
              41.3436451
            ],
            [
              21.554091,
              41.3436765
            ]
          ]
        ]
      },
      "id": "way/914465149"
    },
    {
      "type": "Feature",
      "properties": {
        "@id": "way/914466874",
        "amenity": "school",
        "barrier": "fence",
        "name": "ООУ Блаже Конески",
        "name:en": "Blazhe Koneski EMS",
        "name:mk": "ООУ Блаже Конески",
        "website": "https://oublazekoneski.edu.mk/",
        "wikidata": "Q20567489",
        "wikipedia": "mk:ОУ „Блаже Конески“ - Прилеп"
      },
      "geometry": {
        "type": "Polygon",
        "coordinates": [
          [
            [
              21.5379482,
              41.3506384
            ],
            [
              21.5380353,
              41.3518783
            ],
            [
              21.5364445,
              41.3518715
            ],
            [
              21.536263,
              41.3518546
            ],
            [
              21.5364026,
              41.3517085
            ],
            [
              21.5364761,
              41.3515129
            ],
            [
              21.5364964,
              41.3513023
            ],
            [
              21.5365174,
              41.3510621
            ],
            [
              21.5365216,
              41.3508945
            ],
            [
              21.5365248,
              41.350769
            ],
            [
              21.5367168,
              41.3507465
            ],
            [
              21.5372211,
              41.3506874
            ],
            [
              21.5379482,
              41.3506384
            ]
          ]
        ]
      },
      "id": "way/914466874"
    },
    {
      "type": "Feature",
      "properties": {
        "@id": "way/915203317",
        "amenity": "school",
        "barrier": "fence",
        "name": "ООУ Добре Јованоски",
        "name:en": "Dobre Jovanoski EMS",
        "name:mk": "ООУ Добре Јованоски",
        "website": "https://ooudobrejovanoski.edu.mk/",
        "wikidata": "Q20568539",
        "wikipedia": "mk:ОУ „Добре Јовановски“ - Прилеп"
      },
      "geometry": {
        "type": "Polygon",
        "coordinates": [
          [
            [
              21.552135,
              41.3525724
            ],
            [
              21.5524467,
              41.3527327
            ],
            [
              21.5527181,
              41.3528711
            ],
            [
              21.5529299,
              41.3529681
            ],
            [
              21.5527806,
              41.3531807
            ],
            [
              21.5526057,
              41.3534298
            ],
            [
              21.5523516,
              41.3536209
            ],
            [
              21.5517365,
              41.3532843
            ],
            [
              21.5515428,
              41.3531613
            ],
            [
              21.5514602,
              41.3530548
            ],
            [
              21.5515555,
              41.3530171
            ],
            [
              21.5516829,
              41.3529587
            ],
            [
              21.5518351,
              41.3528657
            ],
            [
              21.5519767,
              41.3527381
            ],
            [
              21.552135,
              41.3525724
            ]
          ]
        ]
      },
      "id": "way/915203317"
    },
    {
      "type": "Feature",
      "properties": {
        "@id": "way/915205457",
        "amenity": "school",
        "barrier": "fence",
        "name": "ООУ Народен Херој Кире Гаврилоски-Јане",
        "name:en": "People's hero Kire Gavriloski-Jane EMS",
        "name:mk": "ООУ Народен Херој Кире Гаврилоски-Јане",
        "website": "https://www.ooukgjane.edu.mk/",
        "wikidata": "Q20567771",
        "wikipedia": "mk:ОУ „Кире Гаврилоски-Јане“ - Прилеп"
      },
      "geometry": {
        "type": "Polygon",
        "coordinates": [
          [
            [
              21.5606993,
              41.3471245
            ],
            [
              21.5608498,
              41.3471824
            ],
            [
              21.5619819,
              41.3476181
            ],
            [
              21.5618864,
              41.3477582
            ],
            [
              21.5618434,
              41.3478752
            ],
            [
              21.5618096,
              41.3479142
            ],
            [
              21.5618042,
              41.3479393
            ],
            [
              21.5617892,
              41.3480651
            ],
            [
              21.5617206,
              41.3480622
            ],
            [
              21.5615773,
              41.3480073
            ],
            [
              21.5616024,
              41.3479704
            ],
            [
              21.5612109,
              41.3478203
            ],
            [
              21.5611712,
              41.3478787
            ],
            [
              21.5610839,
              41.3478452
            ],
            [
              21.5608776,
              41.348191
            ],
            [
              21.5606743,
              41.3481534
            ],
            [
              21.5605286,
              41.3481213
            ],
            [
              21.5599602,
              41.3479772
            ],
            [
              21.5600275,
              41.3478955
            ],
            [
              21.5600908,
              41.3479125
            ],
            [
              21.5602873,
              41.3476446
            ],
            [
              21.5602075,
              41.3476121
            ],
            [
              21.560313,
              41.3474569
            ],
            [
              21.5603619,
              41.3474756
            ],
            [
              21.5604547,
              41.3473392
            ],
            [
              21.5605099,
              41.3473661
            ],
            [
              21.5605766,
              41.3472679
            ],
            [
              21.5605972,
              41.3472759
            ],
            [
              21.5606101,
              41.3472568
            ],
            [
              21.5606993,
              41.3471245
            ]
          ]
        ]
      },
      "id": "way/915205457"
    },
    {
      "type": "Feature",
      "properties": {
        "@id": "way/915207488",
        "addr:city": "Прилеп",
        "addr:housenumber": "0",
        "addr:postcode": "7500",
        "addr:street": "Архиепископ Доситеј",
        "amenity": "school",
        "barrier": "fence",
        "email": "oukohridski@t-home.mk",
        "name": "ООУ Климент Охридски",
        "name:en": "Kliment Ohridski EMS",
        "name:mk": "ООУ Климент Охридски",
        "website": "https://ooukohridski.wordpress.com/",
        "wikidata": "Q20568653",
        "wikipedia": "mk:ОУ „Климент Охридски“ - Прилеп"
      },
      "geometry": {
        "type": "Polygon",
        "coordinates": [
          [
            [
              21.5478282,
              41.3466448
            ],
            [
              21.5478475,
              41.3465919
            ],
            [
              21.5479198,
              41.3465818
            ],
            [
              21.5479537,
              41.346519
            ],
            [
              21.5479266,
              41.3465122
            ],
            [
              21.5480246,
              41.3464056
            ],
            [
              21.5479975,
              41.3463885
            ],
            [
              21.5478927,
              41.3463206
            ],
            [
              21.5479379,
              41.3462732
            ],
            [
              21.5478137,
              41.3462002
            ],
            [
              21.5480079,
              41.3459917
            ],
            [
              21.5479601,
              41.3459547
            ],
            [
              21.5478878,
              41.3458987
            ],
            [
              21.5476926,
              41.3457986
            ],
            [
              21.54772,
              41.3457685
            ],
            [
              21.5476488,
              41.345734
            ],
            [
              21.5478543,
              41.3454711
            ],
            [
              21.547709,
              41.3453676
            ],
            [
              21.5481067,
              41.3451414
            ],
            [
              21.5481446,
              41.345237
            ],
            [
              21.5486539,
              41.3455457
            ],
            [
              21.5485003,
              41.3457204
            ],
            [
              21.548559,
              41.3457526
            ],
            [
              21.548437,
              41.3458764
            ],
            [
              21.5485206,
              41.3459256
            ],
            [
              21.548419,
              41.3460358
            ],
            [
              21.548507,
              41.3460832
            ],
            [
              21.5483544,
              41.3462162
            ],
            [
              21.5483241,
              41.3462426
            ],
            [
              21.5485866,
              41.3464117
            ],
            [
              21.5484964,
              41.3464952
            ],
            [
              21.5484062,
              41.3465788
            ],
            [
              21.5482685,
              41.3466161
            ],
            [
              21.5481822,
              41.3466395
            ],
            [
              21.5480229,
              41.3466528
            ],
            [
              21.5478282,
              41.3466448
            ]
          ]
        ]
      },
      "id": "way/915207488"
    },
    {
      "type": "Feature",
      "properties": {
        "@id": "way/918943444",
        "addr:city": "Прилеп",
        "addr:housenumber": "64",
        "addr:postcode": "7500",
        "addr:street": "Борка Талески-Модерното",
        "amenity": "school",
        "barrier": "fence",
        "name": "ООУ Коста Солев-Кочо Рацин",
        "name:en": "Kosta Solev-Kocho Racin EMS",
        "phone": "+38948425772",
        "website": "http://ooukocoracinprilep.edu.mk/",
        "wikidata": "Q12909190",
        "wikipedia": "mk:ОУ „Кочо Рацин“ - Прилеп"
      },
      "geometry": {
        "type": "Polygon",
        "coordinates": [
          [
            [
              21.5547965,
              41.3433669
            ],
            [
              21.5547858,
              41.3434029
            ],
            [
              21.5548751,
              41.343426
            ],
            [
              21.5549121,
              41.3434514
            ],
            [
              21.554935,
              41.3434839
            ],
            [
              21.5549177,
              41.3435127
            ],
            [
              21.5548697,
              41.3436866
            ],
            [
              21.5548607,
              41.3437193
            ],
            [
              21.5546909,
              41.344112
            ],
            [
              21.5546571,
              41.344103
            ],
            [
              21.5546351,
              41.3441495
            ],
            [
              21.5544416,
              41.3440701
            ],
            [
              21.5542478,
              41.3440052
            ],
            [
              21.5543164,
              41.343824
            ],
            [
              21.554221,
              41.3438039
            ],
            [
              21.5542799,
              41.3436764
            ],
            [
              21.5543127,
              41.3435635
            ],
            [
              21.5543302,
              41.3435001
            ],
            [
              21.5543532,
              41.3434163
            ],
            [
              21.554374,
              41.3433404
            ],
            [
              21.5543769,
              41.3433037
            ],
            [
              21.5547965,
              41.3433669
            ]
          ]
        ]
      },
      "id": "way/918943444"
    },
    {
      "type": "Feature",
      "properties": {
        "@id": "way/922175325",
        "addr:city": "Cкoпje",
        "addr:housenumber": "14",
        "addr:postcode": "1000",
        "addr:street": "Aдам Мицкиевиќ",
        "amenity": "school",
        "email": "ooukirogligorov@yahoo.com;contakt@ooukirogligorov.edu.mk",
        "grades": "1-9",
        "name": "ООУ,,Киро Глигоров''",
        "name:en": "OOU Kiro Gligorov",
        "phone": "+38926142744;+38926142745",
        "website": "https://www.ooukirogligorov.edu.mk/"
      },
      "geometry": {
        "type": "Polygon",
        "coordinates": [
          [
            [
              21.4137319,
              41.9931735
            ],
            [
              21.4134959,
              41.9922329
            ],
            [
              21.4147727,
              41.9919061
            ],
            [
              21.4151517,
              41.9930249
            ],
            [
              21.4137319,
              41.9931735
            ]
          ]
        ]
      },
      "id": "way/922175325"
    },
    {
      "type": "Feature",
      "properties": {
        "@id": "way/929187741",
        "amenity": "school",
        "barrier": "fence",
        "name": "ПООУ Ѓорче Петров",
        "name:en": "Gjorche Petrov AEMS"
      },
      "geometry": {
        "type": "Polygon",
        "coordinates": [
          [
            [
              21.3993341,
              41.4610382
            ],
            [
              21.399064,
              41.4614623
            ],
            [
              21.3988728,
              41.4615863
            ],
            [
              21.3986513,
              41.4614623
            ],
            [
              21.3986088,
              41.4613179
            ],
            [
              21.3985072,
              41.4611747
            ],
            [
              21.3984844,
              41.4611201
            ],
            [
              21.3984814,
              41.4610746
            ],
            [
              21.3984935,
              41.4610257
            ],
            [
              21.3985345,
              41.4609654
            ],
            [
              21.3986043,
              41.4608915
            ],
            [
              21.3988046,
              41.4607244
            ],
            [
              21.3989199,
              41.4606198
            ],
            [
              21.3990428,
              41.4605152
            ],
            [
              21.3992643,
              41.460464
            ],
            [
              21.3996694,
              41.4607335
            ],
            [
              21.3994084,
              41.4610541
            ],
            [
              21.3993341,
              41.4610382
            ]
          ]
        ]
      },
      "id": "way/929187741"
    },
    {
      "type": "Feature",
      "properties": {
        "@id": "way/956043144",
        "addr:city": "skopje",
        "addr:postcode": "1000",
        "addr:street": "Алекса Демниевски",
        "amenity": "hospital",
        "email": "nmk@santeplusgroup.com",
        "healthcare": "hospital",
        "name": "Санте Плус",
        "name:en": "Sante Plus",
        "phone": "+38925112016",
        "website": "https://www.santeplusgroup.com/sante-plus-n-macedonia-1"
      },
      "geometry": {
        "type": "Polygon",
        "coordinates": [
          [
            [
              21.3436369,
              42.0049045
            ],
            [
              21.343639,
              42.0041732
            ],
            [
              21.3446504,
              42.0041545
            ],
            [
              21.3446295,
              42.0048392
            ],
            [
              21.344441,
              42.0049107
            ],
            [
              21.3440054,
              42.0049074
            ],
            [
              21.3436369,
              42.0049045
            ]
          ]
        ]
      },
      "id": "way/956043144"
    },
    {
      "type": "Feature",
      "properties": {
        "@id": "way/957920007",
        "amenity": "school",
        "barrier": "fence",
        "name": "ОУ Исмаил Ќемали",
        "name:en": "Ismail Kjemali AEMS",
        "name:mk": "ОУ Исмаил Ќемали",
        "name:sq": "ShF Ismail Qemali",
        "polling_station": "yes"
      },
      "geometry": {
        "type": "Polygon",
        "coordinates": [
          [
            [
              21.4146437,
              41.5273233
            ],
            [
              21.4144731,
              41.527518
            ],
            [
              21.4144488,
              41.5275457
            ],
            [
              21.4143636,
              41.527643
            ],
            [
              21.4141121,
              41.5275939
            ],
            [
              21.4139264,
              41.5275576
            ],
            [
              21.4135309,
              41.5274804
            ],
            [
              21.41349,
              41.5274724
            ],
            [
              21.4134713,
              41.5274687
            ],
            [
              21.4134311,
              41.5274607
            ],
            [
              21.4132012,
              41.5274159
            ],
            [
              21.4130629,
              41.527389
            ],
            [
              21.4127917,
              41.527336
            ],
            [
              21.4123763,
              41.5272591
            ],
            [
              21.4123578,
              41.5272585
            ],
            [
              21.4122327,
              41.5268533
            ],
            [
              21.4135613,
              41.5271123
            ],
            [
              21.4140723,
              41.5272119
            ],
            [
              21.4141807,
              41.527233
            ],
            [
              21.4143018,
              41.5272566
            ],
            [
              21.4146437,
              41.5273233
            ]
          ]
        ]
      },
      "id": "way/957920007"
    },
    {
      "type": "Feature",
      "properties": {
        "@id": "way/991234632",
        "addr:city": "Прилеп",
        "addr:postcode": "7500",
        "amenity": "school",
        "barrier": "fence",
        "name": "ПООУ Коста Солев-Кочо Рацин",
        "name:en": "Kosta Solev-Kocho Racin AEMS",
        "website": "http://ooukocoracinprilep.edu.mk/",
        "wikidata": "Q12909190",
        "wikipedia": "mk:ОУ „Кочо Рацин“ - Прилеп"
      },
      "geometry": {
        "type": "Polygon",
        "coordinates": [
          [
            [
              21.5610213,
              41.3402201
            ],
            [
              21.5609099,
              41.3403455
            ],
            [
              21.5607375,
              41.3404643
            ],
            [
              21.5605603,
              41.3403861
            ],
            [
              21.5607885,
              41.3401084
            ],
            [
              21.5610213,
              41.3402201
            ]
          ]
        ]
      },
      "id": "way/991234632"
    },
    {
      "type": "Feature",
      "properties": {
        "@id": "way/992188591",
        "amenity": "school",
        "barrier": "fence",
        "name": "ПООУ Тодор Ангелевски-Тошо Даскало",
        "name:en": "Todor Angelevski-Tosho Daskalot AEMS",
        "name:mk": "ПООУ Тодор Ангелевски-Тошо Даскалот",
        "wikidata": "Q12909396",
        "wikipedia": "mk:ПОУ „Тодор Ангелевски“ - Горно Оризари"
      },
      "geometry": {
        "type": "Polygon",
        "coordinates": [
          [
            [
              21.341652,
              41.0555467
            ],
            [
              21.341316,
              41.0554542
            ],
            [
              21.340997,
              41.0553626
            ],
            [
              21.3412855,
              41.0547881
            ],
            [
              21.3418523,
              41.0549761
            ],
            [
              21.3419101,
              41.0549922
            ],
            [
              21.3417296,
              41.0553866
            ],
            [
              21.341652,
              41.0555467
            ]
          ]
        ]
      },
      "id": "way/992188591"
    },
    {
      "type": "Feature",
      "properties": {
        "@id": "way/992188593",
        "addr:city": "Битола",
        "addr:housenumber": "62",
        "addr:postcode": "7000",
        "addr:street": "Илинденска",
        "amenity": "school",
        "barrier": "fence",
        "email": "todorangelevski@hotmail.com",
        "name": "ООУ Тодор Ангелевски-Тошо Даскалот",
        "name:en": "Todor Angelevski-Tosho Daskalot EMS",
        "name:mk": "ООУ Тодор Ангелевски-Тошо Даскалот",
        "phone": "+38947622337",
        "website": "http://todorangelevski.blogspot.com/",
        "wikidata": "Q12911556",
        "wikipedia": "mk:ЦОУ „Тодор Ангелевски“ - Битола"
      },
      "geometry": {
        "type": "Polygon",
        "coordinates": [
          [
            [
              21.3390997,
              41.0365901
            ],
            [
              21.3389036,
              41.0367661
            ],
            [
              21.3396181,
              41.0373684
            ],
            [
              21.3395217,
              41.0374487
            ],
            [
              21.339373,
              41.0375724
            ],
            [
              21.3392562,
              41.0376696
            ],
            [
              21.3392235,
              41.0376414
            ],
            [
              21.3390725,
              41.0377591
            ],
            [
              21.3383452,
              41.0372482
            ],
            [
              21.3378074,
              41.0370584
            ],
            [
              21.3379042,
              41.0369176
            ],
            [
              21.3380607,
              41.0369352
            ],
            [
              21.3380576,
              41.036833
            ],
            [
              21.3380537,
              41.0367009
            ],
            [
              21.3378572,
              41.0365949
            ],
            [
              21.3381723,
              41.0364164
            ],
            [
              21.3385378,
              41.036499
            ],
            [
              21.3390997,
              41.0365901
            ]
          ]
        ]
      },
      "id": "way/992188593"
    },
    {
      "type": "Feature",
      "properties": {
        "@id": "way/992188601",
        "amenity": "school",
        "barrier": "fence",
        "name": "ООУ Никола Тодоровски-Коле Канински",
        "name:en": "Nikola Todorovski-Kole Kaninski EMS",
        "name:mk": "ООУ Никола Тодоровски-Коле Канински",
        "website": "https://oukolekaninski.wordpress.com/",
        "wikidata": "Q20568664",
        "wikipedia": "mk:ОУ „Коле Канински“ - Битола"
      },
      "geometry": {
        "type": "Polygon",
        "coordinates": [
          [
            [
              21.3429588,
              41.025439
            ],
            [
              21.3429811,
              41.0252792
            ],
            [
              21.3441094,
              41.0253406
            ],
            [
              21.3442323,
              41.025386
            ],
            [
              21.3443576,
              41.0254447
            ],
            [
              21.344498,
              41.0255525
            ],
            [
              21.3446609,
              41.0257075
            ],
            [
              21.344823,
              41.0258953
            ],
            [
              21.344298,
              41.0260572
            ],
            [
              21.3432689,
              41.0263971
            ],
            [
              21.3432621,
              41.0261709
            ],
            [
              21.34339,
              41.0261709
            ],
            [
              21.3433961,
              41.0259868
            ],
            [
              21.3434084,
              41.0257741
            ],
            [
              21.3428159,
              41.0258569
            ],
            [
              21.3428761,
              41.0255978
            ],
            [
              21.3427482,
              41.0255827
            ],
            [
              21.3427883,
              41.025422
            ],
            [
              21.3429588,
              41.025439
            ]
          ]
        ]
      },
      "id": "way/992188601"
    },
    {
      "type": "Feature",
      "properties": {
        "@id": "way/992188604",
        "addr:city": "Битола",
        "addr:housenumber": "0",
        "addr:postcode": "7000",
        "addr:street": "1. Мај",
        "amenity": "school",
        "barrier": "fence",
        "email": "sv.kim.bitola@gmail",
        "name": "ООУ Св. Кирил и Методиј",
        "name:en": "St. Cyril and Methodius EMS",
        "name:mk": "ООУ Св. Кирил и Методиј",
        "phone": "+38947237222",
        "website": "https://oukimbt.webs.com/",
        "wikidata": "Q20568967",
        "wikipedia": "mk:ОУ „Св. Кирил и Методиј“ - Битола"
      },
      "geometry": {
        "type": "Polygon",
        "coordinates": [
          [
            [
              21.3392785,
              41.0310286
            ],
            [
              21.338993,
              41.0310147
            ],
            [
              21.3386388,
              41.0310055
            ],
            [
              21.3386467,
              41.0308339
            ],
            [
              21.3386633,
              41.0306343
            ],
            [
              21.3390007,
              41.0306293
            ],
            [
              21.3393017,
              41.0307192
            ],
            [
              21.339308,
              41.0307837
            ],
            [
              21.3392914,
              41.0309212
            ],
            [
              21.3392785,
              41.0310286
            ]
          ]
        ]
      },
      "id": "way/992188604"
    },
    {
      "type": "Feature",
      "properties": {
        "@id": "way/992188613",
        "addr:city": "Битола",
        "addr:housenumber": "0",
        "addr:postcode": "7000",
        "addr:street": "Димче Лахчански",
        "amenity": "school",
        "barrier": "fence",
        "email": "ouklimentbt@yahoo.com",
        "fax": "+38947252733",
        "name": "ООУ Св. Климент Охридски",
        "name:en": "St. Clement of Ohrid EMS",
        "name:mk": "ООУ Св. Климент Охридски",
        "phone": "+38947255737",
        "website": "http://ousvklimentohridskibt.weebly.com/",
        "wikidata": "Q12909232",
        "wikipedia": "mk:ОУ „Св. Климент Охридски“ - Битола"
      },
      "geometry": {
        "type": "Polygon",
        "coordinates": [
          [
            [
              21.3094122,
              41.023071
            ],
            [
              21.30955,
              41.0233349
            ],
            [
              21.3096752,
              41.0237088
            ],
            [
              21.3097121,
              41.0238615
            ],
            [
              21.3097172,
              41.0240285
            ],
            [
              21.3097386,
              41.0241834
            ],
            [
              21.3097319,
              41.0244953
            ],
            [
              21.3096889,
              41.0247574
            ],
            [
              21.3092262,
              41.0248651
            ],
            [
              21.3086801,
              41.0249819
            ],
            [
              21.3085213,
              41.0249919
            ],
            [
              21.3083691,
              41.0236069
            ],
            [
              21.3094122,
              41.023071
            ]
          ]
        ]
      },
      "id": "way/992188613"
    },
    {
      "type": "Feature",
      "properties": {
        "@id": "way/992188617",
        "addr:city": "Битола",
        "addr:housenumber": "32",
        "addr:postcode": "7000",
        "addr:street": "Димитар Влахов",
        "amenity": "school",
        "barrier": "fence",
        "name": "ООУ Ѓорѓи Сугарев-Волкан",
        "name:en": "Gjorgji Sugarev-Volkan EMS",
        "name:mk": "ООУ Ѓорѓи Сугарев-Волкан",
        "website": "https://gorgisugarev.wordpress.com/",
        "wikidata": "Q12909125",
        "wikipedia": "mk:ОУ „Ѓорѓи Сугарев“ - Битола"
      },
      "geometry": {
        "type": "Polygon",
        "coordinates": [
          [
            [
              21.3343838,
              41.0339326
            ],
            [
              21.3341786,
              41.0343338
            ],
            [
              21.3340874,
              41.0343023
            ],
            [
              21.3339962,
              41.03448
            ],
            [
              21.334057,
              41.0345029
            ],
            [
              21.333981,
              41.034672
            ],
            [
              21.333696,
              41.0345029
            ],
            [
              21.3335534,
              41.0346659
            ],
            [
              21.3328924,
              41.034288
            ],
            [
              21.3329642,
              41.0342139
            ],
            [
              21.3330345,
              41.0341083
            ],
            [
              21.3330983,
              41.0339963
            ],
            [
              21.3331536,
              41.0338462
            ],
            [
              21.3332536,
              41.0335936
            ],
            [
              21.3334621,
              41.0336585
            ],
            [
              21.3343376,
              41.0339165
            ],
            [
              21.3343838,
              41.0339326
            ]
          ]
        ]
      },
      "id": "way/992188617"
    },
    {
      "type": "Feature",
      "properties": {
        "@id": "way/992188627",
        "amenity": "school",
        "barrier": "fence",
        "email": "stinaumov@gmail.com",
        "fax": "+38947223364",
        "name": "ООУ Народен Херој Стефан Наумов-Стив",
        "name:en": "People's Hero Stefan Naumov-Stiv EMS",
        "name:mk": "ООУ Народен Херој Стефан Наумов-Стив",
        "phone": "+38947223364",
        "website": "http://oustivnaumovbt.edu.mk/",
        "wikidata": "Q20568997",
        "wikipedia": "mk:ОУ „Стив Наумов“ - Битола"
      },
      "geometry": {
        "type": "Polygon",
        "coordinates": [
          [
            [
              21.3265634,
              41.0269824
            ],
            [
              21.3270392,
              41.0274796
            ],
            [
              21.3265418,
              41.0278931
            ],
            [
              21.32613,
              41.028169
            ],
            [
              21.3259716,
              41.0278888
            ],
            [
              21.3257096,
              41.0275955
            ],
            [
              21.3259687,
              41.0274082
            ],
            [
              21.3258801,
              41.0273209
            ],
            [
              21.3260236,
              41.027238
            ],
            [
              21.3260643,
              41.027278
            ],
            [
              21.3262208,
              41.0271684
            ],
            [
              21.3264194,
              41.0270433
            ],
            [
              21.3265634,
              41.0269824
            ]
          ]
        ]
      },
      "id": "way/992188627"
    },
    {
      "type": "Feature",
      "properties": {
        "@id": "way/992188629",
        "addr:city": "Битола",
        "addr:housenumber": "50",
        "addr:postcode": "7000",
        "addr:street": "Охридска",
        "amenity": "school",
        "barrier": "fence",
        "fax": "+38947231240",
        "name": "ООУ Др Трифун Пановски",
        "name:en": "Dr Trifun Panovski EMS",
        "name:mk": "ООУ Др Трифун Пановски",
        "phone": "+38947231240",
        "website": "https://trifunpanovskibitola.wordpress.com/",
        "wikidata": "Q20568507",
        "wikipedia": "mk:ОУ „Д-р Трифун Пановски“ - Битола"
      },
      "geometry": {
        "type": "Polygon",
        "coordinates": [
          [
            [
              21.3267146,
              41.0312845
            ],
            [
              21.326703,
              41.0308163
            ],
            [
              21.3270941,
              41.0307102
            ],
            [
              21.3271458,
              41.0309446
            ],
            [
              21.3275923,
              41.0308959
            ],
            [
              21.327598,
              41.0309647
            ],
            [
              21.3277195,
              41.0309575
            ],
            [
              21.3278126,
              41.0312786
            ],
            [
              21.3278734,
              41.0313273
            ],
            [
              21.3277727,
              41.031333
            ],
            [
              21.3277746,
              41.0313832
            ],
            [
              21.3274232,
              41.0314061
            ],
            [
              21.3274049,
              41.0312667
            ],
            [
              21.3268251,
              41.0312805
            ],
            [
              21.3267146,
              41.0312845
            ]
          ]
        ]
      },
      "id": "way/992188629"
    },
    {
      "type": "Feature",
      "properties": {
        "@id": "way/992188637",
        "addr:city": "Битола",
        "addr:housenumber": "4",
        "addr:postcode": "7000",
        "addr:street": "Младински Бригади",
        "amenity": "school",
        "barrier": "fence",
        "fax": "+38947203788",
        "name": "ООУ Народен Херој Елпида Караманди-Бисера",
        "name:en": "People's Hero Elpida Karamandi-Bisera EMS",
        "name:mk": "ООУ Народен Херој Елпида Караманди-Бисера",
        "phone": "+38947253798",
        "website": "https://www.elpidakaramandi.edu.mk/",
        "wikidata": "Q12909177",
        "wikipedia": "mk:ОУ „Елпида Караманди“ - Битола"
      },
      "geometry": {
        "type": "Polygon",
        "coordinates": [
          [
            [
              21.3120916,
              41.0319531
            ],
            [
              21.3117465,
              41.0310861
            ],
            [
              21.3133976,
              41.0307249
            ],
            [
              21.3136738,
              41.0315674
            ],
            [
              21.3132496,
              41.031651
            ],
            [
              21.3129762,
              41.0317968
            ],
            [
              21.3120916,
              41.0319531
            ]
          ]
        ]
      },
      "id": "way/992188637"
    },
    {
      "type": "Feature",
      "properties": {
        "@id": "way/999516015",
        "amenity": "townhall",
        "building": "yes",
        "name": "Orman's village hall"
      },
      "geometry": {
        "type": "Polygon",
        "coordinates": [
          [
            [
              20.7850448,
              41.1398962
            ],
            [
              20.7850107,
              41.1398385
            ],
            [
              20.7851215,
              41.1398096
            ],
            [
              20.785147,
              41.1398754
            ],
            [
              20.7850448,
              41.1398962
            ]
          ]
        ]
      },
      "id": "way/999516015"
    },
    {
      "type": "Feature",
      "properties": {
        "@id": "way/1000936466",
        "addr:city": "Скопје",
        "addr:housenumber": "бб",
        "addr:postcode": "1000",
        "addr:street": "Рекреативен центар",
        "amenity": "townhall",
        "building": "yes",
        "name": "Општина Сарај"
      },
      "geometry": {
        "type": "Polygon",
        "coordinates": [
          [
            [
              21.3354007,
              42.0012939
            ],
            [
              21.3354007,
              42.0012425
            ],
            [
              21.3356081,
              42.0012214
            ],
            [
              21.3356081,
              42.0012727
            ],
            [
              21.3356447,
              42.0012848
            ],
            [
              21.3356487,
              42.0013845
            ],
            [
              21.3353479,
              42.0014147
            ],
            [
              21.3353235,
              42.0012999
            ],
            [
              21.3354007,
              42.0012939
            ]
          ]
        ]
      },
      "id": "way/1000936466"
    },
    {
      "type": "Feature",
      "properties": {
        "@id": "way/1001087615",
        "addr:city": "Скопје",
        "addr:country": "MK",
        "addr:housenumber": "б. б",
        "addr:postcode": "1000",
        "addr:street": "Бранко Заревски",
        "amenity": "police",
        "building": "yes",
        "name": "Полициска станица Драчево"
      },
      "geometry": {
        "type": "Polygon",
        "coordinates": [
          [
            [
              21.5141153,
              41.9395429
            ],
            [
              21.513989,
              41.9393432
            ],
            [
              21.5141021,
              41.9393037
            ],
            [
              21.5141537,
              41.9393853
            ],
            [
              21.5141717,
              41.939379
            ],
            [
              21.5142029,
              41.9393681
            ],
            [
              21.5141802,
              41.9393322
            ],
            [
              21.5142775,
              41.9392981
            ],
            [
              21.5143556,
              41.9394216
            ],
            [
              21.5142489,
              41.9394589
            ],
            [
              21.5142135,
              41.9394029
            ],
            [
              21.5141746,
              41.9394165
            ],
            [
              21.5142293,
              41.9395031
            ],
            [
              21.5141153,
              41.9395429
            ]
          ]
        ]
      },
      "id": "way/1001087615"
    },
    {
      "type": "Feature",
      "properties": {
        "@id": "way/1001092512",
        "addr:city": "Скопје",
        "addr:postcode": "1000",
        "addr:street": "Бутелска",
        "amenity": "police",
        "building": "yes",
        "int_name": "Police station - Butel",
        "name": "Полициска станица - Бутел"
      },
      "geometry": {
        "type": "Polygon",
        "coordinates": [
          [
            [
              21.4465196,
              42.0378427
            ],
            [
              21.4464376,
              42.037663
            ],
            [
              21.4462992,
              42.0377031
            ],
            [
              21.4462584,
              42.0376298
            ],
            [
              21.4464362,
              42.037574
            ],
            [
              21.4463901,
              42.0374732
            ],
            [
              21.4464626,
              42.0374497
            ],
            [
              21.4465114,
              42.0375573
            ],
            [
              21.4465761,
              42.0375364
            ],
            [
              21.4466959,
              42.037793
            ],
            [
              21.4465196,
              42.0378427
            ]
          ]
        ]
      },
      "id": "way/1001092512"
    },
    {
      "type": "Feature",
      "properties": {
        "@id": "way/1001106179",
        "addr:city": "Скопје",
        "addr:country": "MK",
        "addr:housenumber": "73",
        "addr:postcode": "1000",
        "addr:street": "Булевар Ѓорче Петров",
        "amenity": "townhall",
        "building": "yes",
        "name": "Општина Ѓорче Петров"
      },
      "geometry": {
        "type": "Polygon",
        "coordinates": [
          [
            [
              21.3500942,
              42.0059717
            ],
            [
              21.3501253,
              42.0058611
            ],
            [
              21.3502983,
              42.0058791
            ],
            [
              21.3502257,
              42.0060077
            ],
            [
              21.3500942,
              42.0059717
            ]
          ]
        ]
      },
      "id": "way/1001106179"
    },
    {
      "type": "Feature",
      "properties": {
        "@id": "way/1001108745",
        "addr:city": "Cкoпje",
        "addr:country": "MK",
        "addr:housenumber": "9",
        "addr:postcode": "1000",
        "addr:street": "Радика",
        "amenity": "townhall",
        "building": "yes",
        "name": "Општина Карпош"
      },
      "geometry": {
        "type": "Polygon",
        "coordinates": [
          [
            [
              21.3975034,
              42.0057284
            ],
            [
              21.3974148,
              42.0053935
            ],
            [
              21.3975409,
              42.0053796
            ],
            [
              21.3976401,
              42.0057044
            ],
            [
              21.3975034,
              42.0057284
            ]
          ]
        ]
      },
      "id": "way/1001108745"
    },
    {
      "type": "Feature",
      "properties": {
        "@id": "way/1001116861",
        "addr:city": "Скопје",
        "addr:housenumber": "бб",
        "addr:postcode": "1000",
        "addr:street": "Булевар Македонска Војска",
        "amenity": "police",
        "building": "yes",
        "name": "Полициска станица Ѓорче Петров"
      },
      "geometry": {
        "type": "Polygon",
        "coordinates": [
          [
            [
              21.3620873,
              42.0088607
            ],
            [
              21.3620988,
              42.0086998
            ],
            [
              21.3623016,
              42.0087039
            ],
            [
              21.3622928,
              42.0088642
            ],
            [
              21.3620873,
              42.0088607
            ]
          ]
        ]
      },
      "id": "way/1001116861"
    },
    {
      "type": "Feature",
      "properties": {
        "@id": "way/1002974675",
        "amenity": "school",
        "name": "Sv. Kliment Ohridski"
      },
      "geometry": {
        "type": "Polygon",
        "coordinates": [
          [
            [
              20.7791332,
              41.1210404
            ],
            [
              20.7794137,
              41.1210343
            ],
            [
              20.7794198,
              41.1211599
            ],
            [
              20.7791413,
              41.1211675
            ],
            [
              20.7791332,
              41.1210404
            ]
          ]
        ]
      },
      "id": "way/1002974675"
    },
    {
      "type": "Feature",
      "properties": {
        "@id": "way/1009691552",
        "addr:city": "Cкoпje",
        "addr:housenumber": "11",
        "addr:postcode": "1000",
        "addr:street": "Скупи",
        "amenity": "school",
        "building": "school",
        "email": "info@ips.mk",
        "name": "International Primary School",
        "operator": "International Primary School",
        "operator:type": "private",
        "phone": "+38923073700;+38970239830",
        "website": "https://ips.mk"
      },
      "geometry": {
        "type": "Polygon",
        "coordinates": [
          [
            [
              21.4033097,
              42.014102
            ],
            [
              21.4032702,
              42.0138672
            ],
            [
              21.4034339,
              42.013852
            ],
            [
              21.4034734,
              42.0140868
            ],
            [
              21.4033097,
              42.014102
            ]
          ]
        ]
      },
      "id": "way/1009691552"
    },
    {
      "type": "Feature",
      "properties": {
        "@id": "way/1044716329",
        "amenity": "school",
        "barrier": "fence",
        "name": "ПООУ Пецо Крстески-Даскалот",
        "name:en": "Peco Krsteski-Daskalot AEMSA",
        "name:mk": "ПООУ Пецо Крстески-Даскалот",
        "wikidata": "Q61121375",
        "wikipedia": "mk:ПУ „Пецо Даскалот“ - Вранче"
      },
      "geometry": {
        "type": "Polygon",
        "coordinates": [
          [
            [
              21.3732759,
              41.3939723
            ],
            [
              21.3731476,
              41.3939728
            ],
            [
              21.3726915,
              41.3939151
            ],
            [
              21.3724012,
              41.3938813
            ],
            [
              21.371856,
              41.3938179
            ],
            [
              21.3716163,
              41.393766
            ],
            [
              21.371678,
              41.3937532
            ],
            [
              21.3717799,
              41.3936968
            ],
            [
              21.372016,
              41.3936083
            ],
            [
              21.372649,
              41.3933829
            ],
            [
              21.3729159,
              41.3933515
            ],
            [
              21.3731079,
              41.3936062
            ],
            [
              21.3732015,
              41.3938377
            ],
            [
              21.3732759,
              41.3939723
            ]
          ]
        ]
      },
      "id": "way/1044716329"
    },
    {
      "type": "Feature",
      "properties": {
        "@id": "way/1047511357",
        "amenity": "school",
        "barrier": "fence",
        "name": "ПООУ Исмаил Ќемали",
        "name:en": "Ismail Kjemali AEMS",
        "wikidata": "Q83795720",
        "wikipedia": "mk:ПУ „Исмаил Ќемали“ - Гостиражни"
      },
      "geometry": {
        "type": "Polygon",
        "coordinates": [
          [
            [
              21.428833,
              41.5551009
            ],
            [
              21.4287053,
              41.5551274
            ],
            [
              21.4285005,
              41.5550806
            ],
            [
              21.4282234,
              41.5550142
            ],
            [
              21.4280261,
              41.55497
            ],
            [
              21.4283308,
              41.554624
            ],
            [
              21.429255,
              41.554949
            ],
            [
              21.4292085,
              41.5549681
            ],
            [
              21.4289618,
              41.5550243
            ],
            [
              21.4288801,
              41.5550965
            ],
            [
              21.428833,
              41.5551009
            ]
          ]
        ]
      },
      "id": "way/1047511357"
    },
    {
      "type": "Feature",
      "properties": {
        "@id": "way/1047603395",
        "amenity": "school",
        "name": "ООУ Вера Циривири-Трена",
        "name:en": "Vera Ciriviri-Trena EMS",
        "wikidata": "Q20568365",
        "wikipedia": "mk:ОУ „Вера Циривири - Трена“ - Дебреште"
      },
      "geometry": {
        "type": "Polygon",
        "coordinates": [
          [
            [
              21.3149129,
              41.4772721
            ],
            [
              21.3148838,
              41.4777183
            ],
            [
              21.3148039,
              41.4778225
            ],
            [
              21.3146205,
              41.4778536
            ],
            [
              21.314486,
              41.4778518
            ],
            [
              21.3143564,
              41.477839
            ],
            [
              21.314382,
              41.4775201
            ],
            [
              21.3138015,
              41.4774618
            ],
            [
              21.3135144,
              41.477413
            ],
            [
              21.3131976,
              41.4774503
            ],
            [
              21.3132006,
              41.477393
            ],
            [
              21.313221,
              41.477284
            ],
            [
              21.3132695,
              41.4771616
            ],
            [
              21.313443,
              41.4771578
            ],
            [
              21.3149129,
              41.4772721
            ]
          ]
        ]
      },
      "id": "way/1047603395"
    },
    {
      "type": "Feature",
      "properties": {
        "@id": "way/1047603415",
        "amenity": "school",
        "barrier": "fence",
        "name": "ПООУ Пере Тошев",
        "name:en": "Pere Toshev AEMS"
      },
      "geometry": {
        "type": "Polygon",
        "coordinates": [
          [
            [
              21.4886328,
              41.464278
            ],
            [
              21.4883344,
              41.464384
            ],
            [
              21.4882047,
              41.4642965
            ],
            [
              21.4879757,
              41.4640798
            ],
            [
              21.4877531,
              41.4638486
            ],
            [
              21.4876163,
              41.4636899
            ],
            [
              21.4875241,
              41.4635686
            ],
            [
              21.4876833,
              41.4633992
            ],
            [
              21.4878782,
              41.4635044
            ],
            [
              21.487988,
              41.4635472
            ],
            [
              21.4881415,
              41.4635335
            ],
            [
              21.4883357,
              41.46356
            ],
            [
              21.488459,
              41.4638229
            ],
            [
              21.4886393,
              41.4641904
            ],
            [
              21.4886328,
              41.464278
            ]
          ]
        ]
      },
      "id": "way/1047603415"
    },
    {
      "type": "Feature",
      "properties": {
        "@id": "way/1047622468",
        "amenity": "school",
        "barrier": "fence",
        "name": "ООУ Пецо Крстески-Даскалот",
        "name:en": "Peco Krsteski-Daskalot EMS",
        "wikidata": "Q12909223",
        "wikipedia": "mk:ОУ „Пецо Даскалот“ - Долнени"
      },
      "geometry": {
        "type": "Polygon",
        "coordinates": [
          [
            [
              21.4526512,
              41.4256902
            ],
            [
              21.4530414,
              41.4258433
            ],
            [
              21.453063,
              41.4258109
            ],
            [
              21.4531153,
              41.4258285
            ],
            [
              21.453534,
              41.4252981
            ],
            [
              21.4535953,
              41.4253279
            ],
            [
              21.4537757,
              41.4251615
            ],
            [
              21.4541022,
              41.425318
            ],
            [
              21.4540137,
              41.4255815
            ],
            [
              21.4539117,
              41.4257907
            ],
            [
              21.4538363,
              41.4259497
            ],
            [
              21.4536597,
              41.4262252
            ],
            [
              21.4534719,
              41.4264344
            ],
            [
              21.4533163,
              41.4265389
            ],
            [
              21.4530106,
              41.4266837
            ],
            [
              21.4528818,
              41.4266315
            ],
            [
              21.4527102,
              41.4265792
            ],
            [
              21.4525591,
              41.4265178
            ],
            [
              21.452619,
              41.426339
            ],
            [
              21.452678,
              41.4262345
            ],
            [
              21.4526941,
              41.4261448
            ],
            [
              21.4527102,
              41.4260414
            ],
            [
              21.4526673,
              41.4258644
            ],
            [
              21.4526512,
              41.4256902
            ]
          ]
        ]
      },
      "id": "way/1047622468"
    },
    {
      "type": "Feature",
      "properties": {
        "@id": "way/1047622477",
        "amenity": "school",
        "barrier": "fence",
        "name": "ПООУ Пере Тошев",
        "name:en": "Pere Toshev AEMS"
      },
      "geometry": {
        "type": "Polygon",
        "coordinates": [
          [
            [
              21.5439076,
              41.468483
            ],
            [
              21.5437617,
              41.4681824
            ],
            [
              21.5440577,
              41.4678807
            ],
            [
              21.5442401,
              41.4680374
            ],
            [
              21.5443313,
              41.4681339
            ],
            [
              21.5443815,
              41.4681762
            ],
            [
              21.5442703,
              41.4682885
            ],
            [
              21.5442424,
              41.4683496
            ],
            [
              21.5441501,
              41.4684686
            ],
            [
              21.5440557,
              41.4684267
            ],
            [
              21.5439076,
              41.468483
            ]
          ]
        ]
      },
      "id": "way/1047622477"
    },
    {
      "type": "Feature",
      "properties": {
        "@id": "way/1047622483",
        "amenity": "school",
        "barrier": "fence",
        "name": "ПООУ Пере Тошев",
        "name:en": "Pere Toshev AEMS",
        "wikidata": "Q83962780",
        "wikipedia": "mk:ПУ „Пере Тошев“ - Дупјачани"
      },
      "geometry": {
        "type": "Polygon",
        "coordinates": [
          [
            [
              21.5196261,
              41.4411535
            ],
            [
              21.5188373,
              41.4408868
            ],
            [
              21.5191399,
              41.440384
            ],
            [
              21.5199286,
              41.4406506
            ],
            [
              21.5196261,
              41.4411535
            ]
          ]
        ]
      },
      "id": "way/1047622483"
    },
    {
      "type": "Feature",
      "properties": {
        "@id": "way/1054082248",
        "amenity": "school",
        "barrier": "fence",
        "name": "ООУ Слобода",
        "name:en": "Sloboda EMS",
        "wikidata": "Q12909200",
        "wikipedia": "mk:ОУ „Лирија“ - Житоше"
      },
      "geometry": {
        "type": "Polygon",
        "coordinates": [
          [
            [
              21.2799448,
              41.4205812
            ],
            [
              21.2799786,
              41.4205177
            ],
            [
              21.2800778,
              41.4205398
            ],
            [
              21.2802629,
              41.420568
            ],
            [
              21.2804877,
              41.4205889
            ],
            [
              21.2802463,
              41.4208187
            ],
            [
              21.2800156,
              41.4209675
            ],
            [
              21.2797506,
              41.4210681
            ],
            [
              21.2795168,
              41.4211848
            ],
            [
              21.2792593,
              41.421237
            ],
            [
              21.2791788,
              41.4212962
            ],
            [
              21.2791346,
              41.4212577
            ],
            [
              21.2790173,
              41.4212536
            ],
            [
              21.2789217,
              41.4212523
            ],
            [
              21.2788387,
              41.4212171
            ],
            [
              21.2786926,
              41.4211927
            ],
            [
              21.2785392,
              41.42119
            ],
            [
              21.2784039,
              41.4211548
            ],
            [
              21.2783209,
              41.421098
            ],
            [
              21.2782776,
              41.4210561
            ],
            [
              21.2781747,
              41.4210128
            ],
            [
              21.2780827,
              41.4209573
            ],
            [
              21.2780322,
              41.4208951
            ],
            [
              21.2779834,
              41.4208193
            ],
            [
              21.2778409,
              41.4207638
            ],
            [
              21.2777326,
              41.4206204
            ],
            [
              21.2780105,
              41.4206245
            ],
            [
              21.2785789,
              41.4206258
            ],
            [
              21.2788983,
              41.420619
            ],
            [
              21.279537,
              41.4205798
            ],
            [
              21.2799448,
              41.4205812
            ]
          ]
        ]
      },
      "id": "way/1054082248"
    },
    {
      "type": "Feature",
      "properties": {
        "@id": "way/1054098592",
        "amenity": "school",
        "barrier": "fence",
        "name": "ПООУ Пецо Крстески-Даскалот",
        "name:en": "Peco Krsteski-Daskalot AEMS"
      },
      "geometry": {
        "type": "Polygon",
        "coordinates": [
          [
            [
              21.4159477,
              41.3820934
            ],
            [
              21.4157133,
              41.3821782
            ],
            [
              21.4151456,
              41.3821639
            ],
            [
              21.4147718,
              41.3821467
            ],
            [
              21.4146377,
              41.3821508
            ],
            [
              21.4144324,
              41.38133
            ],
            [
              21.4145389,
              41.3812335
            ],
            [
              21.4149232,
              41.3814894
            ],
            [
              21.4152729,
              41.3816785
            ],
            [
              21.4159477,
              41.3820934
            ]
          ]
        ]
      },
      "id": "way/1054098592"
    },
    {
      "type": "Feature",
      "properties": {
        "@id": "way/1054257654",
        "amenity": "school",
        "barrier": "fence",
        "name": "ПООУ Петре Глигуровски",
        "name:en": "Petre Gligurovski AEMS",
        "name:mk": "ПООУ Петре Глигуровски",
        "wikidata": "Q12909106",
        "wikipedia": "mk:ОУ „Петре Глигуровски“ - Костинци"
      },
      "geometry": {
        "type": "Polygon",
        "coordinates": [
          [
            [
              21.4074493,
              41.4972144
            ],
            [
              21.4073065,
              41.497592
            ],
            [
              21.4072319,
              41.49781
            ],
            [
              21.4071882,
              41.4979819
            ],
            [
              21.4071617,
              41.4981497
            ],
            [
              21.4071232,
              41.498417
            ],
            [
              21.4064849,
              41.4983925
            ],
            [
              21.4064873,
              41.4979508
            ],
            [
              21.4066663,
              41.4970848
            ],
            [
              21.4074493,
              41.4972144
            ]
          ]
        ]
      },
      "id": "way/1054257654"
    },
    {
      "type": "Feature",
      "properties": {
        "@id": "way/1054257661",
        "amenity": "school",
        "barrier": "fence",
        "name": "ПООУ Мирче Ацев-Стојче",
        "name:en": "Mirche Acev-Stojche AEMS",
        "name:mk": "ПООУ Мирче Ацев-Стојче",
        "wikidata": "Q110370163",
        "wikipedia": "mk:ПУ „Мирче Ацев“ - Кошино"
      },
      "geometry": {
        "type": "Polygon",
        "coordinates": [
          [
            [
              21.2891439,
              41.4684451
            ],
            [
              21.2884781,
              41.4688218
            ],
            [
              21.2881999,
              41.4685457
            ],
            [
              21.2888656,
              41.4681689
            ],
            [
              21.2891439,
              41.4684451
            ]
          ]
        ]
      },
      "id": "way/1054257661"
    },
    {
      "type": "Feature",
      "properties": {
        "@id": "way/1054290171",
        "amenity": "school",
        "barrier": "fence",
        "name": "ООУ Мирче Ацев-Стојче",
        "name:en": "Mirche Acev-Stojche EMS",
        "wikidata": "Q20568773",
        "wikipedia": "mk:ОУ „Мирче Ацев“ - Лажани"
      },
      "geometry": {
        "type": "Polygon",
        "coordinates": [
          [
            [
              21.3193747,
              41.4465626
            ],
            [
              21.3191494,
              41.4458971
            ],
            [
              21.3191122,
              41.4458265
            ],
            [
              21.3197328,
              41.4455301
            ],
            [
              21.3200305,
              41.4457248
            ],
            [
              21.3199421,
              41.4457613
            ],
            [
              21.3198934,
              41.4458127
            ],
            [
              21.3199078,
              41.4462956
            ],
            [
              21.3199728,
              41.4466188
            ],
            [
              21.3194222,
              41.4467038
            ],
            [
              21.3193747,
              41.4465626
            ]
          ]
        ]
      },
      "id": "way/1054290171"
    },
    {
      "type": "Feature",
      "properties": {
        "@id": "way/1054395727",
        "amenity": "school",
        "barrier": "fence",
        "name": "ПООУ Слобода",
        "name:en": "Sloboda AEMS",
        "name:mk": "ПООУ Слобода",
        "wikidata": "Q110314324",
        "wikipedia": "mk:ПУ „Лирија“ - Локвени"
      },
      "geometry": {
        "type": "Polygon",
        "coordinates": [
          [
            [
              21.3080073,
              41.3983068
            ],
            [
              21.308015,
              41.3983796
            ],
            [
              21.3077011,
              41.3983681
            ],
            [
              21.307474,
              41.3983681
            ],
            [
              21.3072571,
              41.3983413
            ],
            [
              21.3072137,
              41.3984676
            ],
            [
              21.3070887,
              41.3984446
            ],
            [
              21.3069305,
              41.39837
            ],
            [
              21.3067952,
              41.3982896
            ],
            [
              21.3066676,
              41.3981881
            ],
            [
              21.3066498,
              41.3979163
            ],
            [
              21.3067034,
              41.3977326
            ],
            [
              21.307053,
              41.3976005
            ],
            [
              21.3075837,
              41.3981556
            ],
            [
              21.3077889,
              41.3982289
            ],
            [
              21.3080073,
              41.3983068
            ]
          ]
        ]
      },
      "id": "way/1054395727"
    },
    {
      "type": "Feature",
      "properties": {
        "@id": "way/1054395744",
        "amenity": "school",
        "barrier": "fence",
        "name": "ПООУ Пере Тошев",
        "name:en": "Pere Toshev AEMS",
        "name:mk": "ПООУ Пере Тошев"
      },
      "geometry": {
        "type": "Polygon",
        "coordinates": [
          [
            [
              21.5604431,
              41.4490303
            ],
            [
              21.5603597,
              41.448622
            ],
            [
              21.5605797,
              41.4484605
            ],
            [
              21.5608315,
              41.4481978
            ],
            [
              21.5610546,
              41.448025
            ],
            [
              21.5612473,
              41.4482058
            ],
            [
              21.5613095,
              41.4483127
            ],
            [
              21.5613019,
              41.4484014
            ],
            [
              21.5612215,
              41.4485072
            ],
            [
              21.5612215,
              41.4485891
            ],
            [
              21.5612973,
              41.4486698
            ],
            [
              21.5613444,
              41.4487517
            ],
            [
              21.5613808,
              41.4488381
            ],
            [
              21.5611532,
              41.4488813
            ],
            [
              21.5610698,
              41.4488973
            ],
            [
              21.5604431,
              41.4490303
            ]
          ]
        ]
      },
      "id": "way/1054395744"
    },
    {
      "type": "Feature",
      "properties": {
        "@id": "way/1055341011",
        "amenity": "school",
        "barrier": "fence",
        "name": "ООУ Ѓорче Петров",
        "name:en": "Gjorche Petrov EMS",
        "wikidata": "Q12909028",
        "wikipedia": "mk:ОУ „Ѓорче Петров“ - Ропотово"
      },
      "geometry": {
        "type": "Polygon",
        "coordinates": [
          [
            [
              21.3762856,
              41.4507203
            ],
            [
              21.3764308,
              41.450773
            ],
            [
              21.3767635,
              41.450946
            ],
            [
              21.3773173,
              41.4512314
            ],
            [
              21.377138,
              41.451294
            ],
            [
              21.3766919,
              41.4519581
            ],
            [
              21.3761244,
              41.4528633
            ],
            [
              21.3753112,
              41.4525608
            ],
            [
              21.3754493,
              41.4523682
            ],
            [
              21.3756263,
              41.4521471
            ],
            [
              21.3758194,
              41.4517249
            ],
            [
              21.3760823,
              41.4510012
            ],
            [
              21.3762856,
              41.4507203
            ]
          ]
        ]
      },
      "id": "way/1055341011"
    },
    {
      "type": "Feature",
      "properties": {
        "@id": "way/1055731611",
        "amenity": "school",
        "barrier": "fence",
        "name": "ПООУ Ѓорче Петров",
        "name:en": "Gjorche Petrov AEMS",
        "name:mk": "ПООУ Ѓорче Петров",
        "wikidata": "Q84081248",
        "wikipedia": "mk:ПУ „Ѓорче Петров“ - Секирци"
      },
      "geometry": {
        "type": "Polygon",
        "coordinates": [
          [
            [
              21.4161906,
              41.4742943
            ],
            [
              21.4170351,
              41.474005
            ],
            [
              21.4172423,
              41.4749673
            ],
            [
              21.4171683,
              41.4753782
            ],
            [
              21.4171228,
              41.4754334
            ],
            [
              21.4170495,
              41.4753434
            ],
            [
              21.416916,
              41.4752975
            ],
            [
              21.4164468,
              41.4746188
            ],
            [
              21.4163711,
              41.4746486
            ],
            [
              21.4161906,
              41.4742943
            ]
          ]
        ]
      },
      "id": "way/1055731611"
    },
    {
      "type": "Feature",
      "properties": {
        "@id": "way/1055765337",
        "amenity": "school",
        "barrier": "fence",
        "name": "ПООУ Пецо Крстески-Даскалот",
        "name:en": "Peco Krsteski-Daskalot AEMS",
        "name:mk": "ПООУ Пецо Крстески-Даскалот",
        "wikipedia": "mk:ПУ „Пецо Даскалот“ - Сенокос"
      },
      "geometry": {
        "type": "Polygon",
        "coordinates": [
          [
            [
              21.46965,
              41.4138001
            ],
            [
              21.4692396,
              41.4140543
            ],
            [
              21.4688348,
              41.413603
            ],
            [
              21.4692804,
              41.4134369
            ],
            [
              21.4693835,
              41.4134609
            ],
            [
              21.469405,
              41.4135535
            ],
            [
              21.46965,
              41.4138001
            ]
          ]
        ]
      },
      "id": "way/1055765337"
    },
    {
      "type": "Feature",
      "properties": {
        "@id": "way/1056108808",
        "amenity": "school",
        "barrier": "fence",
        "name": "ПООУ Петре Глигуровски",
        "name:en": "Petre Gligurovski AEMS",
        "name:mk": "ПООУ Петре Глигуровски"
      },
      "geometry": {
        "type": "Polygon",
        "coordinates": [
          [
            [
              21.4521446,
              41.5006927
            ],
            [
              21.4520778,
              41.5007711
            ],
            [
              21.4518052,
              41.5008933
            ],
            [
              21.451424,
              41.5012255
            ],
            [
              21.4510042,
              41.5009171
            ],
            [
              21.4508942,
              41.5010103
            ],
            [
              21.4505189,
              41.5007373
            ],
            [
              21.4513805,
              41.5001223
            ],
            [
              21.4516595,
              41.5002388
            ],
            [
              21.451917,
              41.5003272
            ],
            [
              21.4520342,
              41.5003774
            ],
            [
              21.4521139,
              41.5005968
            ],
            [
              21.4521446,
              41.5006927
            ]
          ]
        ]
      },
      "id": "way/1056108808"
    },
    {
      "type": "Feature",
      "properties": {
        "@id": "way/1056280412",
        "addr:city": "Крушево",
        "addr:housenumber": "6А",
        "addr:postcode": "7550",
        "addr:street": "Шула Мина",
        "amenity": "school",
        "barrier": "fence",
        "name": "ООУ Никола Карев",
        "name:en": "Nikola Karev EMS",
        "name:mk": "ООУ Никола Карев",
        "website": "http://oounikolakarevkrusevo.edu.mk",
        "wikidata": "Q12909209",
        "wikipedia": "mk:ОУ „Никола Карев“ - Крушево"
      },
      "geometry": {
        "type": "Polygon",
        "coordinates": [
          [
            [
              21.2507477,
              41.3687897
            ],
            [
              21.250745,
              41.3688173
            ],
            [
              21.25071,
              41.36891
            ],
            [
              21.2506772,
              41.3689745
            ],
            [
              21.2506025,
              41.3689461
            ],
            [
              21.2505542,
              41.3690178
            ],
            [
              21.2504743,
              41.3691211
            ],
            [
              21.2504672,
              41.3691302
            ],
            [
              21.2503983,
              41.3691912
            ],
            [
              21.2503174,
              41.3692274
            ],
            [
              21.2502546,
              41.3691622
            ],
            [
              21.2501272,
              41.3690896
            ],
            [
              21.2500827,
              41.3690943
            ],
            [
              21.250015,
              41.3690742
            ],
            [
              21.24989,
              41.3689765
            ],
            [
              21.2499419,
              41.3688051
            ],
            [
              21.2499946,
              41.3687936
            ],
            [
              21.2500072,
              41.3687864
            ],
            [
              21.2500147,
              41.3687652
            ],
            [
              21.2499807,
              41.3687578
            ],
            [
              21.2500073,
              41.3686871
            ],
            [
              21.2500503,
              41.368694
            ],
            [
              21.250057,
              41.3686708
            ],
            [
              21.2500889,
              41.368676
            ],
            [
              21.2501079,
              41.3686099
            ],
            [
              21.2501143,
              41.3685956
            ],
            [
              21.250549,
              41.3687032
            ],
            [
              21.2507477,
              41.3687897
            ]
          ]
        ]
      },
      "id": "way/1056280412"
    },
    {
      "type": "Feature",
      "properties": {
        "@id": "way/1083221697",
        "amenity": "school",
        "name": "Parku i Shkolles",
        "operator": "Primary school",
        "operator:type": "public"
      },
      "geometry": {
        "type": "Polygon",
        "coordinates": [
          [
            [
              20.8878633,
              41.8782956
            ],
            [
              20.88775,
              41.8783373
            ],
            [
              20.8877915,
              41.8783991
            ],
            [
              20.8871877,
              41.8786357
            ],
            [
              20.8871277,
              41.8786009
            ],
            [
              20.8870444,
              41.8785592
            ],
            [
              20.8868157,
              41.878426
            ],
            [
              20.8869,
              41.8783844
            ],
            [
              20.8867378,
              41.8779856
            ],
            [
              20.8867284,
              41.8779626
            ],
            [
              20.886831,
              41.877934
            ],
            [
              20.8868411,
              41.8779551
            ],
            [
              20.8870375,
              41.8783267
            ],
            [
              20.8870905,
              41.878313
            ],
            [
              20.8871332,
              41.8783851
            ],
            [
              20.8874429,
              41.8782889
            ],
            [
              20.8874071,
              41.8782235
            ],
            [
              20.8873617,
              41.8782363
            ],
            [
              20.8873221,
              41.8781573
            ],
            [
              20.8873664,
              41.8781451
            ],
            [
              20.887504,
              41.8781074
            ],
            [
              20.8875995,
              41.8780812
            ],
            [
              20.8877221,
              41.8780502
            ],
            [
              20.8878828,
              41.8780242
            ],
            [
              20.8878938,
              41.8780409
            ],
            [
              20.8877326,
              41.878102
            ],
            [
              20.8876569,
              41.878129
            ],
            [
              20.8877511,
              41.8782792
            ],
            [
              20.887833,
              41.8782479
            ],
            [
              20.8878633,
              41.8782956
            ]
          ]
        ]
      },
      "id": "way/1083221697"
    },
    {
      "type": "Feature",
      "properties": {
        "@id": "way/1083221708",
        "amenity": "school",
        "name": "Shkolla Fetare"
      },
      "geometry": {
        "type": "Polygon",
        "coordinates": [
          [
            [
              20.8825686,
              41.8790178
            ],
            [
              20.8823908,
              41.8790496
            ],
            [
              20.8823839,
              41.8790219
            ],
            [
              20.8823637,
              41.8789422
            ],
            [
              20.8825372,
              41.87891
            ],
            [
              20.8825657,
              41.8790058
            ],
            [
              20.8825686,
              41.8790178
            ]
          ]
        ]
      },
      "id": "way/1083221708"
    },
    {
      "type": "Feature",
      "properties": {
        "@id": "way/1083437726",
        "amenity": "school",
        "name": "Shkolla Fillore e Kalishtit"
      },
      "geometry": {
        "type": "Polygon",
        "coordinates": [
          [
            [
              20.863852,
              41.8804844
            ],
            [
              20.8636594,
              41.8805337
            ],
            [
              20.8636486,
              41.8804959
            ],
            [
              20.8635947,
              41.8805096
            ],
            [
              20.8635377,
              41.8803594
            ],
            [
              20.8637842,
              41.8802951
            ],
            [
              20.863852,
              41.8804844
            ]
          ]
        ]
      },
      "id": "way/1083437726"
    },
    {
      "type": "Feature",
      "properties": {
        "@id": "way/1083507078",
        "amenity": "school",
        "name": "Shkolla Fillore e Gjurgjevishtit"
      },
      "geometry": {
        "type": "Polygon",
        "coordinates": [
          [
            [
              20.862212,
              41.8959706
            ],
            [
              20.8621492,
              41.8958744
            ],
            [
              20.8621775,
              41.8958665
            ],
            [
              20.8621094,
              41.8957658
            ],
            [
              20.8622209,
              41.8957269
            ],
            [
              20.8623554,
              41.8959278
            ],
            [
              20.862212,
              41.8959706
            ]
          ]
        ]
      },
      "id": "way/1083507078"
    },
    {
      "type": "Feature",
      "properties": {
        "@id": "way/1107785886",
        "addr:city": "Стар Дојран",
        "addr:postcode": "1487",
        "addr:street": "Кај 5 ти Ноември",
        "amenity": "townhall",
        "building": "yes",
        "name": "Општина Дојран",
        "source": "microsoft/BuildingFootprints",
        "townhall:type": "municipality"
      },
      "geometry": {
        "type": "Polygon",
        "coordinates": [
          [
            [
              22.721878,
              41.1870403
            ],
            [
              22.7219111,
              41.1870167
            ],
            [
              22.7220965,
              41.187024
            ],
            [
              22.7221007,
              41.1870483
            ],
            [
              22.722079,
              41.1871974
            ],
            [
              22.7218369,
              41.1871808
            ],
            [
              22.721878,
              41.1870403
            ]
          ]
        ]
      },
      "id": "way/1107785886"
    },
    {
      "type": "Feature",
      "properties": {
        "@id": "way/1122469109",
        "amenity": "school",
        "barrier": "fence",
        "name": "ПООУ Милто Ѓурра",
        "name:en": "Milto Gurra AEMS",
        "name:mk": "ПООУ Милто Ѓурра",
        "wikipedia": "mk:ПУ „Милто Гура“ - Шутово"
      },
      "geometry": {
        "type": "Polygon",
        "coordinates": [
          [
            [
              21.0230186,
              41.5475693
            ],
            [
              21.02292,
              41.5474707
            ],
            [
              21.0226757,
              41.5473384
            ],
            [
              21.0229246,
              41.546946
            ],
            [
              21.0231726,
              41.5469942
            ],
            [
              21.0234264,
              41.5470073
            ],
            [
              21.0232628,
              41.5472446
            ],
            [
              21.0232568,
              41.5472957
            ],
            [
              21.0231365,
              41.5474741
            ],
            [
              21.0230186,
              41.5475693
            ]
          ]
        ]
      },
      "id": "way/1122469109"
    },
    {
      "type": "Feature",
      "properties": {
        "@id": "way/1132275158",
        "amenity": "school",
        "name": "ПООУ Браќа Миладиновци",
        "name:en": "Brakja Miladinovci AEMS"
      },
      "geometry": {
        "type": "Polygon",
        "coordinates": [
          [
            [
              21.5053599,
              41.1514669
            ],
            [
              21.5050432,
              41.1515896
            ],
            [
              21.5048764,
              41.1515581
            ],
            [
              21.5045346,
              41.1515993
            ],
            [
              21.504411,
              41.1516356
            ],
            [
              21.5045422,
              41.15142
            ],
            [
              21.5050267,
              41.1507462
            ],
            [
              21.5051934,
              41.1509865
            ],
            [
              21.5052694,
              41.1512683
            ],
            [
              21.5053599,
              41.1514669
            ]
          ]
        ]
      },
      "id": "way/1132275158"
    },
    {
      "type": "Feature",
      "properties": {
        "@id": "way/1132275165",
        "amenity": "school",
        "barrier": "fence",
        "name": "ПООУ Коста Солев-Кочо Рацин",
        "name:en": "Kosta Solev-Kocho Racin AEMS",
        "name:mk": "ПООУ Коста Солев-Кочо Рацин",
        "wikidata": "Q71394605",
        "wikipedia": "mk:ПУ „Кочо Рацин“ - Беранци"
      },
      "geometry": {
        "type": "Polygon",
        "coordinates": [
          [
            [
              21.3596808,
              41.1585467
            ],
            [
              21.3594286,
              41.1585186
            ],
            [
              21.3589336,
              41.1585643
            ],
            [
              21.358602,
              41.158487
            ],
            [
              21.358616,
              41.158443
            ],
            [
              21.358497,
              41.1584219
            ],
            [
              21.3585016,
              41.1583323
            ],
            [
              21.3586838,
              41.1581863
            ],
            [
              21.3588098,
              41.1581125
            ],
            [
              21.3589943,
              41.1581969
            ],
            [
              21.3592348,
              41.1582479
            ],
            [
              21.3594823,
              41.1583112
            ],
            [
              21.3595687,
              41.1583639
            ],
            [
              21.3596691,
              41.1583797
            ],
            [
              21.3596808,
              41.1585467
            ]
          ]
        ]
      },
      "id": "way/1132275165"
    },
    {
      "type": "Feature",
      "properties": {
        "@id": "way/1132275190",
        "amenity": "school",
        "barrier": "fence",
        "name": "ПООУ Браќа Миладиновци",
        "name:en": "Brakja Miladinovci AEMS",
        "name:mk": "ПООУ Браќа Миладиновци",
        "wikidata": "Q71392475",
        "wikipedia": "mk:ПУ „Браќа Миладиновци“ - Будаково-Трап"
      },
      "geometry": {
        "type": "Polygon",
        "coordinates": [
          [
            [
              21.4726076,
              41.1362873
            ],
            [
              21.472391,
              41.1371939
            ],
            [
              21.4723188,
              41.1372128
            ],
            [
              21.4721581,
              41.1370329
            ],
            [
              21.4720582,
              41.1369733
            ],
            [
              21.4719236,
              41.136936
            ],
            [
              21.4715301,
              41.1368902
            ],
            [
              21.4713836,
              41.1368624
            ],
            [
              21.4713132,
              41.1368302
            ],
            [
              21.4712565,
              41.1367791
            ],
            [
              21.4712345,
              41.1366788
            ],
            [
              21.4712271,
              41.1363383
            ],
            [
              21.4712018,
              41.1362279
            ],
            [
              21.4726076,
              41.1362873
            ]
          ]
        ]
      },
      "id": "way/1132275190"
    },
    {
      "type": "Feature",
      "properties": {
        "@id": "way/1197779052",
        "amenity": "school",
        "name": "Mustafa Kemal Ataturk"
      },
      "geometry": {
        "type": "Polygon",
        "coordinates": [
          [
            [
              21.1178198,
              41.4676903
            ],
            [
              21.1181887,
              41.4680333
            ],
            [
              21.118051,
              41.4681243
            ],
            [
              21.1179622,
              41.4680613
            ],
            [
              21.1179085,
              41.4680893
            ],
            [
              21.1177334,
              41.4679545
            ],
            [
              21.1178408,
              41.4678811
            ],
            [
              21.1177451,
              41.4678356
            ],
            [
              21.1177871,
              41.4677953
            ],
            [
              21.1177334,
              41.4677533
            ],
            [
              21.1178198,
              41.4676903
            ]
          ]
        ]
      },
      "id": "way/1197779052"
    },
    {
      "type": "Feature",
      "properties": {
        "@id": "way/1203909139",
        "amenity": "school",
        "name": "Faik Konica"
      },
      "geometry": {
        "type": "Polygon",
        "coordinates": [
          [
            [
              20.943891,
              41.5729562
            ],
            [
              20.9442348,
              41.5731203
            ],
            [
              20.944197,
              41.5731888
            ],
            [
              20.9441751,
              41.5731805
            ],
            [
              20.9441336,
              41.5732289
            ],
            [
              20.9439105,
              41.5731787
            ],
            [
              20.9438959,
              41.5731997
            ],
            [
              20.943863,
              41.5731842
            ],
            [
              20.9438264,
              41.573207
            ],
            [
              20.943802,
              41.5731778
            ],
            [
              20.9436655,
              41.5732262
            ],
            [
              20.9436325,
              41.5731733
            ],
            [
              20.9435533,
              41.573197
            ],
            [
              20.9435045,
              41.5731276
            ],
            [
              20.943891,
              41.5729562
            ]
          ]
        ]
      },
      "id": "way/1203909139"
    },
    {
      "type": "Feature",
      "properties": {
        "@id": "way/1241155493",
        "amenity": "school",
        "barrier": "fence",
        "email": "krumevolnaroski@yahoo.com",
        "grades": "0-5",
        "name": "ПООУ Народен Херој Круме Волнароски-Коле",
        "name:en": "People's Hero Krume Volnaroski-Kole AEMS",
        "name:mk": "ПООУ Народен Херој Круме Волнароски-Коле",
        "phone": "+389048480103",
        "website": "https://ooukrumevolnaroski.edu.mk/",
        "wikidata": "Q20568735",
        "wikipedia": "mk:ОУ „Круме Волнароски“ - Тополчани"
      },
      "geometry": {
        "type": "Polygon",
        "coordinates": [
          [
            [
              21.5144127,
              41.3105709
            ],
            [
              21.5141177,
              41.3106617
            ],
            [
              21.514148,
              41.3107376
            ],
            [
              21.5132723,
              41.3109687
            ],
            [
              21.5127497,
              41.3110827
            ],
            [
              21.5125674,
              41.310851
            ],
            [
              21.5142089,
              41.3103715
            ],
            [
              21.5143001,
              41.3104259
            ],
            [
              21.5144127,
              41.3105709
            ]
          ]
        ]
      },
      "id": "way/1241155493"
    },
    {
      "type": "Feature",
      "properties": {
        "@id": "way/1264318091",
        "amenity": "school",
        "name": "ООУ Методи Митевски Брицо"
      },
      "geometry": {
        "type": "Polygon",
        "coordinates": [
          [
            [
              21.9027974,
              41.7814646
            ],
            [
              21.9024544,
              41.7813621
            ],
            [
              21.9025232,
              41.7812552
            ],
            [
              21.9023006,
              41.7811944
            ],
            [
              21.9022762,
              41.781225
            ],
            [
              21.902102,
              41.7811744
            ],
            [
              21.9021658,
              41.7810562
            ],
            [
              21.9027651,
              41.7812247
            ],
            [
              21.9027153,
              41.7813062
            ],
            [
              21.9026755,
              41.7812938
            ],
            [
              21.9026475,
              41.7813417
            ],
            [
              21.9028374,
              41.7813954
            ],
            [
              21.9027974,
              41.7814646
            ]
          ]
        ]
      },
      "id": "way/1264318091"
    },
    {
      "type": "Feature",
      "properties": {
        "@id": "way/1264318599",
        "amenity": "townhall",
        "building": "yes",
        "name": "Opshtina Lozovo"
      },
      "geometry": {
        "type": "Polygon",
        "coordinates": [
          [
            [
              21.9011119,
              41.7809479
            ],
            [
              21.9011411,
              41.7808683
            ],
            [
              21.9011117,
              41.7808603
            ],
            [
              21.9011373,
              41.7808031
            ],
            [
              21.9011693,
              41.7808142
            ],
            [
              21.9012012,
              41.7807566
            ],
            [
              21.9013383,
              41.7807957
            ],
            [
              21.9012462,
              41.7809834
            ],
            [
              21.9011119,
              41.7809479
            ]
          ]
        ]
      },
      "id": "way/1264318599"
    },
    {
      "type": "Feature",
      "properties": {
        "@id": "way/1271369005",
        "amenity": "school",
        "barrier": "fence",
        "name": "ПООУ Народен Херој Круме Волнароски-Коле",
        "name:en": "People's Hero Krume Volnaroski-Kole AEMS",
        "name:mk": "ПООУ Народен Херој Круме Волнароски-Коле",
        "website": "https://ooukrumevolnaroski.edu.mk",
        "wikidata": "Q20568735",
        "wikipedia": "mk:ОУ „Круме Волнароски“ - Тополчани"
      },
      "geometry": {
        "type": "Polygon",
        "coordinates": [
          [
            [
              21.4822178,
              41.2596012
            ],
            [
              21.4822744,
              41.2594202
            ],
            [
              21.482309,
              41.259174
            ],
            [
              21.4822859,
              41.2590183
            ],
            [
              21.4824686,
              41.2591486
            ],
            [
              21.4828454,
              41.259156
            ],
            [
              21.4827142,
              41.2594988
            ],
            [
              21.4824323,
              41.2595381
            ],
            [
              21.4822178,
              41.2596012
            ]
          ]
        ]
      },
      "id": "way/1271369005"
    },
    {
      "type": "Feature",
      "properties": {
        "@id": "way/1275807132",
        "amenity": "school",
        "barrier": "fence",
        "name": "ООУ Димитар Ангелов-Димката Габерот",
        "name:en": "Dimitar Angelov-Dimkata Gaberot ES",
        "name:mk": "ООУ Димитар Ангелов-Димката Габерот",
        "phone": "+38943416543",
        "website": "https://www.dagvatasa.edu.mk",
        "wikidata": "Q20567658",
        "wikipedia": "mk:ОУ „Димката Ангелов-Габерот“ - Ваташа"
      },
      "geometry": {
        "type": "Polygon",
        "coordinates": [
          [
            [
              22.0175297,
              41.4202634
            ],
            [
              22.0169757,
              41.4201041
            ],
            [
              22.0170744,
              41.4199611
            ],
            [
              22.0171865,
              41.4198227
            ],
            [
              22.0174329,
              41.419469
            ],
            [
              22.0181972,
              41.4196652
            ],
            [
              22.01809,
              41.4197836
            ],
            [
              22.0177854,
              41.4200444
            ],
            [
              22.0175297,
              41.4202634
            ]
          ]
        ]
      },
      "id": "way/1275807132"
    },
    {
      "type": "Feature",
      "properties": {
        "@id": "way/1279914571",
        "amenity": "school",
        "name": "ПООУ Климент Охридски",
        "name:en": "Kliment Ohridski AEMS",
        "name:mk": "ПООУ Климент Охридски"
      },
      "geometry": {
        "type": "Polygon",
        "coordinates": [
          [
            [
              21.19515,
              41.6172013
            ],
            [
              21.1946235,
              41.6175001
            ],
            [
              21.1942565,
              41.6176678
            ],
            [
              21.1937565,
              41.6172992
            ],
            [
              21.1944489,
              41.6169004
            ],
            [
              21.1946662,
              41.6168886
            ],
            [
              21.1949306,
              41.6169994
            ],
            [
              21.1950142,
              41.6171205
            ],
            [
              21.19515,
              41.6172013
            ]
          ]
        ]
      },
      "id": "way/1279914571"
    },
    {
      "type": "Feature",
      "properties": {
        "@id": "way/1285641904",
        "amenity": "school",
        "barrier": "fence",
        "name": "ПООУ Климент Охридски",
        "name:en": "Kliment Ohridski AEMS",
        "name:mk": "ПООУ Климент Охридски"
      },
      "geometry": {
        "type": "Polygon",
        "coordinates": [
          [
            [
              21.1482318,
              41.6828494
            ],
            [
              21.1477706,
              41.6827566
            ],
            [
              21.1476421,
              41.6826737
            ],
            [
              21.1474671,
              41.6825906
            ],
            [
              21.1477247,
              41.6822103
            ],
            [
              21.1477481,
              41.6820388
            ],
            [
              21.1479639,
              41.6820059
            ],
            [
              21.1485824,
              41.6819613
            ],
            [
              21.148635,
              41.6824139
            ],
            [
              21.1482318,
              41.6824468
            ],
            [
              21.1482318,
              41.6828494
            ]
          ]
        ]
      },
      "id": "way/1285641904"
    },
    {
      "type": "Feature",
      "properties": {
        "@id": "way/1285668622",
        "amenity": "school",
        "barrier": "fence",
        "name": "ПООУ Климент Охридски",
        "name:en": "Kliment Ohridski AEMS",
        "name:mk": "ПООУ Климент Охридски"
      },
      "geometry": {
        "type": "Polygon",
        "coordinates": [
          [
            [
              21.2424907,
              41.5200106
            ],
            [
              21.2424832,
              41.5203779
            ],
            [
              21.2423428,
              41.5203663
            ],
            [
              21.242308,
              41.5204812
            ],
            [
              21.2420349,
              41.5205258
            ],
            [
              21.241819,
              41.5205327
            ],
            [
              21.2415789,
              41.5204988
            ],
            [
              21.2416677,
              41.5204028
            ],
            [
              21.2415883,
              41.5202715
            ],
            [
              21.2417515,
              41.520275
            ],
            [
              21.2417432,
              41.5201389
            ],
            [
              21.2417415,
              41.5200048
            ],
            [
              21.2422023,
              41.5200084
            ],
            [
              21.2424907,
              41.5200106
            ]
          ]
        ]
      },
      "id": "way/1285668622"
    },
    {
      "type": "Feature",
      "properties": {
        "@id": "way/1311365265",
        "amenity": "school",
        "barrier": "fence",
        "name": "ПООУ Мустафа Кемал-Ататурк",
        "name:en": "Mustafa Kemal-Ataturk AEMS",
        "name:mk": "ПООУ Мустафа Кемал-Ататурк"
      },
      "geometry": {
        "type": "Polygon",
        "coordinates": [
          [
            [
              20.583622,
              41.4955072
            ],
            [
              20.5831831,
              41.4958255
            ],
            [
              20.5828665,
              41.4955884
            ],
            [
              20.5828187,
              41.4956263
            ],
            [
              20.5825386,
              41.495822
            ],
            [
              20.5823229,
              41.4958591
            ],
            [
              20.5823669,
              41.4957612
            ],
            [
              20.5824968,
              41.4955698
            ],
            [
              20.5826373,
              41.4954135
            ],
            [
              20.5827884,
              41.49527
            ],
            [
              20.5829651,
              41.4951632
            ],
            [
              20.5830418,
              41.4950978
            ],
            [
              20.583622,
              41.4955072
            ]
          ]
        ]
      },
      "id": "way/1311365265"
    },
    {
      "type": "Feature",
      "properties": {
        "@id": "way/1312047220",
        "amenity": "school",
        "name": "Primary School \"Goce Delchev\""
      },
      "geometry": {
        "type": "Polygon",
        "coordinates": [
          [
            [
              22.7068081,
              41.4358064
            ],
            [
              22.7065305,
              41.4355372
            ],
            [
              22.7067913,
              41.4353774
            ],
            [
              22.7070662,
              41.4356487
            ],
            [
              22.7068081,
              41.4358064
            ]
          ]
        ]
      },
      "id": "way/1312047220"
    },
    {
      "type": "Feature",
      "properties": {
        "@id": "way/1312049856",
        "amenity": "school",
        "name": "ОУ Наим Фрашери"
      },
      "geometry": {
        "type": "Polygon",
        "coordinates": [
          [
            [
              21.5330931,
              41.9142638
            ],
            [
              21.5329407,
              41.9141608
            ],
            [
              21.5326104,
              41.9139204
            ],
            [
              21.5324707,
              41.913809
            ],
            [
              21.5324036,
              41.9137471
            ],
            [
              21.5323232,
              41.9136515
            ],
            [
              21.5322643,
              41.9134974
            ],
            [
              21.5322268,
              41.9133717
            ],
            [
              21.5321946,
              41.9132599
            ],
            [
              21.5323285,
              41.9131677
            ],
            [
              21.5324761,
              41.9131342
            ],
            [
              21.5326701,
              41.9131147
            ],
            [
              21.5330513,
              41.9131278
            ],
            [
              21.5334896,
              41.9131671
            ],
            [
              21.5337672,
              41.913177
            ],
            [
              21.5340536,
              41.9130917
            ],
            [
              21.5342408,
              41.9131081
            ],
            [
              21.5347497,
              41.9132688
            ],
            [
              21.5353401,
              41.9134671
            ],
            [
              21.5347662,
              41.9150186
            ],
            [
              21.534641,
              41.9152261
            ],
            [
              21.5342382,
              41.9150924
            ],
            [
              21.5337329,
              41.9149205
            ],
            [
              21.5334646,
              41.9147385
            ],
            [
              21.5332861,
              41.9145451
            ],
            [
              21.5330931,
              41.9142638
            ]
          ]
        ]
      },
      "id": "way/1312049856"
    },
    {
      "type": "Feature",
      "properties": {
        "@id": "way/1312575140",
        "addr:city": "Центар Жупа / Вапа",
        "addr:place": "Центар Жупа / Вапа",
        "addr:postcode": "1258",
        "amenity": "school",
        "barrier": "fence",
        "email": "ouataturk@yahoo.com",
        "fax": "+38946840117",
        "name": "ООУ Мустафа Кемал-Ататурк",
        "name:en": "Mustafa Kemal-Ataturk EMS",
        "name:mk": "ООУ Мустафа Кемал-Ататурк",
        "old_name": "ООУ Народен Херој Генерал-Мајор Моша Пијаде-Чича Јанко",
        "old_name:en": "People's Hero General-Major Mosha Pijade-Chicha Janko EMS",
        "old_name:mk": "ООУ Народен Херој Генерал-Мајор Моша Пијаде-Чича Јанко",
        "phone": "+38946840117",
        "wikidata": "Q20567916",
        "wikipedia": "mk:ОУ „Мустафа Кемал Ататурк“ - Центар Жупа"
      },
      "geometry": {
        "type": "Polygon",
        "coordinates": [
          [
            [
              20.5581046,
              41.4796019
            ],
            [
              20.5583962,
              41.4793021
            ],
            [
              20.5589091,
              41.4796203
            ],
            [
              20.5590912,
              41.4797261
            ],
            [
              20.5592922,
              41.4798546
            ],
            [
              20.5588893,
              41.4802233
            ],
            [
              20.5587958,
              41.4801776
            ],
            [
              20.5587022,
              41.480138
            ],
            [
              20.5586657,
              41.4802507
            ],
            [
              20.5585884,
              41.4804822
            ],
            [
              20.5581778,
              41.4803603
            ],
            [
              20.5582388,
              41.480208
            ],
            [
              20.5577306,
              41.4800771
            ],
            [
              20.557877,
              41.4797542
            ],
            [
              20.5579989,
              41.4795593
            ],
            [
              20.5581046,
              41.4796019
            ]
          ]
        ]
      },
      "id": "way/1312575140"
    },
    {
      "type": "Feature",
      "properties": {
        "@id": "way/1312580034",
        "amenity": "school",
        "barrier": "fence",
        "name": "ПООУ Неџати Зекерија",
        "name:en": "Nedzhati Zekerija AEMS",
        "name:mk": "ПООУ Неџати Зекерија",
        "wikidata": "Q115777879",
        "wikipedia": "mk:ПУ „Неџати Зекерија“ - Праленик"
      },
      "geometry": {
        "type": "Polygon",
        "coordinates": [
          [
            [
              20.54931,
              41.4599732
            ],
            [
              20.549258,
              41.4598592
            ],
            [
              20.5495199,
              41.459777
            ],
            [
              20.549435,
              41.4595953
            ],
            [
              20.5495199,
              41.4595741
            ],
            [
              20.5495766,
              41.4595847
            ],
            [
              20.549589,
              41.4595356
            ],
            [
              20.5496898,
              41.4595436
            ],
            [
              20.5497695,
              41.4595197
            ],
            [
              20.54994,
              41.4596891
            ],
            [
              20.5499677,
              41.4599574
            ],
            [
              20.5497783,
              41.4600661
            ],
            [
              20.5498547,
              41.4601755
            ],
            [
              20.5497342,
              41.4601839
            ],
            [
              20.5496665,
              41.4601753
            ],
            [
              20.5495197,
              41.4600782
            ],
            [
              20.5494106,
              41.4599943
            ],
            [
              20.54931,
              41.4599732
            ]
          ]
        ]
      },
      "id": "way/1312580034"
    },
    {
      "type": "Feature",
      "properties": {
        "@id": "way/1312594766",
        "amenity": "school",
        "name": "ООУ Неџати Зекерија",
        "name:en": "Nedzhati Zekerija EMS",
        "name:mk": "ООУ Неџати Зекерија",
        "phone": "+38946844266",
        "wikidata": "Q12909207",
        "wikipedia": "mk:ОУ „Неџати Зекерија“ - Коџаџик"
      },
      "geometry": {
        "type": "Polygon",
        "coordinates": [
          [
            [
              20.5974158,
              41.4412225
            ],
            [
              20.5977227,
              41.4410865
            ],
            [
              20.5977751,
              41.4410633
            ],
            [
              20.5978364,
              41.4410334
            ],
            [
              20.5979272,
              41.4409622
            ],
            [
              20.5979524,
              41.4412658
            ],
            [
              20.5980546,
              41.4414956
            ],
            [
              20.5982206,
              41.4416616
            ],
            [
              20.5983346,
              41.4417367
            ],
            [
              20.597971,
              41.4419128
            ],
            [
              20.5975197,
              41.4413542
            ],
            [
              20.5974158,
              41.4412225
            ]
          ]
        ]
      },
      "id": "way/1312594766"
    },
    {
      "type": "Feature",
      "properties": {
        "@id": "way/1312599243",
        "amenity": "school",
        "barrier": "fence",
        "name": "ПООУ Неџати Зекерија",
        "name:en": "Nedzhati Zekerija AEMS",
        "name:mk": "ПООУ Неџати Зекерија"
      },
      "geometry": {
        "type": "Polygon",
        "coordinates": [
          [
            [
              20.6181446,
              41.4355232
            ],
            [
              20.6178831,
              41.4351748
            ],
            [
              20.6178691,
              41.4351468
            ],
            [
              20.617708,
              41.4349997
            ],
            [
              20.6180676,
              41.4347389
            ],
            [
              20.618189,
              41.4347949
            ],
            [
              20.6183408,
              41.4348492
            ],
            [
              20.6182544,
              41.4349035
            ],
            [
              20.6182894,
              41.434949
            ],
            [
              20.618133,
              41.4350785
            ],
            [
              20.6181843,
              41.4351328
            ],
            [
              20.6182497,
              41.4350943
            ],
            [
              20.6183174,
              41.435166
            ],
            [
              20.6182334,
              41.4352168
            ],
            [
              20.6184085,
              41.4354076
            ],
            [
              20.6181446,
              41.4355232
            ]
          ]
        ]
      },
      "id": "way/1312599243"
    },
    {
      "type": "Feature",
      "properties": {
        "@id": "way/1314024963",
        "amenity": "school",
        "barrier": "fence",
        "name": "ПООУ Братство-Единство",
        "name:en": "Brotherhood-Unity AEMS",
        "name:mk": "ПООУ Братство-Единство"
      },
      "geometry": {
        "type": "Polygon",
        "coordinates": [
          [
            [
              20.5288594,
              41.4453323
            ],
            [
              20.5281682,
              41.4450873
            ],
            [
              20.5279907,
              41.4447022
            ],
            [
              20.5282242,
              41.4446348
            ],
            [
              20.5283933,
              41.4445856
            ],
            [
              20.5284577,
              41.4445797
            ],
            [
              20.5287706,
              41.4444432
            ],
            [
              20.528808,
              41.4445657
            ],
            [
              20.5288874,
              41.4447162
            ],
            [
              20.5289855,
              41.4450138
            ],
            [
              20.5290789,
              41.4451013
            ],
            [
              20.5290508,
              41.4452483
            ],
            [
              20.5288594,
              41.4453323
            ]
          ]
        ]
      },
      "id": "way/1314024963"
    },
    {
      "type": "Feature",
      "properties": {
        "@id": "way/1314608810",
        "amenity": "school",
        "barrier": "fence",
        "name": "ООУ Реџо Рушит",
        "name:en": "Redzho Rushit EMS",
        "name:mk": "ООУ Реџо Рушит",
        "phone": "+38945262272",
        "wikidata": "Q12909110",
        "wikipedia": "mk:ОУ „Реџо Рушит“ - Зајас"
      },
      "geometry": {
        "type": "Polygon",
        "coordinates": [
          [
            [
              20.9558548,
              41.5989961
            ],
            [
              20.9556598,
              41.5990216
            ],
            [
              20.9547398,
              41.5989999
            ],
            [
              20.9548757,
              41.5981343
            ],
            [
              20.9547792,
              41.5981343
            ],
            [
              20.9547738,
              41.5979217
            ],
            [
              20.9549777,
              41.5979177
            ],
            [
              20.9552459,
              41.5971354
            ],
            [
              20.9555356,
              41.5972197
            ],
            [
              20.9557032,
              41.5971703
            ],
            [
              20.9558346,
              41.597953
            ],
            [
              20.9559414,
              41.5984955
            ],
            [
              20.9558548,
              41.5989961
            ]
          ]
        ]
      },
      "id": "way/1314608810"
    },
    {
      "type": "Feature",
      "properties": {
        "@id": "way/1318434554",
        "amenity": "school",
        "barrier": "fence",
        "email": "mende.temelkovski@yahoo.com;brakamiladinovcicarevdvor@gmail.com",
        "mobile": "+38970711743",
        "name": "ООУ Браќа Миладиновци",
        "name:en": "Miladinov Brothers EMS",
        "name:mk": "ООУ Браќа Миладиновци",
        "phone": "+38947489402",
        "wikidata": "Q12909153",
        "wikipedia": "mk:ОУ „Браќа Миладиновци“ - Царев Двор"
      },
      "geometry": {
        "type": "Polygon",
        "coordinates": [
          [
            [
              21.0054756,
              41.0413004
            ],
            [
              21.0046836,
              41.0412948
            ],
            [
              21.0043474,
              41.0413134
            ],
            [
              21.0041107,
              41.0413761
            ],
            [
              21.0040355,
              41.0413456
            ],
            [
              21.0037656,
              41.0412723
            ],
            [
              21.0038083,
              41.0405825
            ],
            [
              21.005133,
              41.0406265
            ],
            [
              21.005144,
              41.040346
            ],
            [
              21.0056158,
              41.040367
            ],
            [
              21.0055543,
              41.0406443
            ],
            [
              21.0054758,
              41.0410214
            ],
            [
              21.0054756,
              41.0413004
            ]
          ]
        ]
      },
      "id": "way/1318434554"
    },
    {
      "type": "Feature",
      "properties": {
        "@id": "way/1319178521",
        "amenity": "school",
        "barrier": "fence",
        "name": "ПООУ Климент Охридски",
        "name:en": "Kliment Ohridski AEMS",
        "name:mk": "ПООУ Климент Охридски"
      },
      "geometry": {
        "type": "Polygon",
        "coordinates": [
          [
            [
              20.6980797,
              41.2299874
            ],
            [
              20.6964186,
              41.229705
            ],
            [
              20.6963489,
              41.2295496
            ],
            [
              20.6967887,
              41.229473
            ],
            [
              20.6972206,
              41.2295113
            ],
            [
              20.6977409,
              41.2295254
            ],
            [
              20.6979793,
              41.2295451
            ],
            [
              20.6980397,
              41.2296954
            ],
            [
              20.6980759,
              41.2297902
            ],
            [
              20.6980759,
              41.2299062
            ],
            [
              20.6980797,
              41.2299874
            ]
          ]
        ]
      },
      "id": "way/1319178521"
    },
    {
      "type": "Feature",
      "properties": {
        "@id": "way/1319183611",
        "amenity": "school",
        "barrier": "fence",
        "name": "ПООУ Ѓорѓи Делчев-Гоце",
        "name:en": "Gjorgji Delchev-Goce AEMS",
        "name:mk": "ПООУ Ѓорѓи Делчев-Гоце"
      },
      "geometry": {
        "type": "Polygon",
        "coordinates": [
          [
            [
              20.6027245,
              41.2856488
            ],
            [
              20.602084,
              41.2859819
            ],
            [
              20.6018516,
              41.2861245
            ],
            [
              20.6016822,
              41.2861933
            ],
            [
              20.6013673,
              41.2860781
            ],
            [
              20.6012895,
              41.2858685
            ],
            [
              20.6014746,
              41.2858443
            ],
            [
              20.6014907,
              41.2857113
            ],
            [
              20.6014424,
              41.2856185
            ],
            [
              20.6015309,
              41.2854613
            ],
            [
              20.601716,
              41.2853364
            ],
            [
              20.6019172,
              41.2852779
            ],
            [
              20.6021023,
              41.2852759
            ],
            [
              20.6023007,
              41.2853666
            ],
            [
              20.6024563,
              41.2854351
            ],
            [
              20.6026494,
              41.285421
            ],
            [
              20.6027809,
              41.2855319
            ],
            [
              20.6027245,
              41.2856488
            ]
          ]
        ]
      },
      "id": "way/1319183611"
    },
    {
      "type": "Feature",
      "properties": {
        "@id": "way/1319265012",
        "amenity": "school",
        "name": "ПООУ 7. Март",
        "name:en": "7 Mart AEMS",
        "name:mk": "ПООУ 7. Март",
        "wikidata": "Q12909063",
        "wikipedia": "mk:ОУ „7 Март“ - Долна Белица"
      },
      "geometry": {
        "type": "Polygon",
        "coordinates": [
          [
            [
              20.6347785,
              41.2138456
            ],
            [
              20.6347825,
              41.2138732
            ],
            [
              20.6345507,
              41.2138921
            ],
            [
              20.6343412,
              41.2138886
            ],
            [
              20.6343909,
              41.2137423
            ],
            [
              20.6344658,
              41.2135081
            ],
            [
              20.6346339,
              41.2135033
            ],
            [
              20.6348495,
              41.2134638
            ],
            [
              20.6348679,
              41.213504
            ],
            [
              20.6348765,
              41.2135462
            ],
            [
              20.6348984,
              41.2136541
            ],
            [
              20.6347623,
              41.2136698
            ],
            [
              20.6347785,
              41.2138456
            ]
          ]
        ]
      },
      "id": "way/1319265012"
    },
    {
      "type": "Feature",
      "properties": {
        "@id": "way/1322998038",
        "amenity": "school",
        "barrier": "fence",
        "name": "Браќа Миладиновци",
        "name:en": "Miladinov Brothers EMS",
        "name:mk": "ООУ Браќа Миладиновци"
      },
      "geometry": {
        "type": "Polygon",
        "coordinates": [
          [
            [
              21.08082,
              41.2680141
            ],
            [
              21.0805732,
              41.2678846
            ],
            [
              21.0805205,
              41.2677992
            ],
            [
              21.080446,
              41.2677032
            ],
            [
              21.0803662,
              41.2676136
            ],
            [
              21.0804071,
              41.2675927
            ],
            [
              21.0806074,
              41.2676066
            ],
            [
              21.0811527,
              41.2676922
            ],
            [
              21.0811712,
              41.2677779
            ],
            [
              21.0810453,
              41.2678165
            ],
            [
              21.0810048,
              41.2678289
            ],
            [
              21.08082,
              41.2680141
            ]
          ]
        ]
      },
      "id": "way/1322998038"
    },
    {
      "type": "Feature",
      "properties": {
        "@id": "way/1323366505",
        "amenity": "school",
        "barrier": "fence",
        "name": "ПООУ Ѓорѓи Делчев-Гоце",
        "name:en": "Gjorgji Delchev-Goce REMS",
        "name:mk": "ПООУ Ѓорѓи Делчев-Гоце"
      },
      "geometry": {
        "type": "Polygon",
        "coordinates": [
          [
            [
              21.2148977,
              41.2084816
            ],
            [
              21.214921,
              41.2088505
            ],
            [
              21.2143472,
              41.2090144
            ],
            [
              21.2140858,
              41.2088271
            ],
            [
              21.2138089,
              41.2086315
            ],
            [
              21.2136842,
              41.2085434
            ],
            [
              21.2138024,
              41.2084849
            ],
            [
              21.2138835,
              41.2084087
            ],
            [
              21.2141365,
              41.2085483
            ],
            [
              21.2148977,
              41.2084816
            ]
          ]
        ]
      },
      "id": "way/1323366505"
    },
    {
      "type": "Feature",
      "properties": {
        "@id": "way/1327482978",
        "amenity": "hospital",
        "barrier": "fence",
        "email": "bolnicaleshok@t.mk",
        "fax": "+38944384814",
        "healthcare": "hospital",
        "name": "Специјализирана болница за белодробни заболувања и туберкулоза",
        "name:en": "Specialized hospital for lung diseases and tuberculosis",
        "name:mk": "Специјализирана болница за белодробни заболувања и туберкулоза",
        "phone": "+38944384414"
      },
      "geometry": {
        "type": "Polygon",
        "coordinates": [
          [
            [
              21.0265245,
              42.0660964
            ],
            [
              21.0265183,
              42.0659752
            ],
            [
              21.0263796,
              42.0658631
            ],
            [
              21.0261763,
              42.0654903
            ],
            [
              21.0261763,
              42.0653508
            ],
            [
              21.0263051,
              42.0652293
            ],
            [
              21.0267395,
              42.0652431
            ],
            [
              21.0270199,
              42.0650852
            ],
            [
              21.0273342,
              42.0651127
            ],
            [
              21.0273218,
              42.0653803
            ],
            [
              21.0271622,
              42.0659112
            ],
            [
              21.0270062,
              42.0659452
            ],
            [
              21.0266354,
              42.0660255
            ],
            [
              21.0266785,
              42.0661056
            ],
            [
              21.0265245,
              42.0660964
            ]
          ]
        ]
      },
      "id": "way/1327482978"
    },
    {
      "type": "Feature",
      "properties": {
        "@id": "way/1328259365",
        "amenity": "school",
        "barrier": "fence",
        "name": "ООУ Напредок",
        "name:en": "Napredok EMS",
        "name:mk": "ООУ Напредок",
        "wikidata": "Q12909214",
        "wikipedia": "mk:ОУ „Прпарими“ - Чегране"
      },
      "geometry": {
        "type": "Polygon",
        "coordinates": [
          [
            [
              20.9777536,
              41.8385659
            ],
            [
              20.9775884,
              41.8386206
            ],
            [
              20.9775345,
              41.8385506
            ],
            [
              20.9775522,
              41.838519
            ],
            [
              20.9772797,
              41.8382579
            ],
            [
              20.9767842,
              41.8374933
            ],
            [
              20.976717,
              41.8374597
            ],
            [
              20.9772306,
              41.8371287
            ],
            [
              20.9783277,
              41.8383829
            ],
            [
              20.9777536,
              41.8385659
            ]
          ]
        ]
      },
      "id": "way/1328259365"
    },
    {
      "type": "Feature",
      "properties": {
        "@id": "way/1328260597",
        "amenity": "school",
        "barrier": "fence",
        "name": "ПООУ Напредок",
        "name:en": "Napredok REMS",
        "name:mk": "ПООУ Напредок",
        "wikidata": "Q116975459",
        "wikipedia": "mk:ПУ „Прпарими“ - Форино"
      },
      "geometry": {
        "type": "Polygon",
        "coordinates": [
          [
            [
              20.9660418,
              41.8313096
            ],
            [
              20.9658402,
              41.8309483
            ],
            [
              20.966229,
              41.8308179
            ],
            [
              20.9659748,
              41.8303723
            ],
            [
              20.9667467,
              41.8300741
            ],
            [
              20.9669555,
              41.8304043
            ],
            [
              20.9671123,
              41.8306971
            ],
            [
              20.967211,
              41.8309007
            ],
            [
              20.9671496,
              41.8309211
            ],
            [
              20.9669008,
              41.8310036
            ],
            [
              20.9666428,
              41.831095
            ],
            [
              20.9663295,
              41.8312469
            ],
            [
              20.9662866,
              41.8312053
            ],
            [
              20.9660418,
              41.8313096
            ]
          ]
        ]
      },
      "id": "way/1328260597"
    },
    {
      "type": "Feature",
      "properties": {
        "@id": "way/1328261030",
        "amenity": "school",
        "barrier": "fence",
        "email": "infocajla@gmail.com",
        "mobile": "+38977951088042 287 147",
        "name": "ООУ Чајле",
        "name:en": "Chajle EMS",
        "name:mk": "ООУ Чајле",
        "phone": "+38942287147",
        "wikidata": "Q20569045",
        "wikipedia": "mk:ОУ „Чајле“ - Чајле"
      },
      "geometry": {
        "type": "Polygon",
        "coordinates": [
          [
            [
              20.9342135,
              41.8064481
            ],
            [
              20.9341004,
              41.806487
            ],
            [
              20.9339292,
              41.8065965
            ],
            [
              20.9339058,
              41.8065834
            ],
            [
              20.933887,
              41.806564
            ],
            [
              20.9337067,
              41.8064071
            ],
            [
              20.9335909,
              41.8064811
            ],
            [
              20.9335609,
              41.8065002
            ],
            [
              20.9334903,
              41.806543
            ],
            [
              20.9332174,
              41.8062955
            ],
            [
              20.9330179,
              41.8060991
            ],
            [
              20.93332,
              41.8059152
            ],
            [
              20.9333842,
              41.8059697
            ],
            [
              20.9335018,
              41.8059428
            ],
            [
              20.9337431,
              41.8061384
            ],
            [
              20.9338561,
              41.8061541
            ],
            [
              20.9342135,
              41.8064481
            ]
          ]
        ]
      },
      "id": "way/1328261030"
    },
    {
      "type": "Feature",
      "properties": {
        "@id": "way/1328350504",
        "amenity": "school",
        "email": "shkolla291@outlook.com",
        "name": "Shkolla fillore \"Gjergj Kastrioti Skënderbeu\"",
        "name:mk": "ООУ Ѓорѓи Кастриот-Скендер Бег",
        "name:sq": "Shkolla fillore \"Gjergj Kastrioti Skënderbeu\"",
        "phone": "+38944488022",
        "wikipedia": "mk:ОУ „Ѓ. К. Скендербег“ - Порој"
      },
      "geometry": {
        "type": "Polygon",
        "coordinates": [
          [
            [
              20.9973829,
              42.0298307
            ],
            [
              20.9974082,
              42.0298586
            ],
            [
              20.9967104,
              42.0302636
            ],
            [
              20.9966858,
              42.0302408
            ],
            [
              20.9966241,
              42.0302545
            ],
            [
              20.9959834,
              42.0299709
            ],
            [
              20.9960225,
              42.0299089
            ],
            [
              20.9959357,
              42.0298787
            ],
            [
              20.9959168,
              42.0298327
            ],
            [
              20.9957452,
              42.029771
            ],
            [
              20.9963272,
              42.0291075
            ],
            [
              20.9965579,
              42.0292848
            ],
            [
              20.9965874,
              42.0292629
            ],
            [
              20.9967475,
              42.0294091
            ],
            [
              20.9968306,
              42.0294745
            ],
            [
              20.9968615,
              42.0294529
            ],
            [
              20.9969106,
              42.0294915
            ],
            [
              20.9969323,
              42.0294763
            ],
            [
              20.9973829,
              42.0298307
            ]
          ]
        ]
      },
      "id": "way/1328350504"
    },
    {
      "type": "Feature",
      "properties": {
        "@id": "way/1328351577",
        "amenity": "school",
        "email": "shkolla291@outlook.com",
        "name": "Shkolla fillore \"Gjergj Kastrioti Skënderbeu\"",
        "name:mk": "ПООУ Ѓeрѓ Кастриот-Скендер Бег",
        "name:sq": "Shkolla fillore \"Gjergj Kastrioti Skënderbeu\"",
        "phone": "+38944488022",
        "wikipedia": "mk:ОУ „Ѓ. К. Скендербег“ - Порој"
      },
      "geometry": {
        "type": "Polygon",
        "coordinates": [
          [
            [
              21.0020539,
              42.0290033
            ],
            [
              21.0017119,
              42.0286085
            ],
            [
              21.00096,
              42.0289728
            ],
            [
              21.0006925,
              42.0287064
            ],
            [
              21.0005644,
              42.0285788
            ],
            [
              21.0013242,
              42.0282153
            ],
            [
              21.0029224,
              42.0274981
            ],
            [
              21.0029724,
              42.0276046
            ],
            [
              21.0030223,
              42.0277123
            ],
            [
              21.0030837,
              42.0278499
            ],
            [
              21.0031114,
              42.0279776
            ],
            [
              21.0031206,
              42.0280836
            ],
            [
              21.0031265,
              42.028209
            ],
            [
              21.0031444,
              42.0282633
            ],
            [
              21.0031755,
              42.0283236
            ],
            [
              21.0032143,
              42.028353
            ],
            [
              21.0030654,
              42.0284322
            ],
            [
              21.0023849,
              42.0288177
            ],
            [
              21.0020539,
              42.0290033
            ]
          ]
        ]
      },
      "id": "way/1328351577"
    },
    {
      "type": "Feature",
      "properties": {
        "@id": "way/1328355792",
        "amenity": "school",
        "barrier": "fence",
        "name": "ООУ Коста Солев-Кочо Рацин",
        "name:en": "Kosta Solev-Kocho Racin EMS",
        "name:mk": "ООУ Коста Солев-Кочо Рацин",
        "website": "https://kostaracin.blogspot.com/",
        "wikidata": "Q20568687",
        "wikipedia": "mk:ОУ „Кочо Рацин“ - Брвеница"
      },
      "geometry": {
        "type": "Polygon",
        "coordinates": [
          [
            [
              20.9832465,
              41.9674015
            ],
            [
              20.9827719,
              41.9673951
            ],
            [
              20.9825887,
              41.9674035
            ],
            [
              20.982347,
              41.9674147
            ],
            [
              20.9820756,
              41.9674309
            ],
            [
              20.9819235,
              41.967235
            ],
            [
              20.9818356,
              41.9671407
            ],
            [
              20.981714,
              41.9670804
            ],
            [
              20.9824129,
              41.9669821
            ],
            [
              20.982396,
              41.9668763
            ],
            [
              20.9824039,
              41.9667967
            ],
            [
              20.9822591,
              41.9664058
            ],
            [
              20.9821545,
              41.9664277
            ],
            [
              20.9820918,
              41.9662124
            ],
            [
              20.9820731,
              41.9661482
            ],
            [
              20.9820418,
              41.9660408
            ],
            [
              20.9820885,
              41.9659827
            ],
            [
              20.9827422,
              41.9651667
            ],
            [
              20.9830797,
              41.9658922
            ],
            [
              20.9830532,
              41.9659028
            ],
            [
              20.9834252,
              41.9666237
            ],
            [
              20.9830126,
              41.9666555
            ],
            [
              20.983041,
              41.966799
            ],
            [
              20.9830045,
              41.9668459
            ],
            [
              20.983037,
              41.9670121
            ],
            [
              20.9831569,
              41.9670137
            ],
            [
              20.9832037,
              41.9671769
            ],
            [
              20.9831244,
              41.967189
            ],
            [
              20.9832465,
              41.9674015
            ]
          ]
        ]
      },
      "id": "way/1328355792"
    },
    {
      "type": "Feature",
      "properties": {
        "@id": "way/1328373137",
        "amenity": "school",
        "barrier": "fence",
        "name": "ПООУ Ѓорѓи Делчев-Гоце",
        "name:en": "Gjorgji Delchev-Goce REMS",
        "name:mk": "ПООУ Ѓорѓи Делчев-Гоце"
      },
      "geometry": {
        "type": "Polygon",
        "coordinates": [
          [
            [
              20.9640467,
              41.906701
            ],
            [
              20.9636373,
              41.9063698
            ],
            [
              20.9643334,
              41.9063261
            ],
            [
              20.9647064,
              41.9062938
            ],
            [
              20.964913,
              41.9062808
            ],
            [
              20.9648781,
              41.9064584
            ],
            [
              20.964734,
              41.9064701
            ],
            [
              20.9644977,
              41.9064907
            ],
            [
              20.9645149,
              41.906596
            ],
            [
              20.9642176,
              41.9066228
            ],
            [
              20.9640467,
              41.906701
            ]
          ]
        ]
      },
      "id": "way/1328373137"
    },
    {
      "type": "Feature",
      "properties": {
        "@id": "way/1328391048",
        "amenity": "school",
        "barrier": "fence",
        "name": "ПООУ Ѓорѓи Делчев-Гоце",
        "name:en": "Gjorgji Delchev-Goce REMS",
        "name:mk": "ПООУ Ѓорѓи Делчев-Гоце"
      },
      "geometry": {
        "type": "Polygon",
        "coordinates": [
          [
            [
              20.9813708,
              41.8958516
            ],
            [
              20.9812562,
              41.8959092
            ],
            [
              20.9809321,
              41.8960721
            ],
            [
              20.9806401,
              41.895718
            ],
            [
              20.980349,
              41.8954084
            ],
            [
              20.9799392,
              41.895022
            ],
            [
              20.9798343,
              41.8949207
            ],
            [
              20.9798795,
              41.8948902
            ],
            [
              20.9799331,
              41.8948303
            ],
            [
              20.9800917,
              41.8948018
            ],
            [
              20.9810422,
              41.8955323
            ],
            [
              20.9813708,
              41.8958516
            ]
          ]
        ]
      },
      "id": "way/1328391048"
    },
    {
      "type": "Feature",
      "properties": {
        "@id": "way/1328467683",
        "amenity": "police",
        "building": "yes",
        "int_name": "Police station - Shuto Orizari",
        "name": "Полициска станица - Шуто Оризари"
      },
      "geometry": {
        "type": "Polygon",
        "coordinates": [
          [
            [
              21.4264495,
              42.0433133
            ],
            [
              21.426478,
              42.0431199
            ],
            [
              21.4266001,
              42.0430619
            ],
            [
              21.4266443,
              42.0431132
            ],
            [
              21.4267066,
              42.0430836
            ],
            [
              21.4268467,
              42.0432461
            ],
            [
              21.4266218,
              42.0433531
            ],
            [
              21.4265741,
              42.0432979
            ],
            [
              21.4266992,
              42.0432384
            ],
            [
              21.4266185,
              42.0431448
            ],
            [
              21.4265451,
              42.0431797
            ],
            [
              21.4265245,
              42.0433194
            ],
            [
              21.4264495,
              42.0433133
            ]
          ]
        ]
      },
      "id": "way/1328467683"
    },
    {
      "type": "Feature",
      "properties": {
        "@id": "way/1330472790",
        "amenity": "school",
        "barrier": "fence",
        "name": "ООУ\nЃорѓи Делчев-Гоце",
        "name:en": "Gjorgji Delchev\nEMS",
        "name:mk": "ООУ\nЃорѓи Делчев-Гоце",
        "phone": "+38947276331",
        "wikidata": "Q12909053",
        "wikipedia": "mk:ОУ „Гоце Делчев“ - Демир Хисар"
      },
      "geometry": {
        "type": "Polygon",
        "coordinates": [
          [
            [
              21.2028039,
              41.2187343
            ],
            [
              21.2028902,
              41.2177877
            ],
            [
              21.2036437,
              41.2177943
            ],
            [
              21.2035975,
              41.2187491
            ],
            [
              21.2028039,
              41.2187343
            ]
          ]
        ]
      },
      "id": "way/1330472790"
    },
    {
      "type": "Feature",
      "properties": {
        "@id": "way/1331535171",
        "amenity": "school",
        "barrier": "fence",
        "name": "ПООУ Владо Кантарџиев",
        "name:en": "Vlado Kantarzhiev REMS",
        "name:mk": "ПООУ Владо Кантарџиев"
      },
      "geometry": {
        "type": "Polygon",
        "coordinates": [
          [
            [
              22.5544687,
              41.1396732
            ],
            [
              22.5544028,
              41.1402989
            ],
            [
              22.5539568,
              41.1402749
            ],
            [
              22.5539427,
              41.1403922
            ],
            [
              22.5541408,
              41.1404022
            ],
            [
              22.5541114,
              41.1405541
            ],
            [
              22.5535084,
              41.1404827
            ],
            [
              22.553864,
              41.1397443
            ],
            [
              22.5541697,
              41.1397201
            ],
            [
              22.5544687,
              41.1396732
            ]
          ]
        ]
      },
      "id": "way/1331535171"
    },
    {
      "type": "Feature",
      "properties": {
        "@id": "way/1332488592",
        "addr:city": "Кукуречани",
        "addr:housenumber": "9",
        "addr:postcode": "7241",
        "addr:street": "Главна",
        "amenity": "school",
        "barrier": "fence",
        "contact:facebook": "aleksandar.turundjev",
        "email": "aturundzev@yahoo.com",
        "mobile": "+38978597589",
        "name": "ООУ Александар Турунџиев",
        "name:en": "Aleksandar Turundzhiev EMS",
        "name:mk": "ООУ Александар Турунџиев",
        "phone": "+38947511451",
        "website": "https://aleksandarturundzev.wordpress.com/",
        "wikidata": "Q20568266",
        "wikipedia": "mk:ОУ „Александар Турунџиев“ - Кукуречани"
      },
      "geometry": {
        "type": "Polygon",
        "coordinates": [
          [
            [
              21.3203145,
              41.100063
            ],
            [
              21.3194107,
              41.0993818
            ],
            [
              21.3190934,
              41.0989963
            ],
            [
              21.3195401,
              41.0988036
            ],
            [
              21.3196141,
              41.0989012
            ],
            [
              21.3202488,
              41.0986574
            ],
            [
              21.3205199,
              41.0991055
            ],
            [
              21.3210571,
              41.0994295
            ],
            [
              21.3203145,
              41.100063
            ]
          ]
        ]
      },
      "id": "way/1332488592"
    },
    {
      "type": "Feature",
      "properties": {
        "@id": "way/1332488595",
        "amenity": "school",
        "barrier": "fence",
        "contact:facebook": "oubmiladinovcidobrusevo",
        "mobile": "+38976483918",
        "name": "ООУ Браќа Миладиновци",
        "name:en": "Brakja Miladinovci EMS",
        "name:mk": "ООУ Браќа Миладиновци",
        "phone": "+38947292056",
        "website": "https://oubmiladinovciblog.wordpress.com/",
        "wikidata": "Q12909151",
        "wikipedia": "mk:ОУ „Браќа Миладиновци“ - Добрушево"
      },
      "geometry": {
        "type": "Polygon",
        "coordinates": [
          [
            [
              21.4816109,
              41.1718253
            ],
            [
              21.480312,
              41.1716468
            ],
            [
              21.4805057,
              41.1704148
            ],
            [
              21.4811521,
              41.1701947
            ],
            [
              21.4816403,
              41.1700069
            ],
            [
              21.4817645,
              41.1699491
            ],
            [
              21.4818065,
              41.1700562
            ],
            [
              21.4819427,
              41.1702288
            ],
            [
              21.4819294,
              41.1704133
            ],
            [
              21.4816109,
              41.1718253
            ]
          ]
        ]
      },
      "id": "way/1332488595"
    },
    {
      "type": "Feature",
      "properties": {
        "@id": "way/1332488618",
        "addr:city": "Битола",
        "addr:housenumber": "13",
        "addr:postcode": "7000",
        "addr:street": "Виенска",
        "amenity": "school",
        "contact:facebook": "OOUGoceDelchevBitola",
        "name": "ООУ Ѓорѓи Делчев-Гоце",
        "name:en": "Gjorgji Delchev-Goce EMS",
        "name:mk": "ООУ Ѓорѓи Делчев-Гоце",
        "phone": "+38947203410",
        "website": "https://btgocedelcev.wordpress.com/",
        "wikidata": "Q20568392",
        "wikipedia": "mk:ОУ „Гоце Делчев“ - Битола"
      },
      "geometry": {
        "type": "Polygon",
        "coordinates": [
          [
            [
              21.3346483,
              41.0283192
            ],
            [
              21.3345554,
              41.0284644
            ],
            [
              21.3342072,
              41.0285113
            ],
            [
              21.3340971,
              41.0285348
            ],
            [
              21.3337964,
              41.0285675
            ],
            [
              21.3336365,
              41.0284372
            ],
            [
              21.333552,
              41.0282257
            ],
            [
              21.3337044,
              41.0281911
            ],
            [
              21.3338051,
              41.0281409
            ],
            [
              21.3337849,
              41.02802
            ],
            [
              21.3337621,
              41.0278713
            ],
            [
              21.3339207,
              41.0278637
            ],
            [
              21.3339191,
              41.0278029
            ],
            [
              21.3340452,
              41.0278018
            ],
            [
              21.3342632,
              41.0278896
            ],
            [
              21.3343641,
              41.0279302
            ],
            [
              21.3342244,
              41.0281888
            ],
            [
              21.3346483,
              41.0283192
            ]
          ]
        ]
      },
      "id": "way/1332488618"
    },
    {
      "type": "Feature",
      "properties": {
        "@id": "way/1332488624",
        "addr:city": "Могила",
        "addr:street": "Димко Сарванов-Димче Могилче",
        "amenity": "school",
        "barrier": "fence",
        "email": "lk771979@schools.mk",
        "mobile": "+38978381745",
        "name": "ООУ Ѓорѓи Делчев-Гоце",
        "name:en": "Gjorgji Delchev-Goce EMS",
        "name:mk": "ООУ Ѓорѓи Делчев-Гоце",
        "website": "https://gocedelcevmogila.weebly.com/",
        "wikidata": "Q20568441",
        "wikipedia": "mk:ОУ „Гоце Делчев“ - Могила"
      },
      "geometry": {
        "type": "Polygon",
        "coordinates": [
          [
            [
              21.376644,
              41.1082153
            ],
            [
              21.3763516,
              41.108063
            ],
            [
              21.3763548,
              41.1077816
            ],
            [
              21.3764813,
              41.1071235
            ],
            [
              21.3769491,
              41.1072614
            ],
            [
              21.3772823,
              41.1073486
            ],
            [
              21.3774504,
              41.1073781
            ],
            [
              21.3777771,
              41.1074611
            ],
            [
              21.3779117,
              41.1074953
            ],
            [
              21.3777567,
              41.1077362
            ],
            [
              21.3776824,
              41.1076722
            ],
            [
              21.3775479,
              41.1077122
            ],
            [
              21.3773724,
              41.1077234
            ],
            [
              21.3773001,
              41.1080456
            ],
            [
              21.3772224,
              41.1080297
            ],
            [
              21.3770279,
              41.1080214
            ],
            [
              21.376644,
              41.1082153
            ]
          ]
        ]
      },
      "id": "way/1332488624"
    },
    {
      "type": "Feature",
      "properties": {
        "@id": "way/1333459370",
        "amenity": "school",
        "email": "mancumatak@edu.mk;oumancumatak@gmail.com",
        "name": "ООУ Народен Херој Манчу Матак",
        "name:en": "People's Hero Manchu Matak EMS",
        "name:mk": "ООУ Народен Херој Манчу Матак",
        "phone": "+38948471205",
        "wikidata": "Q20567153",
        "wikipedia": "mk:ОУ „Манчу Матак“ - Кривогаштани"
      },
      "geometry": {
        "type": "Polygon",
        "coordinates": [
          [
            [
              21.3308893,
              41.337806
            ],
            [
              21.3308327,
              41.3376678
            ],
            [
              21.3312291,
              41.337624
            ],
            [
              21.331461,
              41.3384432
            ],
            [
              21.3313862,
              41.3384545
            ],
            [
              21.3310733,
              41.3384891
            ],
            [
              21.3309512,
              41.3385035
            ],
            [
              21.3309225,
              41.3383636
            ],
            [
              21.3308518,
              41.3383714
            ],
            [
              21.330835,
              41.3382853
            ],
            [
              21.3307336,
              41.3380399
            ],
            [
              21.3308203,
              41.3380053
            ],
            [
              21.3309654,
              41.3379734
            ],
            [
              21.3308893,
              41.337806
            ]
          ]
        ]
      },
      "id": "way/1333459370"
    },
    {
      "type": "Feature",
      "properties": {
        "@id": "way/1333869020",
        "addr:city": "Табановце",
        "addr:place": "Табановце",
        "amenity": "school",
        "name": "Elementary School \"Brakja Ribar\"",
        "name:mk": "ООУ „Браќа Рибар“"
      },
      "geometry": {
        "type": "Polygon",
        "coordinates": [
          [
            [
              21.7149011,
              42.2115878
            ],
            [
              21.7143866,
              42.2114997
            ],
            [
              21.7143353,
              42.2116333
            ],
            [
              21.7131014,
              42.2114147
            ],
            [
              21.7131629,
              42.2104157
            ],
            [
              21.7148888,
              42.2109289
            ],
            [
              21.7149011,
              42.2115878
            ]
          ]
        ]
      },
      "id": "way/1333869020"
    },
    {
      "type": "Feature",
      "properties": {
        "@id": "way/1334317369",
        "amenity": "school",
        "name": "Migjeni School Grounds"
      },
      "geometry": {
        "type": "Polygon",
        "coordinates": [
          [
            [
              20.9752723,
              42.0122258
            ],
            [
              20.9750694,
              42.0119802
            ],
            [
              20.9751378,
              42.0119486
            ],
            [
              20.9751902,
              42.0120167
            ],
            [
              20.9752823,
              42.0119776
            ],
            [
              20.9753009,
              42.0120065
            ],
            [
              20.9753498,
              42.0119926
            ],
            [
              20.9753721,
              42.0119862
            ],
            [
              20.9753892,
              42.011996
            ],
            [
              20.9755248,
              42.0121225
            ],
            [
              20.9755517,
              42.0121991
            ],
            [
              20.9757799,
              42.0120756
            ],
            [
              20.9763324,
              42.0126392
            ],
            [
              20.9764266,
              42.0128825
            ],
            [
              20.976195,
              42.0130294
            ],
            [
              20.9752723,
              42.0122258
            ]
          ]
        ]
      },
      "id": "way/1334317369"
    },
    {
      "type": "Feature",
      "properties": {
        "@id": "way/1334579431",
        "amenity": "school",
        "barrier": "fence",
        "name": "ПООУ Сабедин Бајрами",
        "name:en": "Sabedin Bajrami REMS",
        "name:mk": "ПООУ Сабедин Бајрами"
      },
      "geometry": {
        "type": "Polygon",
        "coordinates": [
          [
            [
              20.9443822,
              41.9338532
            ],
            [
              20.9443881,
              41.9336298
            ],
            [
              20.9443688,
              41.9331964
            ],
            [
              20.9443584,
              41.9328657
            ],
            [
              20.9449744,
              41.932945
            ],
            [
              20.9450597,
              41.932962
            ],
            [
              20.9452061,
              41.9336818
            ],
            [
              20.9448402,
              41.9337423
            ],
            [
              20.9448386,
              41.9338166
            ],
            [
              20.9447621,
              41.9338325
            ],
            [
              20.9444697,
              41.9338542
            ],
            [
              20.9443822,
              41.9338532
            ]
          ]
        ]
      },
      "id": "way/1334579431"
    },
    {
      "type": "Feature",
      "properties": {
        "@id": "way/1334580749",
        "amenity": "school",
        "barrier": "fence",
        "name": "ПОУ Јахја Кемал",
        "name:en": "Jahja Kemal PES",
        "name:mk": "ПОУ Јахја Кемал",
        "website": "https://www.ykc.edu.mk/ykctetovo"
      },
      "geometry": {
        "type": "Polygon",
        "coordinates": [
          [
            [
              20.9489914,
              41.9441574
            ],
            [
              20.9474846,
              41.9444423
            ],
            [
              20.9473289,
              41.9437315
            ],
            [
              20.947021,
              41.943771
            ],
            [
              20.9469006,
              41.943363
            ],
            [
              20.9485605,
              41.9430971
            ],
            [
              20.9487819,
              41.9430368
            ],
            [
              20.9490126,
              41.9438588
            ],
            [
              20.9490233,
              41.9440663
            ],
            [
              20.9489914,
              41.9441574
            ]
          ]
        ]
      },
      "id": "way/1334580749"
    },
    {
      "type": "Feature",
      "properties": {
        "@id": "way/1341419770",
        "addr:city": "Кратово",
        "addr:housenumber": "4",
        "addr:street": "Никола Тесла",
        "amenity": "hospital",
        "healthcare": "hospital",
        "name": "Здравствен Дом Кратово",
        "name:en": "General Hospital Kratovo"
      },
      "geometry": {
        "type": "Polygon",
        "coordinates": [
          [
            [
              22.1690205,
              42.0785158
            ],
            [
              22.1690987,
              42.0786179
            ],
            [
              22.1691237,
              42.0786503
            ],
            [
              22.1691993,
              42.0787555
            ],
            [
              22.1692667,
              42.0788455
            ],
            [
              22.1693256,
              42.078928
            ],
            [
              22.1693667,
              42.0789853
            ],
            [
              22.1693887,
              42.0790159
            ],
            [
              22.1694525,
              42.0791104
            ],
            [
              22.1694917,
              42.0791738
            ],
            [
              22.1695059,
              42.0792162
            ],
            [
              22.1695126,
              42.0792447
            ],
            [
              22.16951,
              42.0792645
            ],
            [
              22.1694948,
              42.0792852
            ],
            [
              22.1694769,
              42.0792976
            ],
            [
              22.1694463,
              42.07931
            ],
            [
              22.1693968,
              42.0793097
            ],
            [
              22.1692941,
              42.0792922
            ],
            [
              22.1692034,
              42.0792811
            ],
            [
              22.1690668,
              42.0792914
            ],
            [
              22.1689537,
              42.0793078
            ],
            [
              22.1688719,
              42.0793178
            ],
            [
              22.1687893,
              42.079324
            ],
            [
              22.1686876,
              42.0793257
            ],
            [
              22.1686027,
              42.0793155
            ],
            [
              22.1685344,
              42.0793004
            ],
            [
              22.1684113,
              42.0792615
            ],
            [
              22.1683102,
              42.0792173
            ],
            [
              22.1682196,
              42.0791717
            ],
            [
              22.1681605,
              42.0791349
            ],
            [
              22.1681206,
              42.079094
            ],
            [
              22.1681061,
              42.0790593
            ],
            [
              22.1681005,
              42.0790154
            ],
            [
              22.1681106,
              42.0789709
            ],
            [
              22.1681892,
              42.078883
            ],
            [
              22.1682991,
              42.0787741
            ],
            [
              22.1684203,
              42.0786631
            ],
            [
              22.1684536,
              42.0786494
            ],
            [
              22.1685273,
              42.0786379
            ],
            [
              22.1685506,
              42.0785757
            ],
            [
              22.1685649,
              42.0785186
            ],
            [
              22.1686383,
              42.0785168
            ],
            [
              22.1690205,
              42.0785158
            ]
          ]
        ]
      },
      "id": "way/1341419770"
    },
    {
      "type": "Feature",
      "properties": {
        "@id": "way/1343459233",
        "amenity": "police",
        "building": "no",
        "name": "Полициска Станица Кратово",
        "name:en": "Police Station Kratovo"
      },
      "geometry": {
        "type": "Polygon",
        "coordinates": [
          [
            [
              22.1720865,
              42.0784978
            ],
            [
              22.1721448,
              42.0785198
            ],
            [
              22.172154,
              42.0785283
            ],
            [
              22.1722281,
              42.0785969
            ],
            [
              22.1723173,
              42.0786934
            ],
            [
              22.1721393,
              42.0787878
            ],
            [
              22.1721695,
              42.0788214
            ],
            [
              22.1720119,
              42.0788999
            ],
            [
              22.171963,
              42.0789243
            ],
            [
              22.1718142,
              42.0789974
            ],
            [
              22.1717578,
              42.0790552
            ],
            [
              22.1715847,
              42.0792275
            ],
            [
              22.1715261,
              42.0792866
            ],
            [
              22.1714371,
              42.0793644
            ],
            [
              22.171428,
              42.079371
            ],
            [
              22.1714163,
              42.0793708
            ],
            [
              22.1714043,
              42.0793661
            ],
            [
              22.1713797,
              42.079354
            ],
            [
              22.1713078,
              42.0793185
            ],
            [
              22.1712358,
              42.0792788
            ],
            [
              22.1712835,
              42.0792292
            ],
            [
              22.1714088,
              42.0790846
            ],
            [
              22.1714701,
              42.0790034
            ],
            [
              22.1714805,
              42.0789897
            ],
            [
              22.1715561,
              42.0789005
            ],
            [
              22.1717306,
              42.0787305
            ],
            [
              22.1718568,
              42.0786169
            ],
            [
              22.1719611,
              42.0785509
            ],
            [
              22.1720865,
              42.0784978
            ]
          ]
        ]
      },
      "id": "way/1343459233"
    },
    {
      "type": "Feature",
      "properties": {
        "@id": "way/1348270343",
        "amenity": "school",
        "name": "Ucilishte \"Sv. Kiril i Metodij\" - Dabilje"
      },
      "geometry": {
        "type": "Polygon",
        "coordinates": [
          [
            [
              22.6847056,
              41.441468
            ],
            [
              22.685176,
              41.440818
            ],
            [
              22.6857753,
              41.4410298
            ],
            [
              22.6854169,
              41.4416507
            ],
            [
              22.6847056,
              41.441468
            ]
          ]
        ]
      },
      "id": "way/1348270343"
    },
    {
      "type": "Feature",
      "properties": {
        "@id": "way/175097886",
        "addr:city": "Скопје",
        "addr:housenumber": "57",
        "addr:postcode": "1000",
        "addr:street": "Гемиџиска",
        "amenity": "school",
        "name": "ОУ Глигор Прличев",
        "@relations": [
          {
            "role": "outer",
            "rel": 2434814,
            "reltags": {
              "amenity": "school",
              "name": "ОУ Глигор Прличев",
              "type": "multipolygon"
            }
          }
        ]
      },
      "geometry": {
        "type": "Polygon",
        "coordinates": [
          [
            [
              21.4579145,
              42.0148858
            ],
            [
              21.4583182,
              42.0141457
            ],
            [
              21.4590425,
              42.0142741
            ],
            [
              21.4591366,
              42.0143532
            ],
            [
              21.459543,
              42.0143561
            ],
            [
              21.4598768,
              42.0143962
            ],
            [
              21.4597003,
              42.0151114
            ],
            [
              21.4579145,
              42.0148858
            ]
          ]
        ]
      },
      "id": "way/175097886"
    },
    {
      "type": "Feature",
      "properties": {
        "@id": "relation/2434814",
        "amenity": "school",
        "name": "ОУ Глигор Прличев",
        "type": "multipolygon",
        "@geometry": "center"
      },
      "geometry": {
        "type": "Point",
        "coordinates": [
          21.4588957,
          42.0146285
        ]
      },
      "id": "relation/2434814"
    },
    {
      "type": "Feature",
      "properties": {
        "@id": "relation/2963885",
        "amenity": "hospital",
        "building": "yes",
        "name": "Поликлиника Ѓорче Петров",
        "type": "multipolygon",
        "@geometry": "center"
      },
      "geometry": {
        "type": "Point",
        "coordinates": [
          21.3627697,
          42.0094759
        ]
      },
      "id": "relation/2963885"
    },
    {
      "type": "Feature",
      "properties": {
        "@id": "relation/3030761",
        "addr:city": "Kicevo",
        "addr:housenumber": "143",
        "addr:postcode": "6250",
        "addr:street": "11 Септември",
        "amenity": "school",
        "building": "school",
        "name": "О.У Санде Штерјоски",
        "type": "multipolygon",
        "website": "https://www.facebook.com/Sande.Sterjoski/",
        "@geometry": "center"
      },
      "geometry": {
        "type": "Point",
        "coordinates": [
          20.9574911,
          41.5189034
        ]
      },
      "id": "relation/3030761"
    },
    {
      "type": "Feature",
      "properties": {
        "@id": "relation/4081495",
        "addr:city": "Cкoпje",
        "addr:city:en": "Skopje",
        "addr:country": "MK",
        "addr:housenumber": "53",
        "addr:postcode": "1000",
        "addr:street": "11-ти Октомври",
        "amenity": "hospital",
        "building": "yes",
        "building:levels": "3",
        "healthcare": "hospital",
        "int_name": "Gradska Bolnica",
        "name": "Градска болница",
        "name:en": "City Hospital",
        "name:mk": "Градски клинички центар",
        "phone": "+3892 323 5020",
        "type": "multipolygon",
        "website": "http://www.gradskahirurgija.org.mk",
        "@geometry": "center"
      },
      "geometry": {
        "type": "Point",
        "coordinates": [
          21.4343082,
          41.992683
        ]
      },
      "id": "relation/4081495"
    },
    {
      "type": "Feature",
      "properties": {
        "@id": "relation/6984035",
        "addr:city": "Cкoпje",
        "addr:city:en": "Skopje",
        "addr:country": "MK",
        "addr:postcode": "1000",
        "amenity": "courthouse",
        "building": "office",
        "building:levels": "4",
        "int_name": "Lazar Bojadžiu",
        "name": "Лазар Бојаџиу",
        "name:en": "Lazar Bojadžiu",
        "roof:levels": "0",
        "roof:shape": "mansard",
        "type": "multipolygon",
        "@geometry": "center"
      },
      "geometry": {
        "type": "Point",
        "coordinates": [
          21.4413687,
          41.9975728
        ]
      },
      "id": "relation/6984035"
    },
    {
      "type": "Feature",
      "properties": {
        "@id": "relation/8465887",
        "amenity": "courthouse",
        "building": "yes",
        "name": "Апелационен Суд",
        "type": "multipolygon",
        "@geometry": "center"
      },
      "geometry": {
        "type": "Point",
        "coordinates": [
          22.1970816,
          41.7376851
        ]
      },
      "id": "relation/8465887"
    },
    {
      "type": "Feature",
      "properties": {
        "@id": "relation/9429039",
        "amenity": "hospital",
        "building:levels": "3",
        "healthcare": "hospital",
        "name": "Оддел за Психијатрија",
        "operator": "Клиничка Болница Штип",
        "type": "multipolygon",
        "@geometry": "center"
      },
      "geometry": {
        "type": "Point",
        "coordinates": [
          22.1865942,
          41.734972
        ]
      },
      "id": "relation/9429039"
    },
    {
      "type": "Feature",
      "properties": {
        "@id": "relation/9789012",
        "amenity": "school",
        "building": "yes",
        "name": "О.У. Блаже Конески",
        "type": "multipolygon",
        "@geometry": "center"
      },
      "geometry": {
        "type": "Point",
        "coordinates": [
          21.7750425,
          41.7161279
        ]
      },
      "id": "relation/9789012"
    },
    {
      "type": "Feature",
      "properties": {
        "@id": "relation/15777568",
        "addr:city": "Cкoпje",
        "addr:housenumber": "27A",
        "addr:postcode": "1000",
        "addr:street": "Булевар Јане Сандански",
        "amenity": "school",
        "name": "ОУ Ѓорѓија Пулевски",
        "type": "multipolygon",
        "@geometry": "center"
      },
      "geometry": {
        "type": "Point",
        "coordinates": [
          21.4647615,
          41.9895085
        ]
      },
      "id": "relation/15777568"
    },
    {
      "type": "Feature",
      "properties": {
        "@id": "way/16663880",
        "amenity": "school",
        "barrier": "fence",
        "fence_type": "metal",
        "name": "ОУ Jохан Хајнрих Песталоци",
        "@geometry": "center"
      },
      "geometry": {
        "type": "Point",
        "coordinates": [
          21.4207761,
          41.9974458
        ]
      },
      "id": "way/16663880"
    },
    {
      "type": "Feature",
      "properties": {
        "@id": "way/28210582",
        "amenity": "school",
        "barrier": "fence",
        "name": "ОУ Братство",
        "@geometry": "center"
      },
      "geometry": {
        "type": "Point",
        "coordinates": [
          21.3887246,
          42.0014174
        ]
      },
      "id": "way/28210582"
    },
    {
      "type": "Feature",
      "properties": {
        "@id": "way/28210848",
        "amenity": "school",
        "barrier": "fence",
        "fence_type": "metal",
        "name": "ООУ „Јан Амос Коменски“",
        "@geometry": "center"
      },
      "geometry": {
        "type": "Point",
        "coordinates": [
          21.3940669,
          42.0007835
        ]
      },
      "id": "way/28210848"
    },
    {
      "type": "Feature",
      "properties": {
        "@id": "way/28212175",
        "amenity": "hospital",
        "healthcare": "hospital",
        "name": "Поликлиника Букурешт",
        "@geometry": "center"
      },
      "geometry": {
        "type": "Point",
        "coordinates": [
          21.4025548,
          42.0028656
        ]
      },
      "id": "way/28212175"
    },
    {
      "type": "Feature",
      "properties": {
        "@id": "way/28212201",
        "addr:city": "Cкoпje",
        "addr:housenumber": "бб",
        "addr:postcode": "1020",
        "addr:street": "Бледски Договор",
        "amenity": "hospital",
        "email": "info@bolnica.org.mk",
        "emergency": "yes",
        "fax": "+389 2 3072125",
        "full_name": "Градска општа болница „8 Септември\"",
        "healthcare": "hospital",
        "healthcare:speciality": "general",
        "name": "ГОБ „8 Септември“",
        "old_name": "Воена Болница",
        "operator": "Министерство за Здравство",
        "operator:type": "government",
        "phone": "+389 2 3087400",
        "website": "https://bolnica.org.mk/",
        "wheelchair": "yes",
        "@geometry": "center"
      },
      "geometry": {
        "type": "Point",
        "coordinates": [
          21.4037835,
          42.0057642
        ]
      },
      "id": "way/28212201"
    },
    {
      "type": "Feature",
      "properties": {
        "@id": "way/28214819",
        "amenity": "school",
        "name": "ОУ Коле Неделковски",
        "@geometry": "center"
      },
      "geometry": {
        "type": "Point",
        "coordinates": [
          21.4201491,
          42.0004101
        ]
      },
      "id": "way/28214819"
    },
    {
      "type": "Feature",
      "properties": {
        "@id": "way/28220815",
        "amenity": "school",
        "name": "ОУ Вера Јоциќ",
        "@geometry": "center"
      },
      "geometry": {
        "type": "Point",
        "coordinates": [
          21.508095,
          41.9951468
        ]
      },
      "id": "way/28220815"
    },
    {
      "type": "Feature",
      "properties": {
        "@id": "way/32299002",
        "addr:city": "Cкoпje",
        "addr:city:en": "Skopje",
        "addr:country": "MK",
        "addr:housenumber": "87",
        "addr:postcode": "1000",
        "addr:street": "Влае",
        "amenity": "hospital",
        "building": "yes",
        "name": "Неуромедика",
        "@geometry": "center"
      },
      "geometry": {
        "type": "Point",
        "coordinates": [
          21.3794289,
          42.0064272
        ]
      },
      "id": "way/32299002"
    },
    {
      "type": "Feature",
      "properties": {
        "@id": "way/32299021",
        "amenity": "school",
        "name": "ОУ Димо Хаџи Димов",
        "@geometry": "center"
      },
      "geometry": {
        "type": "Point",
        "coordinates": [
          21.3737041,
          42.0052378
        ]
      },
      "id": "way/32299021"
    },
    {
      "type": "Feature",
      "properties": {
        "@id": "way/32340717",
        "amenity": "school",
        "name": "QSI International School of Skopje",
        "@geometry": "center"
      },
      "geometry": {
        "type": "Point",
        "coordinates": [
          21.41312,
          42.0074543
        ]
      },
      "id": "way/32340717"
    },
    {
      "type": "Feature",
      "properties": {
        "@id": "way/32530510",
        "addr:city": "Cкoпje",
        "addr:city:en": "Skopje",
        "addr:housenumber": "82",
        "addr:postcode": "1000",
        "addr:street": "Булевар Илинден",
        "amenity": "townhall",
        "building": "yes",
        "email": "gradonacalnik@skopje.gov.mk",
        "fax": "+389 2 3165 445",
        "name": "Град Скопје",
        "operator": "Градска администрација",
        "phone": "+389 2 3297 204",
        "website": "https://skopje.gov.mk/",
        "wikidata": "Q384",
        "wikipedia": "mk:Скопје",
        "@geometry": "center"
      },
      "geometry": {
        "type": "Point",
        "coordinates": [
          21.4203955,
          42.0039625
        ]
      },
      "id": "way/32530510"
    },
    {
      "type": "Feature",
      "properties": {
        "@id": "way/32658092",
        "addr:city": "Cкoпje",
        "addr:housenumber": "бб",
        "addr:postcode": "1000",
        "addr:street": "Пролетерска",
        "amenity": "hospital",
        "email": "pbskopje@pbskopje.org.mk",
        "fax": "+38923095601",
        "healthcare": "hospital",
        "healthcare:speciality": "psychiatry",
        "name": "ЈЗУ Психијатриска болница „Скопје“",
        "phone": "+38923095607",
        "website": "https://pbskopje.org.mk/",
        "@geometry": "center"
      },
      "geometry": {
        "type": "Point",
        "coordinates": [
          21.3722859,
          42.0193329
        ]
      },
      "id": "way/32658092"
    },
    {
      "type": "Feature",
      "properties": {
        "@id": "way/32669909",
        "amenity": "school",
        "name": "ОУ Дане Крапчев",
        "@geometry": "center"
      },
      "geometry": {
        "type": "Point",
        "coordinates": [
          21.5029475,
          42.0036889
        ]
      },
      "id": "way/32669909"
    },
    {
      "type": "Feature",
      "properties": {
        "@id": "way/32687572",
        "addr:street": "Булевар Мајка Тереза",
        "amenity": "hospital",
        "emergency": "yes",
        "healthcare": "hospital",
        "name": "Клинички центар - Државна болница",
        "opening_hours": "24/7",
        "@geometry": "center"
      },
      "geometry": {
        "type": "Point",
        "coordinates": [
          21.422304,
          41.9886481
        ]
      },
      "id": "way/32687572"
    },
    {
      "type": "Feature",
      "properties": {
        "@id": "way/32687581",
        "amenity": "school",
        "name": "Средно медицинско",
        "@geometry": "center"
      },
      "geometry": {
        "type": "Point",
        "coordinates": [
          21.4229867,
          41.9907187
        ]
      },
      "id": "way/32687581"
    },
    {
      "type": "Feature",
      "properties": {
        "@id": "way/32688320",
        "amenity": "school",
        "name": "СГГУ Здравко Цветковски",
        "wheelchair": "yes",
        "@geometry": "center"
      },
      "geometry": {
        "type": "Point",
        "coordinates": [
          21.4026117,
          42.0012335
        ]
      },
      "id": "way/32688320"
    },
    {
      "type": "Feature",
      "properties": {
        "@id": "way/32784330",
        "amenity": "school",
        "name": "ОУ Лазар Трповски",
        "@geometry": "center"
      },
      "geometry": {
        "type": "Point",
        "coordinates": [
          21.3983251,
          42.006214
        ]
      },
      "id": "way/32784330"
    },
    {
      "type": "Feature",
      "properties": {
        "@id": "way/33114282",
        "addr:city": "Cкoпje",
        "addr:city:en": "Skopje",
        "addr:country": "MK",
        "addr:housenumber": "27",
        "addr:postcode": "1000",
        "addr:street": "Прашка",
        "addr:street:en": "Prashka",
        "amenity": "school",
        "fax": "+389 2 3076 299",
        "name": "Меѓународни Училишта НОВА (гимназија)",
        "name:en": "NOVA International Schools (High School)",
        "phone": "+389 2 3061 807",
        "surveillance": "outdoor",
        "surveillance:type": "camera;guard",
        "surveillance:zone": "building",
        "website": "https://www.nova.edu.mk/",
        "wikipedia": "en:Nova International Schools",
        "@geometry": "center"
      },
      "geometry": {
        "type": "Point",
        "coordinates": [
          21.3934917,
          41.998682
        ]
      },
      "id": "way/33114282"
    },
    {
      "type": "Feature",
      "properties": {
        "@id": "way/34074207",
        "amenity": "hospital",
        "healthcare": "hospital",
        "int_name": "Medicinski Centar",
        "name": "Медицински Центар",
        "name:en": "Medical Centre",
        "@geometry": "center"
      },
      "geometry": {
        "type": "Point",
        "coordinates": [
          20.8169093,
          41.1166389
        ]
      },
      "id": "way/34074207"
    },
    {
      "type": "Feature",
      "properties": {
        "@id": "way/34159646",
        "addr:city": "Cкoпje",
        "addr:city:en": "Skopje",
        "addr:country": "MK",
        "addr:postcode": "1000",
        "amenity": "hospital",
        "building": "yes",
        "healthcare": "hospital",
        "int_name": "Poliklinika Jane Sandaski",
        "name": "Поликлиника Јане Сандански",
        "name:en": "Polyclinic Jane Sandaski",
        "@geometry": "center"
      },
      "geometry": {
        "type": "Point",
        "coordinates": [
          21.4572961,
          41.9850723
        ]
      },
      "id": "way/34159646"
    },
    {
      "type": "Feature",
      "properties": {
        "@id": "way/35065175",
        "addr:city": "Makedonski Brod",
        "addr:postcode": "6530",
        "amenity": "hospital",
        "healthcare": "hospital",
        "name": "Здравствен Дом",
        "name:en": "Hospital",
        "@geometry": "center"
      },
      "geometry": {
        "type": "Point",
        "coordinates": [
          21.2171034,
          41.5127881
        ]
      },
      "id": "way/35065175"
    },
    {
      "type": "Feature",
      "properties": {
        "@id": "way/35065177",
        "amenity": "school",
        "name": "СОУ Наум Охридски",
        "name:en": "Sveti Naum Ohridski HMS",
        "@geometry": "center"
      },
      "geometry": {
        "type": "Point",
        "coordinates": [
          21.2171629,
          41.5119131
        ]
      },
      "id": "way/35065177"
    },
    {
      "type": "Feature",
      "properties": {
        "@id": "way/35158196",
        "amenity": "school",
        "int_name": "Osnovno Opštinsko Učilište Sveti Kliment Ohridski",
        "name": "ООУ Климент Охридски",
        "name:en": "Kliment Ohridski  EMS",
        "@geometry": "center"
      },
      "geometry": {
        "type": "Point",
        "coordinates": [
          21.2158769,
          41.5118297
        ]
      },
      "id": "way/35158196"
    },
    {
      "type": "Feature",
      "properties": {
        "@id": "way/35540932",
        "amenity": "school",
        "name": "ОУ \"26 Јули\"",
        "@geometry": "center"
      },
      "geometry": {
        "type": "Point",
        "coordinates": [
          21.4253709,
          42.0350555
        ]
      },
      "id": "way/35540932"
    },
    {
      "type": "Feature",
      "properties": {
        "@id": "way/35831183",
        "addr:city": "Скопје",
        "addr:housenumber": "41а",
        "addr:street": "Милан Марковиќ",
        "amenity": "school",
        "barrier": "fence",
        "name": "Детска градинка Пролет 2",
        "phone": "+38923085701",
        "@geometry": "center"
      },
      "geometry": {
        "type": "Point",
        "coordinates": [
          21.4030947,
          41.9928542
        ]
      },
      "id": "way/35831183"
    },
    {
      "type": "Feature",
      "properties": {
        "@id": "way/35867986",
        "addr:city": "Cкoпje",
        "addr:city:en": "Skopje",
        "addr:country": "MK",
        "addr:housenumber": "18",
        "addr:postcode": "1000",
        "addr:street": "бул.Гоце Делчев, зграда на МТВ",
        "amenity": "police",
        "building": "yes",
        "name": "МВР- Одделение за управни работи во МТВ",
        "@geometry": "center"
      },
      "geometry": {
        "type": "Point",
        "coordinates": [
          21.4446053,
          41.9968313
        ]
      },
      "id": "way/35867986"
    },
    {
      "type": "Feature",
      "properties": {
        "@id": "way/37758475",
        "amenity": "school",
        "int_name": "SU Ljupčo Santov",
        "name": "СОУ Љупчо Сантов",
        "name:en": "SOU Ljupcho Santov",
        "@geometry": "center"
      },
      "geometry": {
        "type": "Point",
        "coordinates": [
          22.4098956,
          41.9140668
        ]
      },
      "id": "way/37758475"
    },
    {
      "type": "Feature",
      "properties": {
        "@id": "way/37758476",
        "amenity": "school",
        "int_name": "OU Kiril i Metodij",
        "name": "ОУ Кирил и Методиј",
        "name:en": "OU Kiril i Metodij",
        "@geometry": "center"
      },
      "geometry": {
        "type": "Point",
        "coordinates": [
          22.4105033,
          41.9137935
        ]
      },
      "id": "way/37758476"
    },
    {
      "type": "Feature",
      "properties": {
        "@id": "way/37760882",
        "amenity": "school",
        "int_name": "OU Rade Kratovče",
        "name": "ОУ Раде Кратовче",
        "name:en": "OU Rade Kratovche",
        "@geometry": "center"
      },
      "geometry": {
        "type": "Point",
        "coordinates": [
          22.4110822,
          41.923412
        ]
      },
      "id": "way/37760882"
    },
    {
      "type": "Feature",
      "properties": {
        "@id": "way/37766954",
        "amenity": "hospital",
        "building": "yes",
        "healthcare": "hospital",
        "int_name": "Zdravstvena Stanica \"Madžari I\"",
        "name": "Здравствена Станица \"Маџари I\"",
        "@geometry": "center"
      },
      "geometry": {
        "type": "Point",
        "coordinates": [
          21.5038069,
          41.9954511
        ]
      },
      "id": "way/37766954"
    },
    {
      "type": "Feature",
      "properties": {
        "@id": "way/37866488",
        "amenity": "hospital",
        "healthcare": "hospital",
        "int_name": "JZU Opšta Bolnica",
        "name": "ЈЗУ Општа Болница",
        "name:en": "City General Hospital",
        "@geometry": "center"
      },
      "geometry": {
        "type": "Point",
        "coordinates": [
          22.4070275,
          41.9169924
        ]
      },
      "id": "way/37866488"
    },
    {
      "type": "Feature",
      "properties": {
        "@id": "way/37911021",
        "amenity": "school",
        "int_name": "SOU Gošo Vikentiev",
        "name": "СОУ Гошо Викентиев",
        "name:en": "SOU Gosho Vikentiev",
        "@geometry": "center"
      },
      "geometry": {
        "type": "Point",
        "coordinates": [
          22.4379049,
          41.9145199
        ]
      },
      "id": "way/37911021"
    },
    {
      "type": "Feature",
      "properties": {
        "@id": "way/37998632",
        "addr:city": "Cкoпje",
        "addr:city:en": "Skopje",
        "addr:country": "MK",
        "addr:postcode": "1000",
        "amenity": "hospital",
        "building": "yes",
        "name": "Институт по белодробни заболувања кај децата - Козле",
        "@geometry": "center"
      },
      "geometry": {
        "type": "Point",
        "coordinates": [
          21.4051873,
          41.9900835
        ]
      },
      "id": "way/37998632"
    },
    {
      "type": "Feature",
      "properties": {
        "@id": "way/38002612",
        "addr:city": "Skopje",
        "addr:postcode": "1000",
        "addr:street": "Булевар Јане Сандански",
        "amenity": "hospital",
        "emergency": "no",
        "healthcare": "hospital",
        "int_name": "Majchin Dom",
        "name": "Мајчин Дом",
        "@geometry": "center"
      },
      "geometry": {
        "type": "Point",
        "coordinates": [
          21.4621383,
          41.9890402
        ]
      },
      "id": "way/38002612"
    },
    {
      "type": "Feature",
      "properties": {
        "@id": "way/38071329",
        "amenity": "school",
        "name": "ООУ Наум Наумовски Борче",
        "@geometry": "center"
      },
      "geometry": {
        "type": "Point",
        "coordinates": [
          21.4994286,
          41.9987605
        ]
      },
      "id": "way/38071329"
    },
    {
      "type": "Feature",
      "properties": {
        "@id": "way/38082546",
        "addr:city": "Cкoпje",
        "addr:city:en": "Skopje",
        "addr:country": "MK",
        "addr:housenumber": "44",
        "addr:postcode": "1000",
        "addr:street": "Миле Поп Јорданов",
        "addr:street:en": "Mile Pop Jordanov",
        "amenity": "hospital",
        "building": "yes",
        "name": "Рес Хумана ординација",
        "@geometry": "center"
      },
      "geometry": {
        "type": "Point",
        "coordinates": [
          21.4049758,
          41.9948975
        ]
      },
      "id": "way/38082546"
    },
    {
      "type": "Feature",
      "properties": {
        "@id": "way/38317780",
        "amenity": "hospital",
        "building": "yes",
        "healthcare": "hospital",
        "int_name": "Zdravstven Dom",
        "name": "Здравствен Дом",
        "@geometry": "center"
      },
      "geometry": {
        "type": "Point",
        "coordinates": [
          21.3353422,
          41.0328679
        ]
      },
      "id": "way/38317780"
    },
    {
      "type": "Feature",
      "properties": {
        "@id": "way/39303517",
        "addr:city": "Cкoпje",
        "addr:housenumber": "2",
        "addr:postcode": "1000",
        "addr:street": "Васко Карангелевски",
        "amenity": "school",
        "name": "ОУГС Љубен Лапе",
        "@geometry": "center"
      },
      "geometry": {
        "type": "Point",
        "coordinates": [
          21.4600028,
          41.9845851
        ]
      },
      "id": "way/39303517"
    },
    {
      "type": "Feature",
      "properties": {
        "@id": "way/39468958",
        "amenity": "school",
        "int_name": "OU Nikola Karev",
        "name": "ОУ Никола Карев",
        "name:en": "OU Nikola Karev",
        "@geometry": "center"
      },
      "geometry": {
        "type": "Point",
        "coordinates": [
          22.413395,
          41.9136831
        ]
      },
      "id": "way/39468958"
    },
    {
      "type": "Feature",
      "properties": {
        "@id": "way/40038629",
        "amenity": "courthouse",
        "building": "yes",
        "int_name": "Osnoven Sud Prilep",
        "name": "Основен Суд Прилеп",
        "wheelchair": "yes",
        "@geometry": "center"
      },
      "geometry": {
        "type": "Point",
        "coordinates": [
          21.5476677,
          41.3428671
        ]
      },
      "id": "way/40038629"
    },
    {
      "type": "Feature",
      "properties": {
        "@id": "way/43362987",
        "amenity": "school",
        "name": "СУГС Арсениј Јовков",
        "@geometry": "center"
      },
      "geometry": {
        "type": "Point",
        "coordinates": [
          21.44303,
          42.0227827
        ]
      },
      "id": "way/43362987"
    },
    {
      "type": "Feature",
      "properties": {
        "@id": "way/43676177",
        "amenity": "school",
        "name": "ОУ Адем Јашари",
        "name1": "7-ми Март",
        "@geometry": "center"
      },
      "geometry": {
        "type": "Point",
        "coordinates": [
          21.4380416,
          42.0111173
        ]
      },
      "id": "way/43676177"
    },
    {
      "type": "Feature",
      "properties": {
        "@id": "way/43682131",
        "amenity": "school",
        "int_name": "Kemal Jahija College",
        "name": "Ќемал Јахија",
        "@geometry": "center"
      },
      "geometry": {
        "type": "Point",
        "coordinates": [
          21.4411245,
          42.0300433
        ]
      },
      "id": "way/43682131"
    },
    {
      "type": "Feature",
      "properties": {
        "@id": "way/54037881",
        "addr:city": "Cкoпje",
        "addr:city:en": "Skopje",
        "addr:country": "MK",
        "addr:housenumber": "23",
        "addr:postcode": "1000",
        "addr:street": "Варшавска",
        "amenity": "school",
        "barrier": "fence",
        "fax": "+389 2 3074169",
        "fence_type": "metal",
        "int_name": "YKC Elementary Skopje",
        "name": "ПСУ „Јахја Кемал“",
        "operator": "Yahya Kemal College",
        "phone": "+389 2 3074168",
        "surveillance:type": "guard",
        "surveillance:zone": "building",
        "website": "https://ykc.edu.mk/",
        "wikipedia": "en:Yahya Kemal College",
        "@geometry": "center"
      },
      "geometry": {
        "type": "Point",
        "coordinates": [
          21.3926855,
          42.0009715
        ]
      },
      "id": "way/54037881"
    },
    {
      "type": "Feature",
      "properties": {
        "@id": "way/86818741",
        "amenity": "school",
        "name": "Brotherhood and Unity",
        "@geometry": "center"
      },
      "geometry": {
        "type": "Point",
        "coordinates": [
          20.9110971,
          41.79096
        ]
      },
      "id": "way/86818741"
    },
    {
      "type": "Feature",
      "properties": {
        "@id": "way/87495629",
        "amenity": "townhall",
        "building": "yes",
        "name": "Општинска управа на Тетово",
        "name:en": "Municipality of Tetovo",
        "@geometry": "center"
      },
      "geometry": {
        "type": "Point",
        "coordinates": [
          20.9735571,
          42.0065649
        ]
      },
      "id": "way/87495629"
    },
    {
      "type": "Feature",
      "properties": {
        "@id": "way/121167696",
        "amenity": "school",
        "name": "О.У. Страшо Пинџур",
        "@geometry": "center"
      },
      "geometry": {
        "type": "Point",
        "coordinates": [
          21.3547045,
          42.0178599
        ]
      },
      "id": "way/121167696"
    },
    {
      "type": "Feature",
      "properties": {
        "@id": "way/122868894",
        "addr:city": "Cкoпje",
        "addr:city:en": "Skopje",
        "addr:country": "MK",
        "addr:housenumber": "47",
        "addr:postcode": "1000",
        "addr:street": "Франклин Рузвелт",
        "alt_name": "Медиа Арт Студио",
        "amenity": "school",
        "building": "school",
        "description": "Kindergarten and elementary school. Center for Languages",
        "int_name": "Media Art Centar",
        "name": "Медиа Арт Студио",
        "name:en": "Media Art Studio",
        "old_name": "Media Art Studio",
        "source": "Bing",
        "@geometry": "center"
      },
      "geometry": {
        "type": "Point",
        "coordinates": [
          21.4129186,
          42.0002296
        ]
      },
      "id": "way/122868894"
    },
    {
      "type": "Feature",
      "properties": {
        "@id": "way/122885860",
        "addr:city": "Cкoпje",
        "addr:city:en": "Skopje",
        "addr:country": "MK",
        "addr:housenumber": "15",
        "addr:postcode": "1000",
        "addr:street": "Киро Крстевски Платник",
        "amenity": "school",
        "building": "yes",
        "name": "Средно уметничко училиште „Лазар Личеновски“",
        "@geometry": "center"
      },
      "geometry": {
        "type": "Point",
        "coordinates": [
          21.4207442,
          41.995548
        ]
      },
      "id": "way/122885860"
    },
    {
      "type": "Feature",
      "properties": {
        "@id": "way/126355598",
        "alt_name": "Систина",
        "amenity": "hospital",
        "name": "Клиничка Болница Аџибадем Систина",
        "name:en": "Acibadem Sistina Hospital",
        "@geometry": "center"
      },
      "geometry": {
        "type": "Point",
        "coordinates": [
          21.4045033,
          42.014056
        ]
      },
      "id": "way/126355598"
    },
    {
      "type": "Feature",
      "properties": {
        "@id": "way/131547185",
        "addr:city": "Cкoпje",
        "addr:city:en": "Skopje",
        "addr:country": "MK",
        "addr:postcode": "1000",
        "amenity": "courthouse",
        "building": "construction",
        "int_name": "Krivičen Sud",
        "name": "Кривичен Суд",
        "name:en": "Criminal Court",
        "@geometry": "center"
      },
      "geometry": {
        "type": "Point",
        "coordinates": [
          21.442654,
          41.998253
        ]
      },
      "id": "way/131547185"
    },
    {
      "type": "Feature",
      "properties": {
        "@id": "way/144060294",
        "addr:city": "Kriva Palanka",
        "addr:postcode": "1330",
        "addr:street": "Свети Јоаким Осоговски",
        "amenity": "school",
        "name": "Партизан",
        "@geometry": "center"
      },
      "geometry": {
        "type": "Point",
        "coordinates": [
          22.3357029,
          42.20573
        ]
      },
      "id": "way/144060294"
    },
    {
      "type": "Feature",
      "properties": {
        "@id": "way/144060298",
        "addr:city": "Kriva Palanka",
        "addr:postcode": "1330",
        "addr:street": "Sveti Joakim Osogovski",
        "amenity": "school",
        "name": "OU Joakim Krchovski",
        "@geometry": "center"
      },
      "geometry": {
        "type": "Point",
        "coordinates": [
          22.3343476,
          42.2036088
        ]
      },
      "id": "way/144060298"
    },
    {
      "type": "Feature",
      "properties": {
        "@id": "way/146849628",
        "amenity": "school",
        "int_name": "Vuk Karadzhikj / Naim Frasheri",
        "name": "Vuk Karadzhikj / Naim Frasheri",
        "@geometry": "center"
      },
      "geometry": {
        "type": "Point",
        "coordinates": [
          21.7096697,
          42.1308788
        ]
      },
      "id": "way/146849628"
    },
    {
      "type": "Feature",
      "properties": {
        "@id": "way/152627805",
        "addr:housename": "Krste Misirkov / Braca Miladinovci",
        "addr:housenumber": "43",
        "addr:postcode": "1300",
        "addr:street": "Народна Револуција",
        "amenity": "school",
        "int_name": "Krste Misirkov / Braca Miladinovci",
        "layer": "1",
        "name": "Крсте Мисирков / Браќа Миладиновци",
        "@geometry": "center"
      },
      "geometry": {
        "type": "Point",
        "coordinates": [
          21.7195905,
          42.1327192
        ]
      },
      "id": "way/152627805"
    },
    {
      "type": "Feature",
      "properties": {
        "@id": "way/152822002",
        "amenity": "hospital",
        "emergency": "no",
        "healthcare": "hospital",
        "name": "Плодност",
        "@geometry": "center"
      },
      "geometry": {
        "type": "Point",
        "coordinates": [
          21.316255,
          41.0213074
        ]
      },
      "id": "way/152822002"
    },
    {
      "type": "Feature",
      "properties": {
        "@id": "way/156845666",
        "amenity": "school",
        "int_name": "Goce Delcev",
        "name": "Гоце Делчев",
        "@geometry": "center"
      },
      "geometry": {
        "type": "Point",
        "coordinates": [
          21.7217365,
          42.1318883
        ]
      },
      "id": "way/156845666"
    },
    {
      "type": "Feature",
      "properties": {
        "@id": "way/158940804",
        "amenity": "school",
        "building": "school",
        "name": "Гимназија Кочо Рацин",
        "@geometry": "center"
      },
      "geometry": {
        "type": "Point",
        "coordinates": [
          21.7732488,
          41.7176115
        ]
      },
      "id": "way/158940804"
    },
    {
      "type": "Feature",
      "properties": {
        "@id": "way/159157797",
        "amenity": "school",
        "building": "yes",
        "name": "Музичко О.У. “Киро Димов“",
        "@geometry": "center"
      },
      "geometry": {
        "type": "Point",
        "coordinates": [
          21.7828867,
          41.7185645
        ]
      },
      "id": "way/159157797"
    },
    {
      "type": "Feature",
      "properties": {
        "@id": "way/160554124",
        "amenity": "hospital",
        "emergency": "yes",
        "int_name": "Bolnica",
        "layer": "1",
        "name": "Болница",
        "@geometry": "center"
      },
      "geometry": {
        "type": "Point",
        "coordinates": [
          21.7090381,
          42.1370014
        ]
      },
      "id": "way/160554124"
    },
    {
      "type": "Feature",
      "properties": {
        "@id": "way/160554125",
        "amenity": "hospital",
        "building": "yes",
        "emergency": "yes",
        "int_name": "Urgenten Centar",
        "layer": "2",
        "name": "Ургентен Центар",
        "@geometry": "center"
      },
      "geometry": {
        "type": "Point",
        "coordinates": [
          21.7082219,
          42.1362235
        ]
      },
      "id": "way/160554125"
    },
    {
      "type": "Feature",
      "properties": {
        "@id": "way/160554145",
        "amenity": "hospital",
        "building": "yes",
        "int_name": "Bolnica",
        "name": "Болница",
        "@geometry": "center"
      },
      "geometry": {
        "type": "Point",
        "coordinates": [
          21.7087297,
          42.1363726
        ]
      },
      "id": "way/160554145"
    },
    {
      "type": "Feature",
      "properties": {
        "@id": "way/161446981",
        "amenity": "courthouse",
        "building": "public",
        "int_name": "Osnoven Sud",
        "name": "Основен Суд",
        "@geometry": "center"
      },
      "geometry": {
        "type": "Point",
        "coordinates": [
          21.7165283,
          42.1372596
        ]
      },
      "id": "way/161446981"
    },
    {
      "type": "Feature",
      "properties": {
        "@id": "way/161447165",
        "addr:postcode": "1300",
        "addr:street": "11 Октомври",
        "amenity": "townhall",
        "building": "public",
        "int_name": "Municipality Kumanovo",
        "name": "Општина Куманово",
        "@geometry": "center"
      },
      "geometry": {
        "type": "Point",
        "coordinates": [
          21.7158684,
          42.1373863
        ]
      },
      "id": "way/161447165"
    },
    {
      "type": "Feature",
      "properties": {
        "@id": "way/161578643",
        "amenity": "hospital",
        "int_name": "Zdravstven Dom",
        "name": "Здравствен дом",
        "@geometry": "center"
      },
      "geometry": {
        "type": "Point",
        "coordinates": [
          21.7169355,
          42.1352181
        ]
      },
      "id": "way/161578643"
    },
    {
      "type": "Feature",
      "properties": {
        "@id": "way/163003853",
        "addr:city": "Cкoпje",
        "addr:city:en": "Skopje",
        "addr:country": "MK",
        "addr:postcode": "1000",
        "amenity": "school",
        "building": "yes",
        "name": "ОУ „Кузман Јосифовски - Питу “",
        "@geometry": "center"
      },
      "geometry": {
        "type": "Point",
        "coordinates": [
          21.4316584,
          41.9828559
        ]
      },
      "id": "way/163003853"
    },
    {
      "type": "Feature",
      "properties": {
        "@id": "way/163004660",
        "amenity": "school",
        "name": "ОУГС Народен херој Кузман Јосифоски-Питу",
        "@geometry": "center"
      },
      "geometry": {
        "type": "Point",
        "coordinates": [
          21.4323628,
          41.9869025
        ]
      },
      "id": "way/163004660"
    },
    {
      "type": "Feature",
      "properties": {
        "@id": "way/164191033",
        "addr:city": "Cкoпje",
        "addr:city:en": "Skopje",
        "addr:country": "MK",
        "addr:postcode": "1000",
        "addr:street": "Коста Шахов",
        "amenity": "hospital",
        "building": "yes",
        "healthcare": "hospital",
        "name": "Студентска Амбуланта",
        "opening_hours": "Mo-Fr 08:00-20:00; Sa 07:00-12:00",
        "phone": "071 392 991;023130159",
        "wheelchair": "limited",
        "@geometry": "center"
      },
      "geometry": {
        "type": "Point",
        "coordinates": [
          21.4234575,
          41.9956821
        ]
      },
      "id": "way/164191033"
    },
    {
      "type": "Feature",
      "properties": {
        "@id": "way/166530604",
        "amenity": "police",
        "building": "public",
        "int_name": "Policiska Stanica",
        "name": "Полициска Станица",
        "@geometry": "center"
      },
      "geometry": {
        "type": "Point",
        "coordinates": [
          21.7161244,
          42.137797
        ]
      },
      "id": "way/166530604"
    },
    {
      "type": "Feature",
      "properties": {
        "@id": "way/166533340",
        "amenity": "school",
        "building": "yes",
        "int_name": "Osnovno uciliste \"Koco Racin\" ",
        "name": "СОсновно училиште „Кочо Рацин“",
        "website": "http://ooukocoracinku.edu.mk",
        "@geometry": "center"
      },
      "geometry": {
        "type": "Point",
        "coordinates": [
          21.7338819,
          42.1189539
        ]
      },
      "id": "way/166533340"
    },
    {
      "type": "Feature",
      "properties": {
        "@id": "way/174273487",
        "addr:city": "Cкoпje",
        "addr:housenumber": "9",
        "addr:postcode": "1000",
        "addr:street": "Руѓер Бошковиќ",
        "amenity": "school",
        "barrier": "fence",
        "check_date": "2024-08-26",
        "email": "oou.veraciriviri@gmail.com",
        "grades": "1-9",
        "name": "ОУ „Вера Циривири Трена“",
        "phone": "+38923068507;+38923073069",
        "religion": "none",
        "website": "http://veraciriviritrena.edu.mk/",
        "@geometry": "center"
      },
      "geometry": {
        "type": "Point",
        "coordinates": [
          21.4087699,
          42.0036331
        ]
      },
      "id": "way/174273487"
    },
    {
      "type": "Feature",
      "properties": {
        "@id": "way/174342545",
        "amenity": "school",
        "name": "О.У „Ацо Шопов“",
        "@geometry": "center"
      },
      "geometry": {
        "type": "Point",
        "coordinates": [
          21.4521691,
          42.0623645
        ]
      },
      "id": "way/174342545"
    },
    {
      "type": "Feature",
      "properties": {
        "@id": "way/174464034",
        "addr:city": "Cкoпje",
        "addr:housenumber": "5",
        "addr:postcode": "1000",
        "addr:street": "Владимир Комаров",
        "amenity": "school",
        "name": "ОУ „Браќа Миладиновци“",
        "@geometry": "center"
      },
      "geometry": {
        "type": "Point",
        "coordinates": [
          21.4512855,
          41.9913277
        ]
      },
      "id": "way/174464034"
    },
    {
      "type": "Feature",
      "properties": {
        "@id": "way/174471972",
        "addr:city": "Cкoпje",
        "addr:housenumber": "4",
        "addr:postcode": "1000",
        "addr:street": "Венијамин Мачуковски",
        "amenity": "school",
        "name": "ОУ „Блаже Конески“",
        "@geometry": "center"
      },
      "geometry": {
        "type": "Point",
        "coordinates": [
          21.4499989,
          41.9867408
        ]
      },
      "id": "way/174471972"
    },
    {
      "type": "Feature",
      "properties": {
        "@id": "way/174481179",
        "addr:city": "Cкoпje",
        "addr:housenumber": "17",
        "addr:postcode": "1000",
        "addr:street": "Булевар Кочо Рацин",
        "amenity": "school",
        "building": "yes",
        "capacity": "600",
        "grades": "0-9",
        "name": "ОУ „Димитар Миладинов“",
        "operator": "Општина Центар",
        "operator:type": "public",
        "website": "https://ooudimitarmiladinov.edu.mk/",
        "@geometry": "center"
      },
      "geometry": {
        "type": "Point",
        "coordinates": [
          21.4347755,
          41.989222
        ]
      },
      "id": "way/174481179"
    },
    {
      "type": "Feature",
      "properties": {
        "@id": "way/175097886",
        "addr:city": "Скопје",
        "addr:housenumber": "57",
        "addr:postcode": "1000",
        "addr:street": "Гемиџиска",
        "amenity": "school",
        "name": "ОУ Глигор Прличев",
        "@geometry": "center"
      },
      "geometry": {
        "type": "Point",
        "coordinates": [
          21.4588957,
          42.0146285
        ]
      },
      "id": "way/175097886"
    },
    {
      "type": "Feature",
      "properties": {
        "@id": "way/175109039",
        "amenity": "school",
        "name": "СУ Панче Арсовски",
        "@geometry": "center"
      },
      "geometry": {
        "type": "Point",
        "coordinates": [
          21.4645572,
          42.0061261
        ]
      },
      "id": "way/175109039"
    },
    {
      "type": "Feature",
      "properties": {
        "@id": "way/175160535",
        "addr:city": "Cкoпje",
        "addr:city:en": "Skopje",
        "addr:country": "MK",
        "addr:housenumber": "2",
        "addr:postcode": "1000",
        "addr:street": "Архимедова",
        "amenity": "townhall",
        "building": "public",
        "contact:website": "http://www.gazibaba.gov.mk/",
        "name": "Општина Гази Баба",
        "name:en": "Municipality of Gazi Baba",
        "office": "government",
        "@geometry": "center"
      },
      "geometry": {
        "type": "Point",
        "coordinates": [
          21.4523308,
          42.0000136
        ]
      },
      "id": "way/175160535"
    },
    {
      "type": "Feature",
      "properties": {
        "@id": "way/175160544",
        "addr:city": "Cкoпje",
        "addr:city:en": "Skopje",
        "addr:country": "MK",
        "addr:postcode": "1000",
        "amenity": "hospital",
        "building": "office",
        "healthcare": "hospital",
        "name": "Амбуланта Авткоманда",
        "@geometry": "center"
      },
      "geometry": {
        "type": "Point",
        "coordinates": [
          21.4660123,
          42.0049583
        ]
      },
      "id": "way/175160544"
    },
    {
      "type": "Feature",
      "properties": {
        "@id": "way/175199070",
        "amenity": "school",
        "barrier": "fence",
        "fence_type": "bars",
        "name": "ОУ Владо Тасевски",
        "@geometry": "center"
      },
      "geometry": {
        "type": "Point",
        "coordinates": [
          21.3959781,
          41.9961948
        ]
      },
      "id": "way/175199070"
    },
    {
      "type": "Feature",
      "properties": {
        "@id": "way/175202015",
        "amenity": "school",
        "barrier": "fence",
        "email": "ltanev@hotmail.com",
        "fax": "+389 2 3085036",
        "name": "Средно угостителско училиште \"Лазар Танев\"",
        "name:en": "Public secondary school for catering and tourism \"Lazar Tanev\"",
        "phone": "+389 2 3085035;+389 2 3086292",
        "website": "http://www.lazartanev.edu.mk/zanas.html",
        "@geometry": "center"
      },
      "geometry": {
        "type": "Point",
        "coordinates": [
          21.3994475,
          41.993194
        ]
      },
      "id": "way/175202015"
    },
    {
      "type": "Feature",
      "properties": {
        "@id": "way/175293043",
        "addr:city": "Cкoпje",
        "addr:city:en": "Skopje",
        "addr:country": "MK",
        "addr:postcode": "1000",
        "amenity": "hospital",
        "building": "yes",
        "name": "Ремедика",
        "name:en": "ReMedica",
        "@geometry": "center"
      },
      "geometry": {
        "type": "Point",
        "coordinates": [
          21.459654,
          42.0081845
        ]
      },
      "id": "way/175293043"
    },
    {
      "type": "Feature",
      "properties": {
        "@id": "way/175293044",
        "addr:city": "Cкoпje",
        "addr:city:en": "Skopje",
        "addr:country": "MK",
        "addr:postcode": "1000",
        "amenity": "hospital",
        "building": "yes",
        "name": "Поликлиника Железара",
        "name:en": "Polyclinic Železara",
        "@geometry": "center"
      },
      "geometry": {
        "type": "Point",
        "coordinates": [
          21.4594169,
          42.00864
        ]
      },
      "id": "way/175293044"
    },
    {
      "type": "Feature",
      "properties": {
        "@id": "way/175398193",
        "amenity": "school",
        "barrier": "fence",
        "name": "ОУ Кирил и Методиј",
        "@geometry": "center"
      },
      "geometry": {
        "type": "Point",
        "coordinates": [
          21.4389268,
          41.9973786
        ]
      },
      "id": "way/175398193"
    },
    {
      "type": "Feature",
      "properties": {
        "@id": "way/175407559",
        "addr:city": "Cкoпje",
        "addr:city:en": "Skopje",
        "addr:country": "MK",
        "addr:postcode": "1000",
        "amenity": "courthouse",
        "building": "public",
        "name": "Основен Суд 2",
        "@geometry": "center"
      },
      "geometry": {
        "type": "Point",
        "coordinates": [
          21.4414112,
          41.9982062
        ]
      },
      "id": "way/175407559"
    },
    {
      "type": "Feature",
      "properties": {
        "@id": "way/175407566",
        "addr:city": "Cкoпje",
        "addr:city:en": "Skopje",
        "addr:country": "MK",
        "addr:postcode": "1000",
        "amenity": "courthouse",
        "building": "public",
        "name": "Основен суд 1",
        "@geometry": "center"
      },
      "geometry": {
        "type": "Point",
        "coordinates": [
          21.4420223,
          41.9982144
        ]
      },
      "id": "way/175407566"
    },
    {
      "type": "Feature",
      "properties": {
        "@id": "way/175428047",
        "amenity": "school",
        "name": "ОУГС Стефан Наумов-Стив",
        "name:en": "Stefan Naumov-Stiv HSCS",
        "name:mk": "ОУГС Стефан Наумов-Стив",
        "@geometry": "center"
      },
      "geometry": {
        "type": "Point",
        "coordinates": [
          21.4661397,
          42.0034817
        ]
      },
      "id": "way/175428047"
    },
    {
      "type": "Feature",
      "properties": {
        "@id": "way/175441982",
        "addr:city": "Cкoпje",
        "addr:city:en": "Skopje",
        "addr:country": "MK",
        "addr:housenumber": "бб",
        "addr:postcode": "1000",
        "addr:street": "Јани Лукровски",
        "amenity": "police",
        "building": "yes",
        "int_name": "Police Station - Gazi Baba",
        "name": "Полициска станица Гази Баба",
        "@geometry": "center"
      },
      "geometry": {
        "type": "Point",
        "coordinates": [
          21.463513,
          42.0031468
        ]
      },
      "id": "way/175441982"
    },
    {
      "type": "Feature",
      "properties": {
        "@id": "way/175451781",
        "addr:city": "Cкoпje",
        "addr:housenumber": "102",
        "addr:postcode": "1000",
        "addr:street": "Мирче Ацев",
        "alt_name": "ОУ 11-ти Октомври;OU 11-ti Oktomvri",
        "amenity": "school",
        "int_name": "OU 11 Oktomvri",
        "name": "ОУ 11 Октомври",
        "website": "https://oou11oktomvricentar.edu.mk/",
        "@geometry": "center"
      },
      "geometry": {
        "type": "Point",
        "coordinates": [
          21.4406176,
          41.9891952
        ]
      },
      "id": "way/175451781"
    },
    {
      "type": "Feature",
      "properties": {
        "@id": "way/175451783",
        "amenity": "police",
        "int_name": "Policiska Stanica Kisela Voda",
        "name": "Полициска Станица Кисела Вода",
        "name:en": "Police Station Kisela Voda",
        "@geometry": "center"
      },
      "geometry": {
        "type": "Point",
        "coordinates": [
          21.4390679,
          41.9900759
        ]
      },
      "id": "way/175451783"
    },
    {
      "type": "Feature",
      "properties": {
        "@id": "way/175451790",
        "amenity": "school",
        "check_date": "2024-12-06",
        "name": "СУГС „Раде Јовчевски - Корчагин“",
        "@geometry": "center"
      },
      "geometry": {
        "type": "Point",
        "coordinates": [
          21.4380952,
          41.9905758
        ]
      },
      "id": "way/175451790"
    },
    {
      "type": "Feature",
      "properties": {
        "@id": "way/175513097",
        "addr:city": "Cкoпje",
        "addr:city:en": "Skopje",
        "addr:country": "MK",
        "addr:housenumber": "1",
        "addr:postcode": "1000",
        "addr:street": "Михаил Цоков",
        "amenity": "townhall",
        "name": "Општина Центар",
        "@geometry": "center"
      },
      "geometry": {
        "type": "Point",
        "coordinates": [
          21.4211544,
          42.0023063
        ]
      },
      "id": "way/175513097"
    },
    {
      "type": "Feature",
      "properties": {
        "@id": "way/175516639",
        "addr:city": "Cкoпje",
        "addr:city:en": "Skopje",
        "addr:country": "MK",
        "addr:postcode": "1000",
        "amenity": "hospital",
        "building": "yes",
        "emergency": "yes",
        "name": "Поликлиника Идадија - Млин Балкан",
        "@geometry": "center"
      },
      "geometry": {
        "type": "Point",
        "coordinates": [
          21.4205342,
          41.9951591
        ]
      },
      "id": "way/175516639"
    },
    {
      "type": "Feature",
      "properties": {
        "@id": "way/175519127",
        "addr:city": "Cкoпje",
        "addr:housenumber": "101",
        "addr:postcode": "1000",
        "addr:street": "Булевар Илинден",
        "amenity": "school",
        "email": "info@on.edu.mk",
        "name": "СУГС Гимназија \"Орце Николов\"",
        "phone": "+389 2 3065 555",
        "start_date": "1973",
        "website": "https://orcenikolov.edu.mk/",
        "@geometry": "center"
      },
      "geometry": {
        "type": "Point",
        "coordinates": [
          21.4124797,
          42.0061474
        ]
      },
      "id": "way/175519127"
    },
    {
      "type": "Feature",
      "properties": {
        "@id": "way/175884915",
        "addr:city": "Cкoпje",
        "addr:housenumber": "7",
        "addr:postcode": "1000",
        "addr:street": "Коста Абрашевиќ",
        "amenity": "school",
        "name": "ООУ Хасан Приштина",
        "name:en": "Hasan Prishtina Elementary school",
        "name:mk": "ООУ Хасан Приштина",
        "old_name": "ОУ Цветан Димов",
        "phone": "022621055",
        "website": "https://hasanprishtina.edu.mk/",
        "@geometry": "center"
      },
      "geometry": {
        "type": "Point",
        "coordinates": [
          21.441656,
          42.0104452
        ]
      },
      "id": "way/175884915"
    },
    {
      "type": "Feature",
      "properties": {
        "@id": "way/175888054",
        "amenity": "school",
        "name": "ОУ Васил Главинов",
        "@geometry": "center"
      },
      "geometry": {
        "type": "Point",
        "coordinates": [
          21.4332456,
          42.0134211
        ]
      },
      "id": "way/175888054"
    },
    {
      "type": "Feature",
      "properties": {
        "@id": "way/175889734",
        "amenity": "school",
        "name": "СУГС Цветан Димов",
        "@geometry": "center"
      },
      "geometry": {
        "type": "Point",
        "coordinates": [
          21.4376105,
          42.0139402
        ]
      },
      "id": "way/175889734"
    },
    {
      "type": "Feature",
      "properties": {
        "@id": "way/175890712",
        "amenity": "school",
        "name": "ОУ Рајко Жинзифов",
        "@geometry": "center"
      },
      "geometry": {
        "type": "Point",
        "coordinates": [
          21.4335628,
          42.0196768
        ]
      },
      "id": "way/175890712"
    },
    {
      "type": "Feature",
      "properties": {
        "@id": "way/175892204",
        "addr:street": "Втора Македонска Бригада",
        "amenity": "hospital",
        "name": "Поликлиника Чаир",
        "@geometry": "center"
      },
      "geometry": {
        "type": "Point",
        "coordinates": [
          21.4443418,
          42.0209003
        ]
      },
      "id": "way/175892204"
    },
    {
      "type": "Feature",
      "properties": {
        "@id": "way/175892208",
        "amenity": "school",
        "name": "ОУ Петар Здравковски Пенко",
        "@geometry": "center"
      },
      "geometry": {
        "type": "Point",
        "coordinates": [
          21.4428672,
          42.0219663
        ]
      },
      "id": "way/175892208"
    },
    {
      "type": "Feature",
      "properties": {
        "@id": "way/175896358",
        "amenity": "school",
        "name": "Завод за рехабилитација на деца и младинци „Топанско поле“",
        "@geometry": "center"
      },
      "geometry": {
        "type": "Point",
        "coordinates": [
          21.4354433,
          42.0230019
        ]
      },
      "id": "way/175896358"
    },
    {
      "type": "Feature",
      "properties": {
        "@id": "way/175896365",
        "amenity": "school",
        "name": "СУГС Зефљуш Марку",
        "@geometry": "center"
      },
      "geometry": {
        "type": "Point",
        "coordinates": [
          21.4350155,
          42.0243618
        ]
      },
      "id": "way/175896365"
    },
    {
      "type": "Feature",
      "properties": {
        "@id": "way/175897525",
        "amenity": "school",
        "name": "ОУ Панајот Гиновски",
        "@geometry": "center"
      },
      "geometry": {
        "type": "Point",
        "coordinates": [
          21.4517927,
          42.0208223
        ]
      },
      "id": "way/175897525"
    },
    {
      "type": "Feature",
      "properties": {
        "@id": "way/175898988",
        "addr:street": "Булевар Цветан Димов",
        "amenity": "school",
        "name": "ОУ Лирија",
        "@geometry": "center"
      },
      "geometry": {
        "type": "Point",
        "coordinates": [
          21.4444587,
          42.0085571
        ]
      },
      "id": "way/175898988"
    },
    {
      "type": "Feature",
      "properties": {
        "@id": "way/175903378",
        "amenity": "school",
        "name": "ОУ Тефјуз",
        "@geometry": "center"
      },
      "geometry": {
        "type": "Point",
        "coordinates": [
          21.4432038,
          42.0048656
        ]
      },
      "id": "way/175903378"
    },
    {
      "type": "Feature",
      "properties": {
        "@id": "way/175905539",
        "addr:city": "Cкoпje",
        "addr:city:en": "Skopje",
        "addr:country": "MK",
        "addr:housenumber": "3",
        "addr:postcode": "1000",
        "addr:street": "Коста Абрашевиќ",
        "amenity": "hospital",
        "building": "yes",
        "contact:phone": "+38922600801",
        "healthcare": "hospital",
        "name": "Гинеколошко акушерска болница-Чаир ''Мајка Тереза'''",
        "@geometry": "center"
      },
      "geometry": {
        "type": "Point",
        "coordinates": [
          21.4396952,
          42.010811
        ]
      },
      "id": "way/175905539"
    },
    {
      "type": "Feature",
      "properties": {
        "@id": "way/175912096",
        "addr:street": "Втора Македонска Бригада",
        "amenity": "school",
        "name": "ОУ Иднина",
        "@geometry": "center"
      },
      "geometry": {
        "type": "Point",
        "coordinates": [
          21.4462027,
          42.0208292
        ]
      },
      "id": "way/175912096"
    },
    {
      "type": "Feature",
      "properties": {
        "@id": "way/175912099",
        "addr:city": "Cкoпje",
        "addr:city:en": "Skopje",
        "addr:postcode": "1000",
        "addr:street": "Булевар Христијан Тодоровски Карпош",
        "amenity": "townhall",
        "name": "Општина Чаир",
        "name:sh": "Komuna e Çairit",
        "@geometry": "center"
      },
      "geometry": {
        "type": "Point",
        "coordinates": [
          21.4480945,
          42.0206371
        ]
      },
      "id": "way/175912099"
    },
    {
      "type": "Feature",
      "properties": {
        "@id": "way/175912102",
        "addr:city": "Cкoпje",
        "addr:housenumber": "29",
        "addr:postcode": "1000",
        "addr:street": "Ferid Zairi",
        "amenity": "school",
        "name": "ООУ Имри Елези",
        "name:en": "OOU Imri Elezi",
        "name:mk": "ООУ Имри Елези",
        "old_name": "ОУ Никола Вапцаров",
        "@geometry": "center"
      },
      "geometry": {
        "type": "Point",
        "coordinates": [
          21.4410866,
          42.0160487
        ]
      },
      "id": "way/175912102"
    },
    {
      "type": "Feature",
      "properties": {
        "@id": "way/175915277",
        "addr:housename": "124",
        "addr:street": "Прохор Пчински",
        "amenity": "school",
        "name": "ОУ Јашар Беј Шкупи",
        "@geometry": "center"
      },
      "geometry": {
        "type": "Point",
        "coordinates": [
          21.4362645,
          42.0052312
        ]
      },
      "id": "way/175915277"
    },
    {
      "type": "Feature",
      "properties": {
        "@id": "way/176156176",
        "addr:city": "Cкoпje",
        "addr:city:en": "Skopje",
        "addr:country": "MK",
        "addr:postcode": "1000",
        "addr:street": "Скупи",
        "amenity": "hospital",
        "building": "yes",
        "building:levels": "6",
        "email": "callcenter@acibademsistina.mk",
        "healthcare": "hospital",
        "name": "Acibadem Sistina Hospital",
        "name:en": "Acibadem Sistina Hospital",
        "name:sq": "spitali sistina",
        "operator": "Acıbadem",
        "operator:wikidata": "Q19610384",
        "operator:wikipedia": "en:Acıbadem Healthcare Group",
        "phone": "+389 2 3099500",
        "website": "https://www.acibademsistina.mk/",
        "@geometry": "center"
      },
      "geometry": {
        "type": "Point",
        "coordinates": [
          21.4039776,
          42.0140243
        ]
      },
      "id": "way/176156176"
    },
    {
      "type": "Feature",
      "properties": {
        "@id": "way/176173911",
        "amenity": "hospital",
        "name": "Завод за физикална медицина и рехабилитација",
        "@geometry": "center"
      },
      "geometry": {
        "type": "Point",
        "coordinates": [
          21.4134912,
          41.991511
        ]
      },
      "id": "way/176173911"
    },
    {
      "type": "Feature",
      "properties": {
        "@id": "way/176293213",
        "amenity": "hospital",
        "name": "Амбуланта Бутел",
        "@geometry": "center"
      },
      "geometry": {
        "type": "Point",
        "coordinates": [
          21.4456894,
          42.0306965
        ]
      },
      "id": "way/176293213"
    },
    {
      "type": "Feature",
      "properties": {
        "@id": "way/176293228",
        "addr:city": "Cкoпje",
        "addr:housenumber": "4",
        "addr:postcode": "1000",
        "addr:street": "Бутелска",
        "amenity": "townhall",
        "name": "Општина Бутел",
        "@geometry": "center"
      },
      "geometry": {
        "type": "Point",
        "coordinates": [
          21.4458274,
          42.0312237
        ]
      },
      "id": "way/176293228"
    },
    {
      "type": "Feature",
      "properties": {
        "@id": "way/176295164",
        "amenity": "school",
        "name": "ОУ Живко Брајковски",
        "@geometry": "center"
      },
      "geometry": {
        "type": "Point",
        "coordinates": [
          21.4469021,
          42.0309216
        ]
      },
      "id": "way/176295164"
    },
    {
      "type": "Feature",
      "properties": {
        "@id": "way/176504900",
        "amenity": "school",
        "barrier": "fence",
        "check_date": "2024-06-06",
        "fence_type": "metal",
        "name": "ОУ Војдан Чернодрински",
        "@geometry": "center"
      },
      "geometry": {
        "type": "Point",
        "coordinates": [
          21.4101523,
          41.9987542
        ]
      },
      "id": "way/176504900"
    },
    {
      "type": "Feature",
      "properties": {
        "@id": "way/176513052",
        "amenity": "school",
        "barrier": "fence",
        "fence_type": "bars",
        "name": "СУГС Георги Димитров",
        "@geometry": "center"
      },
      "geometry": {
        "type": "Point",
        "coordinates": [
          21.4019022,
          41.9997037
        ]
      },
      "id": "way/176513052"
    },
    {
      "type": "Feature",
      "properties": {
        "@id": "way/176720023",
        "amenity": "school",
        "email": "htkarpos@gmail.com",
        "name": "ОУ Христијан Тодоровски Карпош",
        "phone": "+389 (02) 3067-407",
        "website": "https://oouhtkarpos.edu.mk/",
        "@geometry": "center"
      },
      "geometry": {
        "type": "Point",
        "coordinates": [
          21.4131522,
          42.0042786
        ]
      },
      "id": "way/176720023"
    },
    {
      "type": "Feature",
      "properties": {
        "@id": "way/176720024",
        "addr:city": "Cкoпje",
        "addr:city:en": "Skopje",
        "addr:country": "MK",
        "addr:postcode": "1000",
        "amenity": "school",
        "building": "yes",
        "email": "info@csj.com.mk",
        "name": "Центар за странски јазици",
        "name:en": "Center for Foreign Languages",
        "phone": "+389 (0)2 306 77 83",
        "phone_2": "+389 (0)2 306 31 38",
        "website": "https://www.csj.com.mk/",
        "@geometry": "center"
      },
      "geometry": {
        "type": "Point",
        "coordinates": [
          21.4137622,
          42.0045613
        ]
      },
      "id": "way/176720024"
    },
    {
      "type": "Feature",
      "properties": {
        "@id": "way/176950874",
        "amenity": "hospital",
        "name": "Центар замедицинска рехабилитација Катлановска Бања",
        "@geometry": "center"
      },
      "geometry": {
        "type": "Point",
        "coordinates": [
          21.6936415,
          41.897801
        ]
      },
      "id": "way/176950874"
    },
    {
      "type": "Feature",
      "properties": {
        "@id": "way/177029322",
        "addr:city": "Cкoпje",
        "addr:city:en": "Skopje",
        "addr:country": "MK",
        "addr:housenumber": "27",
        "addr:postcode": "1000",
        "addr:street": "Прашка",
        "addr:street:en": "Prashka",
        "amenity": "school",
        "fax": "+389 2 3076 299",
        "name": "Меѓународни Училишта НОВА (основно училиште)",
        "name:en": "NOVA International Schools (Elementary & Middle School)",
        "phone": "+389 2 3061 807",
        "surveillance": "outdoor",
        "surveillance:type": "camera;guard",
        "surveillance:zone": "building",
        "website": "https://www.nova.edu.mk/",
        "wikipedia": "en:Nova International Schools",
        "@geometry": "center"
      },
      "geometry": {
        "type": "Point",
        "coordinates": [
          21.3942521,
          41.9985982
        ]
      },
      "id": "way/177029322"
    },
    {
      "type": "Feature",
      "properties": {
        "@id": "way/177120437",
        "amenity": "school",
        "name": "ОУ Димитар Беровски",
        "@geometry": "center"
      },
      "geometry": {
        "type": "Point",
        "coordinates": [
          21.3574815,
          42.003117
        ]
      },
      "id": "way/177120437"
    },
    {
      "type": "Feature",
      "properties": {
        "@id": "way/177122241",
        "amenity": "school",
        "name": "СУГС Кочо Рацин",
        "@geometry": "center"
      },
      "geometry": {
        "type": "Point",
        "coordinates": [
          21.3638121,
          42.0043695
        ]
      },
      "id": "way/177122241"
    },
    {
      "type": "Feature",
      "properties": {
        "@id": "way/177404394",
        "amenity": "hospital",
        "building": "yes",
        "healthcare": "hospital",
        "name": "Поликлиника Ченто",
        "@geometry": "center"
      },
      "geometry": {
        "type": "Point",
        "coordinates": [
          21.5043272,
          42.0055027
        ]
      },
      "id": "way/177404394"
    },
    {
      "type": "Feature",
      "properties": {
        "@id": "way/177405949",
        "amenity": "school",
        "int_name": "DUCOR Partenijа Zografski",
        "name": "ДУЦОР Партенија Зографски",
        "name:mk": "ДУЦОР Партенија Зографски",
        "@geometry": "center"
      },
      "geometry": {
        "type": "Point",
        "coordinates": [
          21.4817395,
          42.0029026
        ]
      },
      "id": "way/177405949"
    },
    {
      "type": "Feature",
      "properties": {
        "@id": "way/177461982",
        "amenity": "school",
        "name": "ОУ Климент Охридски",
        "@geometry": "center"
      },
      "geometry": {
        "type": "Point",
        "coordinates": [
          21.5262392,
          41.9305394
        ]
      },
      "id": "way/177461982"
    },
    {
      "type": "Feature",
      "properties": {
        "@id": "way/177490035",
        "amenity": "school",
        "name": "СУГС Браќа Миладиновци",
        "@geometry": "center"
      },
      "geometry": {
        "type": "Point",
        "coordinates": [
          21.5228952,
          41.9354534
        ]
      },
      "id": "way/177490035"
    },
    {
      "type": "Feature",
      "properties": {
        "@id": "way/177490041",
        "amenity": "school",
        "name": "ОУ Рајко Жинзифов",
        "@geometry": "center"
      },
      "geometry": {
        "type": "Point",
        "coordinates": [
          21.509944,
          41.9409409
        ]
      },
      "id": "way/177490041"
    },
    {
      "type": "Feature",
      "properties": {
        "@id": "way/177490044",
        "amenity": "school",
        "name": "ОУ Кузман Шапкарев",
        "@geometry": "center"
      },
      "geometry": {
        "type": "Point",
        "coordinates": [
          21.5220616,
          41.9412925
        ]
      },
      "id": "way/177490044"
    },
    {
      "type": "Feature",
      "properties": {
        "@id": "way/179417714",
        "amenity": "school",
        "name": "Средно Богословско Училиште ,,Св.Климент Охридски”",
        "@geometry": "center"
      },
      "geometry": {
        "type": "Point",
        "coordinates": [
          21.5250014,
          41.9307021
        ]
      },
      "id": "way/179417714"
    },
    {
      "type": "Feature",
      "properties": {
        "@id": "way/179481461",
        "addr:city": "Скопје",
        "addr:housenumber": "95",
        "addr:postcode": "1000",
        "addr:street": "Булевар Февруарски Поход",
        "amenity": "school",
        "name": "ОУ Лазо Ангеловски",
        "name:en": "OU Lazo Angelovski",
        "@geometry": "center"
      },
      "geometry": {
        "type": "Point",
        "coordinates": [
          21.4801674,
          41.983114
        ]
      },
      "id": "way/179481461"
    },
    {
      "type": "Feature",
      "properties": {
        "@id": "way/179747888",
        "amenity": "hospital",
        "healthcare": "hospital",
        "name": "Центар за Јавно Здравје - Пролет",
        "@geometry": "center"
      },
      "geometry": {
        "type": "Point",
        "coordinates": [
          21.4414967,
          41.9875112
        ]
      },
      "id": "way/179747888"
    },
    {
      "type": "Feature",
      "properties": {
        "@id": "way/179747905",
        "addr:street": "Булевар 3та Македонска Бригада",
        "amenity": "school",
        "barrier": "fence",
        "check_date": "2024-08-09",
        "fence_type": "metal",
        "name": "С.У.Г.С. Владо Тасевски",
        "old_name": "ПТТ",
        "@geometry": "center"
      },
      "geometry": {
        "type": "Point",
        "coordinates": [
          21.4613502,
          41.9779285
        ]
      },
      "id": "way/179747905"
    },
    {
      "type": "Feature",
      "properties": {
        "@id": "way/179790349",
        "amenity": "school",
        "name": "ОУ Невена Георгиева Дуња",
        "@geometry": "center"
      },
      "geometry": {
        "type": "Point",
        "coordinates": [
          21.4452441,
          41.9804094
        ]
      },
      "id": "way/179790349"
    },
    {
      "type": "Feature",
      "properties": {
        "@id": "way/182277628",
        "addr:city": "Cкoпje",
        "addr:city:en": "Skopje",
        "addr:country": "MK",
        "addr:housenumber": "3",
        "addr:postcode": "1000",
        "addr:street": "Иван Аговски",
        "amenity": "police",
        "building": "no",
        "int_name": "Policiska Stanica Karpoš 1",
        "name": "Полициска Станица Карпош 1",
        "name:en": "Police Station Karposh 1",
        "phone": "+38923068008",
        "@geometry": "center"
      },
      "geometry": {
        "type": "Point",
        "coordinates": [
          21.4111816,
          42.0022758
        ]
      },
      "id": "way/182277628"
    },
    {
      "type": "Feature",
      "properties": {
        "@id": "way/182458592",
        "addr:housenumber": "131",
        "addr:street": "4 Јули",
        "amenity": "school",
        "int_name": "OU Ǵorče Petrov",
        "name": "ОУ Ѓорче Петров",
        "name:en": "Gjorche Petrov",
        "@geometry": "center"
      },
      "geometry": {
        "type": "Point",
        "coordinates": [
          21.3368528,
          42.0077915
        ]
      },
      "id": "way/182458592"
    },
    {
      "type": "Feature",
      "properties": {
        "@id": "way/183794311",
        "amenity": "school",
        "int_name": "OU Sv. Kliment Ohridski",
        "name": "ОУ Св. Климент Охридски",
        "name:en": "OU Sv. Kliment Ohridski",
        "@geometry": "center"
      },
      "geometry": {
        "type": "Point",
        "coordinates": [
          22.3341079,
          41.883892
        ]
      },
      "id": "way/183794311"
    },
    {
      "type": "Feature",
      "properties": {
        "@id": "way/183837444",
        "addr:housename": "95",
        "addr:street": "Тодосија Паунов",
        "amenity": "school",
        "int_name": "OU Malina Popivanova",
        "name": "ОУ Малина Попиванова",
        "name:en": "OU Malina Popivanova",
        "wikidata": "Q12909086",
        "wikimedia_commons": "Category:Malina Popivanova Elementary School",
        "wikipedia": "mk:ОУ „Малина Попиванова“ - Кочани",
        "@geometry": "center"
      },
      "geometry": {
        "type": "Point",
        "coordinates": [
          22.4218469,
          41.9143529
        ]
      },
      "id": "way/183837444"
    },
    {
      "type": "Feature",
      "properties": {
        "@id": "way/184153080",
        "amenity": "courthouse",
        "building": "office",
        "int_name": "Osnoven Sud Kočani",
        "name": "Основен Суд Кочани",
        "name:en": "Primary Court Kochani",
        "wikidata": "Q108559050",
        "wikipedia": "mk:Основен суд Кочани",
        "@geometry": "center"
      },
      "geometry": {
        "type": "Point",
        "coordinates": [
          22.4116349,
          41.9133666
        ]
      },
      "id": "way/184153080"
    },
    {
      "type": "Feature",
      "properties": {
        "@id": "way/184154770",
        "addr:city": "Кочани",
        "addr:housenumber": "1",
        "addr:postcode": "2300",
        "addr:street": "Раде Кратовче",
        "amenity": "townhall",
        "building": "public",
        "name": "Општина Кочани",
        "name:en": "Municipality of Kochani",
        "townhall:type": "municipality",
        "website": "https://kocani.gov.mk/",
        "@geometry": "center"
      },
      "geometry": {
        "type": "Point",
        "coordinates": [
          22.4112348,
          41.9214889
        ]
      },
      "id": "way/184154770"
    },
    {
      "type": "Feature",
      "properties": {
        "@id": "way/184305375",
        "amenity": "school",
        "int_name": "OU Krste Petkov Misirkov",
        "name": "ОУ Крсте Петков Мисирков",
        "name:en": "OU Krste Petkov Misirkov",
        "@geometry": "center"
      },
      "geometry": {
        "type": "Point",
        "coordinates": [
          22.4447691,
          41.9249258
        ]
      },
      "id": "way/184305375"
    },
    {
      "type": "Feature",
      "properties": {
        "@id": "way/185377843",
        "addr:city": "Cкoпje",
        "addr:city:en": "Skopje",
        "addr:country": "MK",
        "addr:housenumber": "56",
        "addr:postcode": "1000",
        "addr:street": "Петар Чаулев",
        "amenity": "hospital",
        "building": "public",
        "emergency": "ambulance_station",
        "name": "Амбуланта Влае",
        "@geometry": "center"
      },
      "geometry": {
        "type": "Point",
        "coordinates": [
          21.375309,
          42.0074094
        ]
      },
      "id": "way/185377843"
    },
    {
      "type": "Feature",
      "properties": {
        "@id": "way/185635120",
        "addr:city": "Jasenovo",
        "addr:postcode": "1400",
        "amenity": "hospital",
        "emergency": "yes",
        "healthcare": "hospital",
        "healthcare:speciality": "internal;pulmonology",
        "int_name": "Specijalna bolnica za belodrobni zaboluvanja i tuberkuloaza Jasenovo",
        "name": "Специјална Болница за белодробни заболувања и туберкулоза Јасеново“",
        "name:en": "Special Hospital for Pulmonary Diseases and Tuberculosis Jasenovo",
        "phone": "+389 43 245 322",
        "website": "https://zk.mk/jasenovo-belodrobni-zaboluvanja-i-tuberkuloza",
        "@geometry": "center"
      },
      "geometry": {
        "type": "Point",
        "coordinates": [
          21.7218657,
          41.5159891
        ]
      },
      "id": "way/185635120"
    },
    {
      "type": "Feature",
      "properties": {
        "@id": "way/188947643",
        "amenity": "hospital",
        "building": "yes",
        "int_name": "Болница",
        "name": "Болница",
        "@geometry": "center"
      },
      "geometry": {
        "type": "Point",
        "coordinates": [
          21.7102302,
          42.1367567
        ]
      },
      "id": "way/188947643"
    },
    {
      "type": "Feature",
      "properties": {
        "@id": "way/190034508",
        "amenity": "school",
        "name": "АСУЦ Боро Петрушевски",
        "name:en": "ASUC Boro Petrushevski",
        "@geometry": "center"
      },
      "geometry": {
        "type": "Point",
        "coordinates": [
          21.4754764,
          42.0016134
        ]
      },
      "id": "way/190034508"
    },
    {
      "type": "Feature",
      "properties": {
        "@id": "way/194654804",
        "amenity": "hospital",
        "building": "yes",
        "int_name": "Centar za Kradiovaskularni Zaboluvanja",
        "name": "Центар за Кардиоваскуларни заболувања",
        "name:en": "Center for Cardiovascular diseases",
        "@geometry": "center"
      },
      "geometry": {
        "type": "Point",
        "coordinates": [
          20.8026604,
          41.0737601
        ]
      },
      "id": "way/194654804"
    },
    {
      "type": "Feature",
      "properties": {
        "@id": "way/196563472",
        "amenity": "school",
        "int_name": "Kole Kaninski",
        "name": "Коле Канински",
        "@geometry": "center"
      },
      "geometry": {
        "type": "Point",
        "coordinates": [
          21.3466283,
          41.0045735
        ]
      },
      "id": "way/196563472"
    },
    {
      "type": "Feature",
      "properties": {
        "@id": "way/196614896",
        "amenity": "hospital",
        "emergency": "yes",
        "healthcare": "hospital",
        "name": "ЈЗУ Клиничка Болница Др. Трифун Пановски",
        "@geometry": "center"
      },
      "geometry": {
        "type": "Point",
        "coordinates": [
          21.3184883,
          41.0229535
        ]
      },
      "id": "way/196614896"
    },
    {
      "type": "Feature",
      "properties": {
        "@id": "way/203672094",
        "amenity": "school",
        "building": "yes",
        "int_name": "Skola",
        "name": "Школа",
        "@geometry": "center"
      },
      "geometry": {
        "type": "Point",
        "coordinates": [
          21.7207615,
          42.1338865
        ]
      },
      "id": "way/203672094"
    },
    {
      "type": "Feature",
      "properties": {
        "@id": "way/203936976",
        "amenity": "school",
        "level": "primary",
        "name": "11. Октомври",
        "name:en": "11 Oktomvri EMS",
        "wikidata": "Q12909121",
        "wikipedia": "mk:ОУ „11 Октомври“ - Куманово",
        "@geometry": "center"
      },
      "geometry": {
        "type": "Point",
        "coordinates": [
          21.7159218,
          42.1387934
        ]
      },
      "id": "way/203936976"
    },
    {
      "type": "Feature",
      "properties": {
        "@id": "way/206280627",
        "amenity": "courthouse",
        "building": "yes",
        "name": "Основен суд",
        "name:en": "Primary court",
        "website": "http://www.vsrm.mk/wps/portal/oskrusevo/sud/!ut/p/z1/hY4xC8IwFIR_S4eO5j2w1OgWQQvqpILxLdJKTAtpU9Jo8N8bcRKU3nZ338EBgQTqykejS9_YrjTRnym_5EWWId_ijh_2SxQrnPHjXGCxRjiNARRr_CPx3tMYsgHSxlafN6KrplwDOXVTTjl2dzGuve-HRYophhCYtlYbxa62TfHXpLaDB_lNQt9KnFD1DCJJXpELPs4!/d",
        "@geometry": "center"
      },
      "geometry": {
        "type": "Point",
        "coordinates": [
          21.2495781,
          41.367703
        ]
      },
      "id": "way/206280627"
    },
    {
      "type": "Feature",
      "properties": {
        "@id": "way/224104096",
        "addr:city": "Крушево",
        "addr:housenumber": "0",
        "addr:postcode": "7550",
        "addr:street": "Никола Ѓурковиќ",
        "amenity": "police",
        "building": "public",
        "name": "ПС Крушево",
        "name:en": "Krushevo PD",
        "phone": "+38948477045",
        "@geometry": "center"
      },
      "geometry": {
        "type": "Point",
        "coordinates": [
          21.2492202,
          41.369077
        ]
      },
      "id": "way/224104096"
    },
    {
      "type": "Feature",
      "properties": {
        "@id": "way/224104100",
        "addr:city": "Крушево",
        "addr:housenumber": "0",
        "addr:postcode": "7550",
        "addr:street": "Никола Ѓурковиќ",
        "amenity": "townhall",
        "building": "public",
        "email": "opstinakrusevo@krusevo.gov.mk",
        "fax": "+38948477061",
        "name": "ЛС Крушево",
        "name:en": "Krushevo LC",
        "name:mk": "ЛС Крушево",
        "phone": "+38948477061;+38948477046",
        "townhall:type": "town",
        "website": "https://krusevo.gov.mk/",
        "@geometry": "center"
      },
      "geometry": {
        "type": "Point",
        "coordinates": [
          21.2490595,
          41.3691615
        ]
      },
      "id": "way/224104100"
    },
    {
      "type": "Feature",
      "properties": {
        "@id": "way/224361718",
        "amenity": "school",
        "int_name": "OU Joakim Krčovski",
        "is_in": "Волково",
        "name": "ОУ Јоаким Крчовски",
        "name:en": "OU Joakim Krchovski",
        "@geometry": "center"
      },
      "geometry": {
        "type": "Point",
        "coordinates": [
          21.3489187,
          42.0545245
        ]
      },
      "id": "way/224361718"
    },
    {
      "type": "Feature",
      "properties": {
        "@id": "way/224361720",
        "amenity": "school",
        "int_name": "OU Joakim Krčovski",
        "is_in": "Никиштане",
        "name": "ОУ Јоаким Крчовски",
        "name:en": "OU Joakim Krchovski",
        "@geometry": "center"
      },
      "geometry": {
        "type": "Point",
        "coordinates": [
          21.3365301,
          42.0681485
        ]
      },
      "id": "way/224361720"
    },
    {
      "type": "Feature",
      "properties": {
        "@id": "way/224469841",
        "amenity": "school",
        "name": "ОУ Борис Кидрич",
        "@geometry": "center"
      },
      "geometry": {
        "type": "Point",
        "coordinates": [
          21.4389091,
          41.9798991
        ]
      },
      "id": "way/224469841"
    },
    {
      "type": "Feature",
      "properties": {
        "@id": "way/227195447",
        "amenity": "townhall",
        "building": "yes",
        "name": "Општина Кичево",
        "townhall:type": "city",
        "@geometry": "center"
      },
      "geometry": {
        "type": "Point",
        "coordinates": [
          20.9602639,
          41.5102747
        ]
      },
      "id": "way/227195447"
    },
    {
      "type": "Feature",
      "properties": {
        "@id": "way/229233371",
        "amenity": "school",
        "name": "ОУ Тихомир Милошевски",
        "@geometry": "center"
      },
      "geometry": {
        "type": "Point",
        "coordinates": [
          21.3494164,
          42.0311314
        ]
      },
      "id": "way/229233371"
    },
    {
      "type": "Feature",
      "properties": {
        "@id": "way/229930498",
        "addr:city": "Cкoпje",
        "addr:city:en": "Skopje",
        "addr:country": "MK",
        "addr:housenumber": "бб",
        "addr:postcode": "1000",
        "addr:street": "Кеј Димитар Влахов",
        "amenity": "courthouse",
        "building": "public",
        "email": "jorm@jorm.org.mk",
        "fax": "+389 3 219881",
        "name": "Јавно обвинителство на Македонија",
        "name:en": "Attorney General of Macedonia",
        "name:tr": "Makedonya Başsavcılığı",
        "office": "government",
        "phone": "+389 3 29828",
        "roof:shape": "dome",
        "website": "https://jorm.gov.mk/",
        "@geometry": "center"
      },
      "geometry": {
        "type": "Point",
        "coordinates": [
          21.4362591,
          41.9962661
        ]
      },
      "id": "way/229930498"
    },
    {
      "type": "Feature",
      "properties": {
        "@id": "way/230234818",
        "amenity": "police",
        "building": "yes",
        "name": "Police",
        "@geometry": "center"
      },
      "geometry": {
        "type": "Point",
        "coordinates": [
          20.9557654,
          41.5129218
        ]
      },
      "id": "way/230234818"
    },
    {
      "type": "Feature",
      "properties": {
        "@id": "way/231156207",
        "amenity": "school",
        "name": "СЕТУ Михајло Пупин",
        "name:en": "SETU Mihajlo Pupin",
        "wheelchair": "yes",
        "@geometry": "center"
      },
      "geometry": {
        "type": "Point",
        "coordinates": [
          21.4794206,
          42.0022755
        ]
      },
      "id": "way/231156207"
    },
    {
      "type": "Feature",
      "properties": {
        "@id": "way/231952324",
        "addr:street": "Булевар 3та Македонска Бригада",
        "alt_name": "Хемиско",
        "amenity": "school",
        "barrier": "fence",
        "check_date": "2024-07-15",
        "fence_type": "metal",
        "name": "СУГС \"Марија Кири Склодовска\"",
        "@geometry": "center"
      },
      "geometry": {
        "type": "Point",
        "coordinates": [
          21.4642829,
          41.9788554
        ]
      },
      "id": "way/231952324"
    },
    {
      "type": "Feature",
      "properties": {
        "@id": "way/232349713",
        "amenity": "school",
        "designation": "Средно училиште",
        "name": "Народна гимназија Јане Сандански",
        "@geometry": "center"
      },
      "geometry": {
        "type": "Point",
        "coordinates": [
          22.6370049,
          41.439987
        ]
      },
      "id": "way/232349713"
    },
    {
      "type": "Feature",
      "properties": {
        "@id": "way/232349715",
        "amenity": "school",
        "designation": "Основно училиште",
        "name": "Сандо Масев",
        "@geometry": "center"
      },
      "geometry": {
        "type": "Point",
        "coordinates": [
          22.6364078,
          41.440447
        ]
      },
      "id": "way/232349715"
    },
    {
      "type": "Feature",
      "properties": {
        "@id": "way/232806059",
        "amenity": "hospital",
        "is_in": "Негорци",
        "name": "Психијатриска болница “Негорци”",
        "@geometry": "center"
      },
      "geometry": {
        "type": "Point",
        "coordinates": [
          22.4802671,
          41.1974925
        ]
      },
      "id": "way/232806059"
    },
    {
      "type": "Feature",
      "properties": {
        "@id": "way/233543625",
        "amenity": "police",
        "name": "МВР Струмица",
        "@geometry": "center"
      },
      "geometry": {
        "type": "Point",
        "coordinates": [
          22.6307778,
          41.4396432
        ]
      },
      "id": "way/233543625"
    },
    {
      "type": "Feature",
      "properties": {
        "@id": "way/235709571",
        "amenity": "police",
        "building": "house",
        "name": "Gränspolis",
        "@geometry": "center"
      },
      "geometry": {
        "type": "Point",
        "coordinates": [
          20.6508683,
          41.7748993
        ]
      },
      "id": "way/235709571"
    },
    {
      "type": "Feature",
      "properties": {
        "@id": "way/235777271",
        "addr:city": "Охрид",
        "addr:postcode": "6000",
        "addr:street": "Никола Карев",
        "amenity": "school",
        "name": "Основно музичко училиште „Методиј Патчев“",
        "@geometry": "center"
      },
      "geometry": {
        "type": "Point",
        "coordinates": [
          20.8097257,
          41.1117215
        ]
      },
      "id": "way/235777271"
    },
    {
      "type": "Feature",
      "properties": {
        "@id": "way/236563864",
        "amenity": "school",
        "barrier": "fence",
        "contact:facebook": "klimentohridskidraslajca",
        "name": "ООУ Св. Климент Охридски",
        "name:en": "St. Clement of Ohrid EMS",
        "website": "https://ouklimentohridski.wordpress.com/",
        "wikidata": "Q20568035",
        "wikipedia": "mk:ОУ „Св. Климент Охридски“ - Драслајца",
        "@geometry": "center"
      },
      "geometry": {
        "type": "Point",
        "coordinates": [
          20.6792157,
          41.2067419
        ]
      },
      "id": "way/236563864"
    },
    {
      "type": "Feature",
      "properties": {
        "@id": "way/237820396",
        "amenity": "school",
        "name": "ОУ Страшо Пинџур",
        "@geometry": "center"
      },
      "geometry": {
        "type": "Point",
        "coordinates": [
          22.2935119,
          41.8745703
        ]
      },
      "id": "way/237820396"
    },
    {
      "type": "Feature",
      "properties": {
        "@id": "way/238134067",
        "addr:housenumber": "71",
        "addr:street": "Димитар Влахов",
        "amenity": "school",
        "name": "Општинско средно училиште „Св. Климент Охридски“",
        "name:en": "Municipal High School St. Clement of Ohrid",
        "website": "http://gimnazijaohrid.edu.mk/",
        "@geometry": "center"
      },
      "geometry": {
        "type": "Point",
        "coordinates": [
          20.8077376,
          41.1128346
        ]
      },
      "id": "way/238134067"
    },
    {
      "type": "Feature",
      "properties": {
        "@id": "way/239570499",
        "amenity": "school",
        "name": "ОУ Гоце Делчев",
        "@geometry": "center"
      },
      "geometry": {
        "type": "Point",
        "coordinates": [
          21.0156863,
          41.0897148
        ]
      },
      "id": "way/239570499"
    },
    {
      "type": "Feature",
      "properties": {
        "@id": "way/240348370",
        "amenity": "school",
        "building": "no",
        "name": "ПООУ \"Гоце Делчев\" - Света",
        "operator": "ООУ \"Гоце Делчев\" - Демир Хисар",
        "@geometry": "center"
      },
      "geometry": {
        "type": "Point",
        "coordinates": [
          21.2751279,
          41.2655707
        ]
      },
      "id": "way/240348370"
    },
    {
      "type": "Feature",
      "properties": {
        "@id": "way/241085461",
        "addr:city": "Tetovo",
        "addr:postcode": "1220",
        "addr:street": "Браќа Миладинови",
        "amenity": "school",
        "building": "yes",
        "building:levels": "2",
        "int_name": "Medrese",
        "name": "Medrese",
        "name:mk": "Медреса",
        "name:sq": "Medrese",
        "@geometry": "center"
      },
      "geometry": {
        "type": "Point",
        "coordinates": [
          20.9663504,
          42.0061252
        ]
      },
      "id": "way/241085461"
    },
    {
      "type": "Feature",
      "properties": {
        "@id": "way/241088123",
        "amenity": "hospital",
        "name": "Болница Тетово",
        "name:en": "Hospital",
        "name:sq": "Spitali i Tetovës",
        "opening_hours": "24/7",
        "@geometry": "center"
      },
      "geometry": {
        "type": "Point",
        "coordinates": [
          20.9713384,
          42.0050954
        ]
      },
      "id": "way/241088123"
    },
    {
      "type": "Feature",
      "properties": {
        "@id": "way/241089491",
        "amenity": "school",
        "building": "school",
        "name": "Sh.F. Lirija",
        "name:en": "Lirija",
        "name:mk": "О.У. Лирија",
        "name:sq": "Sh.F. Lirija",
        "@geometry": "center"
      },
      "geometry": {
        "type": "Point",
        "coordinates": [
          20.9701616,
          42.0074114
        ]
      },
      "id": "way/241089491"
    },
    {
      "type": "Feature",
      "properties": {
        "@id": "way/241504861",
        "amenity": "school",
        "int_name": "OU Nikola Karev",
        "name": "ОУ Никола Карев",
        "name:en": "Nikola Karev",
        "@geometry": "center"
      },
      "geometry": {
        "type": "Point",
        "coordinates": [
          22.1867809,
          41.9914581
        ]
      },
      "id": "way/241504861"
    },
    {
      "type": "Feature",
      "properties": {
        "@id": "way/247042675",
        "amenity": "townhall",
        "building": "yes",
        "name": "Општина Неготино",
        "@geometry": "center"
      },
      "geometry": {
        "type": "Point",
        "coordinates": [
          22.0889775,
          41.4835698
        ]
      },
      "id": "way/247042675"
    },
    {
      "type": "Feature",
      "properties": {
        "@id": "way/248643496",
        "addr:city": "Cкoпje",
        "addr:city:en": "Skopje",
        "addr:country": "MK",
        "addr:postcode": "1000",
        "addr:street": "Тодор Александров",
        "amenity": "police",
        "building": "yes",
        "name": "Полициска Станица Водно",
        "name:en": "Police Station Vodno",
        "@geometry": "center"
      },
      "geometry": {
        "type": "Point",
        "coordinates": [
          21.417858,
          41.9829407
        ]
      },
      "id": "way/248643496"
    },
    {
      "type": "Feature",
      "properties": {
        "@id": "way/251609135",
        "addr:city": "Крива Паланка",
        "addr:postcode": "1330",
        "addr:street": "8-mi Oktomvri",
        "amenity": "school",
        "building": "yes",
        "name": "СОУ Ѓорче Петров",
        "@geometry": "center"
      },
      "geometry": {
        "type": "Point",
        "coordinates": [
          22.341537,
          42.2059434
        ]
      },
      "id": "way/251609135"
    },
    {
      "type": "Feature",
      "properties": {
        "@id": "way/251609136",
        "addr:city": "Крива Паланка",
        "addr:postcode": "1330",
        "addr:street": "8-mi Oktomvri",
        "amenity": "school",
        "building": "yes",
        "name": "СОУ Ѓорче Петров",
        "@geometry": "center"
      },
      "geometry": {
        "type": "Point",
        "coordinates": [
          22.3409622,
          42.2060719
        ]
      },
      "id": "way/251609136"
    },
    {
      "type": "Feature",
      "properties": {
        "@id": "way/254488376",
        "amenity": "school",
        "name": "ОУ Рајко Жинзифов",
        "@geometry": "center"
      },
      "geometry": {
        "type": "Point",
        "coordinates": [
          21.483652,
          41.9558301
        ]
      },
      "id": "way/254488376"
    },
    {
      "type": "Feature",
      "properties": {
        "@id": "way/255896286",
        "amenity": "school",
        "building": "yes",
        "name": "Pero Nakov",
        "name:mk": "СОУ „Перо Наков“",
        "operator": "Министерство за образование и наука",
        "wikipedia": "mk:СОУ „Перо Наков“ - Куманово",
        "@geometry": "center"
      },
      "geometry": {
        "type": "Point",
        "coordinates": [
          21.726612,
          42.1330765
        ]
      },
      "id": "way/255896286"
    },
    {
      "type": "Feature",
      "properties": {
        "@id": "way/264336813",
        "amenity": "school",
        "building": "yes",
        "name": "O.U. Josip Broz Tito",
        "@geometry": "center"
      },
      "geometry": {
        "type": "Point",
        "coordinates": [
          20.5878299,
          41.6743563
        ]
      },
      "id": "way/264336813"
    },
    {
      "type": "Feature",
      "properties": {
        "@id": "way/284468247",
        "amenity": "police",
        "building": "yes",
        "building:levels": "1",
        "int_name": "Police station - Aerodrom",
        "name": "Полициска Станица Аеродром",
        "@geometry": "center"
      },
      "geometry": {
        "type": "Point",
        "coordinates": [
          21.4734539,
          41.985689
        ]
      },
      "id": "way/284468247"
    },
    {
      "type": "Feature",
      "properties": {
        "@id": "way/284468249",
        "addr:city": "Cкoпje",
        "addr:city:en": "Skopje",
        "addr:country": "MK",
        "addr:postcode": "1000",
        "amenity": "police",
        "building": "yes",
        "building:levels": "2",
        "check_date": "2024-07-15",
        "name": "Полициска Станица Воен Базен",
        "@geometry": "center"
      },
      "geometry": {
        "type": "Point",
        "coordinates": [
          21.4590252,
          41.9836427
        ]
      },
      "id": "way/284468249"
    },
    {
      "type": "Feature",
      "properties": {
        "@id": "way/284497895",
        "addr:city": "skopje",
        "addr:postcode": "1000",
        "addr:street": "Горно Лисиче",
        "amenity": "school",
        "name": "О.У. Гоце Делчев",
        "wikidata": "Q12909156",
        "wikipedia": "mk:ОУ „Гоце Делчев“ - Горно Лисиче",
        "@geometry": "center"
      },
      "geometry": {
        "type": "Point",
        "coordinates": [
          21.4870371,
          41.9698352
        ]
      },
      "id": "way/284497895"
    },
    {
      "type": "Feature",
      "properties": {
        "@id": "way/284497912",
        "addr:city": "Cкoпje",
        "addr:city:en": "Skopje",
        "addr:country": "MK",
        "addr:postcode": "1000",
        "addr:street": "Булевар 12та Македонска Бригада",
        "amenity": "police",
        "int_name": "Police station - Lisiche",
        "name": "Полициска станица - Лисиче",
        "@geometry": "center"
      },
      "geometry": {
        "type": "Point",
        "coordinates": [
          21.4714279,
          41.974652
        ]
      },
      "id": "way/284497912"
    },
    {
      "type": "Feature",
      "properties": {
        "@id": "way/284497939",
        "amenity": "school",
        "check_date": "2024-03-28",
        "name": "О.У. Александар Македонски",
        "@geometry": "center"
      },
      "geometry": {
        "type": "Point",
        "coordinates": [
          21.471096,
          41.9793878
        ]
      },
      "id": "way/284497939"
    },
    {
      "type": "Feature",
      "properties": {
        "@id": "way/284540688",
        "addr:street": "Кресна",
        "amenity": "school",
        "name": "Градинка Весели Цветови",
        "@geometry": "center"
      },
      "geometry": {
        "type": "Point",
        "coordinates": [
          21.4665127,
          41.976845
        ]
      },
      "id": "way/284540688"
    },
    {
      "type": "Feature",
      "properties": {
        "@id": "way/284540689",
        "addr:city": "Скопје",
        "addr:housenumber": "2",
        "addr:postcode": "1000",
        "addr:street": "Ѓуро Малешевац",
        "amenity": "school",
        "email": "dimitar_makedonski@yahoo.com",
        "fee": "no",
        "grades": "1-9",
        "internet_access": "yes",
        "name": "ООУ „Димитар Македонски“",
        "phone": "+389 2 2440 011",
        "polling_station": "yes",
        "start_date": "1964-09-01",
        "website": "https://oudimitarmakedonski.edu.mk/mk/",
        "wheelchair": "yes",
        "wikidata": "Q12909171",
        "wikipedia": "mk:ОУ „Димитар Македонски“ - Аеродром",
        "@geometry": "center"
      },
      "geometry": {
        "type": "Point",
        "coordinates": [
          21.476256,
          41.9735867
        ]
      },
      "id": "way/284540689"
    },
    {
      "type": "Feature",
      "properties": {
        "@id": "way/284743279",
        "amenity": "school",
        "check_date": "2024-07-28",
        "name": "ДСУ Димитар Влахов",
        "@geometry": "center"
      },
      "geometry": {
        "type": "Point",
        "coordinates": [
          21.4458969,
          41.9853253
        ]
      },
      "id": "way/284743279"
    },
    {
      "type": "Feature",
      "properties": {
        "@id": "way/284928908",
        "addr:city": "Cкoпje",
        "addr:city:en": "Skopje",
        "addr:housenumber": "17",
        "addr:postcode": "1000",
        "addr:street": "Петар Дељан",
        "amenity": "townhall",
        "landuse": "commercial",
        "name": "Општина Кисела Вода",
        "@geometry": "center"
      },
      "geometry": {
        "type": "Point",
        "coordinates": [
          21.4415184,
          41.9815552
        ]
      },
      "id": "way/284928908"
    },
    {
      "type": "Feature",
      "properties": {
        "@id": "way/300492171",
        "amenity": "hospital",
        "healthcare": "hospital",
        "name": "Здравствен Дом Неготино",
        "@geometry": "center"
      },
      "geometry": {
        "type": "Point",
        "coordinates": [
          22.0829219,
          41.4790394
        ]
      },
      "id": "way/300492171"
    },
    {
      "type": "Feature",
      "properties": {
        "@id": "way/326502003",
        "amenity": "school",
        "barrier": "fence",
        "name": "ПООУ Манчу Матак",
        "@geometry": "center"
      },
      "geometry": {
        "type": "Point",
        "coordinates": [
          21.3252631,
          41.3923973
        ]
      },
      "id": "way/326502003"
    },
    {
      "type": "Feature",
      "properties": {
        "@id": "way/326805560",
        "amenity": "school",
        "barrier": "fence",
        "name": "ПООУ Манчу Матак",
        "@geometry": "center"
      },
      "geometry": {
        "type": "Point",
        "coordinates": [
          21.3195901,
          41.3639199
        ]
      },
      "id": "way/326805560"
    },
    {
      "type": "Feature",
      "properties": {
        "@id": "way/333863378",
        "addr:city": "Прилеп",
        "addr:postcode": "7500",
        "addr:street": "Прилепски Бранители",
        "amenity": "townhall",
        "building": "yes",
        "name": "ЛС Прилеп",
        "name:en": "Municipality building",
        "phone": "+38948401700",
        "townhall:type": "city",
        "website": "https://www.prilep.gov.mk/",
        "@geometry": "center"
      },
      "geometry": {
        "type": "Point",
        "coordinates": [
          21.5526959,
          41.3466675
        ]
      },
      "id": "way/333863378"
    },
    {
      "type": "Feature",
      "properties": {
        "@id": "way/334629692",
        "amenity": "police",
        "building": "yes",
        "name": "ПС Богородица",
        "wikidata": "Q67403707",
        "@geometry": "center"
      },
      "geometry": {
        "type": "Point",
        "coordinates": [
          22.5490189,
          41.1342035
        ]
      },
      "id": "way/334629692"
    },
    {
      "type": "Feature",
      "properties": {
        "@id": "way/337787825",
        "amenity": "police",
        "building": "yes",
        "name": "ПС Ропотово",
        "@geometry": "center"
      },
      "geometry": {
        "type": "Point",
        "coordinates": [
          21.372718,
          41.451233
        ]
      },
      "id": "way/337787825"
    },
    {
      "type": "Feature",
      "properties": {
        "@id": "way/357203554",
        "addr:city": "Прилеп",
        "addr:housenumber": "7",
        "addr:postcode": "7500",
        "addr:street": "Борка Утот",
        "amenity": "police",
        "building": "yes",
        "name": "МВР Прилеп",
        "name:en": "MOI Prilep",
        "phone": "+38948420340",
        "@geometry": "center"
      },
      "geometry": {
        "type": "Point",
        "coordinates": [
          21.5498538,
          41.3431807
        ]
      },
      "id": "way/357203554"
    },
    {
      "type": "Feature",
      "properties": {
        "@id": "way/362621227",
        "amenity": "school",
        "name": "Shkolla Fillore Bajram Shabani",
        "@geometry": "center"
      },
      "geometry": {
        "type": "Point",
        "coordinates": [
          21.7137695,
          42.1339414
        ]
      },
      "id": "way/362621227"
    },
    {
      "type": "Feature",
      "properties": {
        "@id": "way/363211985",
        "amenity": "school",
        "name": "ОУ Гоце Делчев",
        "@geometry": "center"
      },
      "geometry": {
        "type": "Point",
        "coordinates": [
          22.2000105,
          41.7403638
        ]
      },
      "id": "way/363211985"
    },
    {
      "type": "Feature",
      "properties": {
        "@id": "way/365480226",
        "addr:street": "Street 13",
        "amenity": "school",
        "name": "ОУ Ванчо Прќе",
        "name:en": "Primary school Vancho Prke",
        "@geometry": "center"
      },
      "geometry": {
        "type": "Point",
        "coordinates": [
          22.8026976,
          41.9670056
        ]
      },
      "id": "way/365480226"
    },
    {
      "type": "Feature",
      "properties": {
        "@id": "way/365616019",
        "addr:city": "Делчево",
        "addr:postcode": "2320",
        "addr:street": "бул. Методи Митевски Брицо",
        "amenity": "school",
        "name": "СОУ М.М. Брицо",
        "name:en": "SOU M.M. Brico",
        "@geometry": "center"
      },
      "geometry": {
        "type": "Point",
        "coordinates": [
          22.7786664,
          41.9673741
        ]
      },
      "id": "way/365616019"
    },
    {
      "type": "Feature",
      "properties": {
        "@id": "way/365616020",
        "addr:city": "Делчево",
        "addr:postcode": "2320",
        "addr:street": "бул. Методи Митевски Брицо",
        "amenity": "school",
        "name": "СВ. Климент Охридски",
        "name:en": "OU. Sv. Kliment Ohridski",
        "@geometry": "center"
      },
      "geometry": {
        "type": "Point",
        "coordinates": [
          22.778273,
          41.9662871
        ]
      },
      "id": "way/365616020"
    },
    {
      "type": "Feature",
      "properties": {
        "@id": "way/365616021",
        "addr:city": "Делчево",
        "addr:postcode": "2320",
        "addr:street": "Н. Ј. Вапцаров",
        "amenity": "school",
        "name": "ОУ. Ванчо Прќе",
        "name:en": "OU Vanco Prke",
        "operator": "OU Vanco Prke",
        "@geometry": "center"
      },
      "geometry": {
        "type": "Point",
        "coordinates": [
          22.7741288,
          41.9676388
        ]
      },
      "id": "way/365616021"
    },
    {
      "type": "Feature",
      "properties": {
        "@id": "way/365648641",
        "addr:city": "Делчево",
        "addr:postcode": "2320",
        "addr:street": "бул. Македонија",
        "amenity": "courthouse",
        "building": "yes",
        "name": "Основен суд - Делчево",
        "name:en": "Primary Court",
        "@geometry": "center"
      },
      "geometry": {
        "type": "Point",
        "coordinates": [
          22.7764254,
          41.9671797
        ]
      },
      "id": "way/365648641"
    },
    {
      "type": "Feature",
      "properties": {
        "@id": "way/365648646",
        "addr:city": "Делчево",
        "addr:postcode": "2320",
        "addr:street": "М.М. Брицо",
        "amenity": "hospital",
        "healthcare": "hospital",
        "name": "Здравствен дом Гоце Делчев",
        "name:en": "Goce Delchev",
        "@geometry": "center"
      },
      "geometry": {
        "type": "Point",
        "coordinates": [
          22.7807069,
          41.9655341
        ]
      },
      "id": "way/365648646"
    },
    {
      "type": "Feature",
      "properties": {
        "@id": "way/365654382",
        "addr:city": "Делчево",
        "addr:postcode": "2320",
        "addr:street": "Н. Ј. Вапцаров",
        "amenity": "townhall",
        "building": "yes",
        "name": "Дон на културата Н. Ј. Вапцаров",
        "name:en": "House of Culture - N. J. Vapcarov",
        "@geometry": "center"
      },
      "geometry": {
        "type": "Point",
        "coordinates": [
          22.7730929,
          41.9665316
        ]
      },
      "id": "way/365654382"
    },
    {
      "type": "Feature",
      "properties": {
        "@id": "way/365654386",
        "amenity": "townhall",
        "building": "yes",
        "name": "Дом на културата Звегор",
        "@geometry": "center"
      },
      "geometry": {
        "type": "Point",
        "coordinates": [
          22.8063177,
          41.9677826
        ]
      },
      "id": "way/365654386"
    },
    {
      "type": "Feature",
      "properties": {
        "@id": "way/366453436",
        "addr:city": "Делчево",
        "addr:postcode": "2320",
        "addr:street": "бул. Македонија",
        "amenity": "police",
        "building": "yes",
        "name": "Полициска станица - Делчево",
        "name:en": "Police Station",
        "@geometry": "center"
      },
      "geometry": {
        "type": "Point",
        "coordinates": [
          22.7760657,
          41.9675217
        ]
      },
      "id": "way/366453436"
    },
    {
      "type": "Feature",
      "properties": {
        "@id": "way/366453437",
        "amenity": "police",
        "building": "yes",
        "name": "Полициска станица - Делчево",
        "name:en": "Police Station",
        "@geometry": "center"
      },
      "geometry": {
        "type": "Point",
        "coordinates": [
          22.7762606,
          41.9673421
        ]
      },
      "id": "way/366453437"
    },
    {
      "type": "Feature",
      "properties": {
        "@id": "way/366651882",
        "addr:city": "Tetovo",
        "addr:postcode": "1200",
        "addr:street": "Илинденска",
        "amenity": "courthouse",
        "building": "yes",
        "building:levels": "2",
        "name": "Основен Суд",
        "name:en": "Courthouse",
        "name:sq": "Gjykata Themelore",
        "opening_hours": "Mo-Fr 08:00-12:00,13:00-16:30",
        "operator": "RM",
        "wheelchair": "limited",
        "@geometry": "center"
      },
      "geometry": {
        "type": "Point",
        "coordinates": [
          20.9689655,
          42.0080018
        ]
      },
      "id": "way/366651882"
    },
    {
      "type": "Feature",
      "properties": {
        "@id": "node/373128152",
        "amenity": "school",
        "name": "Dimkata Angelov - Gaberot",
        "name:mk": "Димката Ангелов Габерот"
      },
      "geometry": {
        "type": "Point",
        "coordinates": [
          22.0140878,
          41.4320592
        ]
      },
      "id": "node/373128152"
    },
    {
      "type": "Feature",
      "properties": {
        "@id": "way/375121053",
        "amenity": "school",
        "name": "ПООУ Страшо Пинџур",
        "@geometry": "center"
      },
      "geometry": {
        "type": "Point",
        "coordinates": [
          22.4400646,
          41.3451379
        ]
      },
      "id": "way/375121053"
    },
    {
      "type": "Feature",
      "properties": {
        "@id": "way/375374252",
        "alt_name": "ПОУ \"Др. Златан Сремец\"",
        "amenity": "school",
        "name": "Др. Златан Сремец",
        "name:en": "Dr. Zlatan Sremec",
        "@geometry": "center"
      },
      "geometry": {
        "type": "Point",
        "coordinates": [
          21.4366392,
          41.9848465
        ]
      },
      "id": "way/375374252"
    },
    {
      "type": "Feature",
      "properties": {
        "@id": "way/375660399",
        "addr:city": "Македонски Брод",
        "addr:postcode": "6530",
        "addr:street": "7-ми Септември",
        "amenity": "townhall",
        "building": "yes",
        "name": "Општина",
        "name:en": "Municipality",
        "@geometry": "center"
      },
      "geometry": {
        "type": "Point",
        "coordinates": [
          21.2194179,
          41.5067193
        ]
      },
      "id": "way/375660399"
    },
    {
      "type": "Feature",
      "properties": {
        "@id": "way/378122457",
        "amenity": "school",
        "name": "ОУГС Битолски Конгрес",
        "@geometry": "center"
      },
      "geometry": {
        "type": "Point",
        "coordinates": [
          21.4439354,
          42.0018429
        ]
      },
      "id": "way/378122457"
    },
    {
      "type": "Feature",
      "properties": {
        "@id": "way/378291427",
        "amenity": "school",
        "name": "ОУ „Аврам Писевски“",
        "@geometry": "center"
      },
      "geometry": {
        "type": "Point",
        "coordinates": [
          21.3832836,
          42.0261333
        ]
      },
      "id": "way/378291427"
    },
    {
      "type": "Feature",
      "properties": {
        "@id": "way/379561907",
        "amenity": "school",
        "name": "ОУ Димитар Поп Георгиев - Беровски",
        "@geometry": "center"
      },
      "geometry": {
        "type": "Point",
        "coordinates": [
          21.3705171,
          42.0039542
        ]
      },
      "id": "way/379561907"
    },
    {
      "type": "Feature",
      "properties": {
        "@id": "node/380920212",
        "amenity": "hospital",
        "name": "ЈЗУ Општа Болница",
        "name:en": "Jzu Opsta Bolnica"
      },
      "geometry": {
        "type": "Point",
        "coordinates": [
          22.0202441,
          41.4439681
        ]
      },
      "id": "node/380920212"
    },
    {
      "type": "Feature",
      "properties": {
        "@id": "node/390432729",
        "amenity": "school",
        "name": "Григор Прличев"
      },
      "geometry": {
        "type": "Point",
        "coordinates": [
          20.8059333,
          41.1138095
        ]
      },
      "id": "node/390432729"
    },
    {
      "type": "Feature",
      "properties": {
        "@id": "node/390435552",
        "amenity": "school",
        "name": "Централна детска градинка",
        "name:lt": "Centrinis vaikų darželis",
        "name:mk": "Централна детска градинка"
      },
      "geometry": {
        "type": "Point",
        "coordinates": [
          20.8057101,
          41.113318
        ]
      },
      "id": "node/390435552"
    },
    {
      "type": "Feature",
      "properties": {
        "@id": "node/390436187",
        "addr:city": "Охрид",
        "addr:postcode": "6000",
        "addr:street": "Димитар Влахов",
        "amenity": "hospital",
        "emergency": "yes",
        "healthcare": "hospital",
        "name": "Брза помош-амбуланта"
      },
      "geometry": {
        "type": "Point",
        "coordinates": [
          20.8069305,
          41.1128747
        ]
      },
      "id": "node/390436187"
    },
    {
      "type": "Feature",
      "properties": {
        "@id": "way/404972785",
        "amenity": "school",
        "name": "ПООУ Крсте Мисирков",
        "@geometry": "center"
      },
      "geometry": {
        "type": "Point",
        "coordinates": [
          21.4565176,
          40.9217966
        ]
      },
      "id": "way/404972785"
    },
    {
      "type": "Feature",
      "properties": {
        "@id": "way/407204255",
        "amenity": "school",
        "barrier": "fence",
        "name": "ПООУ Страхил Пинџуров - Страшо Пинџур",
        "name:en": "Strahil Pindzhurov - Strahil Pindzhur AEMS",
        "@geometry": "center"
      },
      "geometry": {
        "type": "Point",
        "coordinates": [
          21.45912,
          41.3074365
        ]
      },
      "id": "way/407204255"
    },
    {
      "type": "Feature",
      "properties": {
        "@id": "way/407211026",
        "amenity": "school",
        "barrier": "fence",
        "name": "ПООУ Народен Херој Круме Волнароски-Коле",
        "name:en": "People's Hero Krume Volnaroski-Kole AEMS",
        "name:mk": "ПООУ Народен Херој Круме Волнароски-Коле",
        "website": "https://ooukrumevolnaroski.edu.mk",
        "wikidata": "Q20568735",
        "wikipedia": "mk:ОУ „Круме Волнароски“ - Тополчани",
        "@geometry": "center"
      },
      "geometry": {
        "type": "Point",
        "coordinates": [
          21.4783497,
          41.3042552
        ]
      },
      "id": "way/407211026"
    },
    {
      "type": "Feature",
      "properties": {
        "@id": "way/407215065",
        "amenity": "school",
        "barrier": "fence",
        "name": "ПООУ Народен Херој Круме Волнароски-Коле",
        "name:en": "People's Hero Krume Volnaroski-Kole AEMS",
        "name:mk": "ПООУ Народен Херој Круме Волнароски-Коле",
        "website": "https://ooukrumevolnaroski.edu.mk",
        "wikidata": "Q20568735",
        "wikipedia": "mk:ОУ „Круме Волнароски“ - Тополчани",
        "@geometry": "center"
      },
      "geometry": {
        "type": "Point",
        "coordinates": [
          21.4969163,
          41.2969372
        ]
      },
      "id": "way/407215065"
    },
    {
      "type": "Feature",
      "properties": {
        "@id": "way/407544555",
        "amenity": "school",
        "name": "ООУ Ѓорѓија Кастриот",
        "@geometry": "center"
      },
      "geometry": {
        "type": "Point",
        "coordinates": [
          21.5602466,
          42.023868
        ]
      },
      "id": "way/407544555"
    },
    {
      "type": "Feature",
      "properties": {
        "@id": "way/407549890",
        "amenity": "townhall",
        "building": "yes",
        "name": "ЛС Арачиново",
        "@geometry": "center"
      },
      "geometry": {
        "type": "Point",
        "coordinates": [
          21.5654248,
          42.0249716
        ]
      },
      "id": "way/407549890"
    },
    {
      "type": "Feature",
      "properties": {
        "@id": "way/408840915",
        "addr:city": "Cкoпje",
        "addr:housenumber": "8",
        "addr:postcode": "1020",
        "addr:street": "Бледски Договор",
        "amenity": "hospital",
        "building": "hospital",
        "email": "infosalter@zmc.mk",
        "emergency": "yes",
        "healthcare": "hospital",
        "healthcare:speciality": "cardiology",
        "name": "Клиника Болница Жан Митрев",
        "name:en": "Zan Mitrev Clinic",
        "phone": "+389 2 3091 484",
        "website": "https://zmc.mk/",
        "@geometry": "center"
      },
      "geometry": {
        "type": "Point",
        "coordinates": [
          21.4034525,
          42.0041601
        ]
      },
      "id": "way/408840915"
    },
    {
      "type": "Feature",
      "properties": {
        "@id": "way/412315745",
        "amenity": "school",
        "name": "ООУ Крсте Мисирков",
        "@geometry": "center"
      },
      "geometry": {
        "type": "Point",
        "coordinates": [
          21.3595993,
          40.9523533
        ]
      },
      "id": "way/412315745"
    },
    {
      "type": "Feature",
      "properties": {
        "@id": "way/412643699",
        "amenity": "school",
        "barrier": "fence",
        "name": "ПООУ Пецо Крстески-Даскалот",
        "name:en": "Peco Krsteski-Daskalot AEMS",
        "@geometry": "center"
      },
      "geometry": {
        "type": "Point",
        "coordinates": [
          21.3989089,
          41.4127235
        ]
      },
      "id": "way/412643699"
    },
    {
      "type": "Feature",
      "properties": {
        "@id": "way/412801866",
        "amenity": "school",
        "barrier": "fence",
        "name": "ПООУ Пецо Крстески-Даскалот",
        "name:en": "Peco Krsteski-Daskalot AEMS",
        "name:mk": "ПООУ Пецо Крстески-Даскалот",
        "@geometry": "center"
      },
      "geometry": {
        "type": "Point",
        "coordinates": [
          21.4340678,
          41.4024175
        ]
      },
      "id": "way/412801866"
    },
    {
      "type": "Feature",
      "properties": {
        "@id": "way/412941228",
        "amenity": "school",
        "barrier": "fence",
        "name": "ПООУ Климент Охридски",
        "name:en": "Kliment Ohridski AEMS",
        "@geometry": "center"
      },
      "geometry": {
        "type": "Point",
        "coordinates": [
          21.498066,
          41.386242
        ]
      },
      "id": "way/412941228"
    },
    {
      "type": "Feature",
      "properties": {
        "@id": "way/412979391",
        "amenity": "school",
        "barrier": "fence",
        "name": "ПООУ Страхил Пинџуров - Страшо Пинџур",
        "name:en": "Strahil Pindzhurov - Strasho Pindzhur AEMS",
        "@geometry": "center"
      },
      "geometry": {
        "type": "Point",
        "coordinates": [
          21.4413015,
          41.3434563
        ]
      },
      "id": "way/412979391"
    },
    {
      "type": "Feature",
      "properties": {
        "@id": "way/414243515",
        "addr:city": "Тополчани",
        "addr:housenumber": "6",
        "addr:postcode": "7512",
        "amenity": "school",
        "barrier": "fence",
        "name": "ООУ\nНароден Херој\nКруме Волнароски-Коле",
        "name:en": "People's Hero\nKrume Volnaroski-Kole\nEMS",
        "name:mk": "ООУ\nНароден Херој\nКруме Волнароски-Коле",
        "phone": "+38948480103",
        "website": "https://ooukrumevolnaroski.edu.mk",
        "wikidata": "Q20568735",
        "wikipedia": "mk:ОУ „Круме Волнароски“ - Тополчани",
        "@geometry": "center"
      },
      "geometry": {
        "type": "Point",
        "coordinates": [
          21.4319114,
          41.225737
        ]
      },
      "id": "way/414243515"
    },
    {
      "type": "Feature",
      "properties": {
        "@id": "way/414244530",
        "addr:postcode": "7512",
        "amenity": "police",
        "building": "yes",
        "name": "ПС Тополчани",
        "name:en": "Topolcani PS",
        "name:mk": "ПС Тополчани",
        "@geometry": "center"
      },
      "geometry": {
        "type": "Point",
        "coordinates": [
          21.4333621,
          41.2241052
        ]
      },
      "id": "way/414244530"
    },
    {
      "type": "Feature",
      "properties": {
        "@id": "way/416906714",
        "amenity": "school",
        "name": "Искра",
        "@geometry": "center"
      },
      "geometry": {
        "type": "Point",
        "coordinates": [
          22.1750642,
          41.7314139
        ]
      },
      "id": "way/416906714"
    },
    {
      "type": "Feature",
      "properties": {
        "@id": "way/422688582",
        "addr:city": "Cкoпje",
        "addr:city:en": "Skopje",
        "addr:country": "MK",
        "addr:postcode": "1000",
        "addr:street": "Скупи",
        "amenity": "hospital",
        "building": "yes",
        "building:levels": "6",
        "email": "callcenter@acibademsistina.mk",
        "name": "Болница „Аџибадем Систина“",
        "name:en": "Acibadem Sistina Hospital",
        "operator": "Acibadem",
        "phone": "+389 2 3099500",
        "website": "https://www.acibademsistina.mk/",
        "@geometry": "center"
      },
      "geometry": {
        "type": "Point",
        "coordinates": [
          21.4038348,
          42.014502
        ]
      },
      "id": "way/422688582"
    },
    {
      "type": "Feature",
      "properties": {
        "@id": "way/431358734",
        "amenity": "school",
        "barrier": "fence",
        "name": "ПООУ Народен Херој Круме Волнароски-Коле",
        "name:en": "People's Hero Krume Volnaroski-Kole AEMS",
        "name:mk": "ПООУ Народен Херој Круме Волнароски-Коле",
        "website": "https://ooukrumevolnaroski.edu.mk",
        "wikidata": "Q20568735",
        "wikipedia": "mk:ОУ „Круме Волнароски“ - Тополчани",
        "@geometry": "center"
      },
      "geometry": {
        "type": "Point",
        "coordinates": [
          21.5711074,
          41.259581
        ]
      },
      "id": "way/431358734"
    },
    {
      "type": "Feature",
      "properties": {
        "@id": "way/433012216",
        "amenity": "school",
        "barrier": "fence",
        "name": "Браќа Миладиновци",
        "name:en": "Brakja Miladinovci",
        "@geometry": "center"
      },
      "geometry": {
        "type": "Point",
        "coordinates": [
          21.433271,
          41.1416753
        ]
      },
      "id": "way/433012216"
    },
    {
      "type": "Feature",
      "properties": {
        "@id": "way/435650417",
        "amenity": "school",
        "name": "ООУ Јонче Смугрески",
        "name:en": "Jonche Smugreski EMS",
        "@geometry": "center"
      },
      "geometry": {
        "type": "Point",
        "coordinates": [
          21.3646053,
          41.2784576
        ]
      },
      "id": "way/435650417"
    },
    {
      "type": "Feature",
      "properties": {
        "@id": "way/439087277",
        "amenity": "townhall",
        "baby_feeding": "no",
        "building": "yes",
        "building:levels": "3",
        "name": "Општина Штип",
        "smoking": "outside",
        "townhall:type": "municipality",
        "website": "https://www.stip.gov.mk/",
        "wheelchair": "yes",
        "wikidata": "Q2423082",
        "wikipedia": "en:Štip Municipality",
        "@geometry": "center"
      },
      "geometry": {
        "type": "Point",
        "coordinates": [
          22.1914691,
          41.73597
        ]
      },
      "id": "way/439087277"
    },
    {
      "type": "Feature",
      "properties": {
        "@id": "way/439111146",
        "amenity": "school",
        "name": "Гимазија „Славчо Стојменски“ - Штип",
        "wikidata": "Q12905958",
        "wikipedia": "mk:ДСУ Гимназија „Славчо Стојменски“ - Штип",
        "@geometry": "center"
      },
      "geometry": {
        "type": "Point",
        "coordinates": [
          22.1922463,
          41.7360983
        ]
      },
      "id": "way/439111146"
    },
    {
      "type": "Feature",
      "properties": {
        "@id": "way/439111652",
        "amenity": "hospital",
        "name": "Стар Здраствен Дом",
        "@geometry": "center"
      },
      "geometry": {
        "type": "Point",
        "coordinates": [
          22.1917518,
          41.7356272
        ]
      },
      "id": "way/439111652"
    },
    {
      "type": "Feature",
      "properties": {
        "@id": "way/439154788",
        "amenity": "police",
        "building": "yes",
        "name": "МВР Штип",
        "opening_hours": "24/7",
        "phone": "192",
        "@geometry": "center"
      },
      "geometry": {
        "type": "Point",
        "coordinates": [
          22.2012244,
          41.7379099
        ]
      },
      "id": "way/439154788"
    },
    {
      "type": "Feature",
      "properties": {
        "@id": "way/440567705",
        "amenity": "school",
        "name": "Манчу Матак",
        "@geometry": "center"
      },
      "geometry": {
        "type": "Point",
        "coordinates": [
          21.3904339,
          41.3315928
        ]
      },
      "id": "way/440567705"
    },
    {
      "type": "Feature",
      "properties": {
        "@id": "way/442442570",
        "amenity": "school",
        "barrier": "fence",
        "name": "ПООУ Ѓорѓи Делчев-Гоце",
        "name:en": "Gjorgji Delchev-Goce AEMS",
        "name:mk": "ПООУ Ѓорѓи Делчев-Гоце",
        "website": "https://oougocedelcev.edu.mk",
        "@geometry": "center"
      },
      "geometry": {
        "type": "Point",
        "coordinates": [
          21.7009732,
          41.3382631
        ]
      },
      "id": "way/442442570"
    },
    {
      "type": "Feature",
      "properties": {
        "@id": "way/443233913",
        "amenity": "hospital",
        "healthcare": "hospital",
        "name": "Здравствен дом Панче Караѓозов",
        "@geometry": "center"
      },
      "geometry": {
        "type": "Point",
        "coordinates": [
          22.1986351,
          41.7386161
        ]
      },
      "id": "way/443233913"
    },
    {
      "type": "Feature",
      "properties": {
        "@id": "way/445148605",
        "amenity": "hospital",
        "healthcare:speciality": "general;paediatrics;ophthalmology;surgery;cardiology;emergency;oncology;radiology;dermatology;internal;psychiatry;orthopaedics;gynaecology;otolaryngology",
        "name": "Клиничка Болница Штип",
        "opening_hours": "24/7",
        "@geometry": "center"
      },
      "geometry": {
        "type": "Point",
        "coordinates": [
          22.1991799,
          41.7342181
        ]
      },
      "id": "way/445148605"
    },
    {
      "type": "Feature",
      "properties": {
        "@id": "way/446057610",
        "amenity": "school",
        "name": "СОУ „Коле Нехтенин“",
        "@geometry": "center"
      },
      "geometry": {
        "type": "Point",
        "coordinates": [
          22.1824149,
          41.747746
        ]
      },
      "id": "way/446057610"
    },
    {
      "type": "Feature",
      "properties": {
        "@id": "way/446112495",
        "amenity": "school",
        "barrier": "fence",
        "name": "СОУ Јане Сандански - Штип",
        "@geometry": "center"
      },
      "geometry": {
        "type": "Point",
        "coordinates": [
          22.1996241,
          41.7314322
        ]
      },
      "id": "way/446112495"
    },
    {
      "type": "Feature",
      "properties": {
        "@id": "way/453039671",
        "amenity": "school",
        "name": "Братство Миѓени",
        "name:en": "Bratstvo Migjeni",
        "@geometry": "center"
      },
      "geometry": {
        "type": "Point",
        "coordinates": [
          21.041097,
          41.9817422
        ]
      },
      "id": "way/453039671"
    },
    {
      "type": "Feature",
      "properties": {
        "@id": "node/464772764",
        "amenity": "hospital",
        "name": "Bolnica Primarius D-r. Dimitar Arsov"
      },
      "geometry": {
        "type": "Point",
        "coordinates": [
          22.3213986,
          42.19562
        ]
      },
      "id": "node/464772764"
    },
    {
      "type": "Feature",
      "properties": {
        "@id": "node/470029608",
        "amenity": "school",
        "name": "Osnovno Uchilishte \"Joakim Krchovski\" (Partizan)"
      },
      "geometry": {
        "type": "Point",
        "coordinates": [
          22.3356267,
          42.2057455
        ]
      },
      "id": "node/470029608"
    },
    {
      "type": "Feature",
      "properties": {
        "@id": "node/470029610",
        "amenity": "townhall",
        "name": "Opshtina Kriva Palanka"
      },
      "geometry": {
        "type": "Point",
        "coordinates": [
          22.3360009,
          42.2060641
        ]
      },
      "id": "node/470029610"
    },
    {
      "type": "Feature",
      "properties": {
        "@id": "node/470029617",
        "amenity": "police",
        "name": "OVR Kriva Palanka"
      },
      "geometry": {
        "type": "Point",
        "coordinates": [
          22.336965,
          42.2066517
        ]
      },
      "id": "node/470029617"
    },
    {
      "type": "Feature",
      "properties": {
        "@id": "node/473903008",
        "amenity": "courthouse",
        "name": "Municipal court Kriva Palanka",
        "name:mk": "Општински суд Крива Паланка"
      },
      "geometry": {
        "type": "Point",
        "coordinates": [
          22.3352521,
          42.2027814
        ]
      },
      "id": "node/473903008"
    },
    {
      "type": "Feature",
      "properties": {
        "@id": "way/474879955",
        "amenity": "police",
        "building": "yes",
        "int_name": "Police station - Bit Pazar",
        "name": "Полициска станица - Бит Пазар",
        "@geometry": "center"
      },
      "geometry": {
        "type": "Point",
        "coordinates": [
          21.4387003,
          42.0056577
        ]
      },
      "id": "way/474879955"
    },
    {
      "type": "Feature",
      "properties": {
        "@id": "way/477325820",
        "amenity": "school",
        "building": "yes",
        "name": "Интернационално Школо",
        "@geometry": "center"
      },
      "geometry": {
        "type": "Point",
        "coordinates": [
          21.4221375,
          42.0006861
        ]
      },
      "id": "way/477325820"
    },
    {
      "type": "Feature",
      "properties": {
        "@id": "node/478041008",
        "amenity": "hospital",
        "name": "Asklepij"
      },
      "geometry": {
        "type": "Point",
        "coordinates": [
          22.0143343,
          41.4334419
        ]
      },
      "id": "node/478041008"
    },
    {
      "type": "Feature",
      "properties": {
        "@id": "way/478124628",
        "amenity": "school",
        "name": "ООУ Димитар Влахов",
        "@geometry": "center"
      },
      "geometry": {
        "type": "Point",
        "coordinates": [
          22.2026121,
          41.7506585
        ]
      },
      "id": "way/478124628"
    },
    {
      "type": "Feature",
      "properties": {
        "@id": "node/478708631",
        "amenity": "school",
        "name": "ООУ „Дедо Илјо Малешевски“",
        "name:en": "Dedo Iljo Maleševski Primary School"
      },
      "geometry": {
        "type": "Point",
        "coordinates": [
          22.8556699,
          41.708332
        ]
      },
      "id": "node/478708631"
    },
    {
      "type": "Feature",
      "properties": {
        "@id": "node/479803481",
        "amenity": "hospital",
        "healthcare": "hospital",
        "healthcare:speciality": "ophthalmology",
        "name": "Eye Center VIZIA"
      },
      "geometry": {
        "type": "Point",
        "coordinates": [
          21.3825263,
          42.006422
        ]
      },
      "id": "node/479803481"
    },
    {
      "type": "Feature",
      "properties": {
        "@id": "way/487169697",
        "amenity": "school",
        "barrier": "fence",
        "name": "ПООУ Гоце Делчев",
        "name:en": "Goce Delchev AEMS",
        "@geometry": "center"
      },
      "geometry": {
        "type": "Point",
        "coordinates": [
          21.8078733,
          41.3804988
        ]
      },
      "id": "way/487169697"
    },
    {
      "type": "Feature",
      "properties": {
        "@id": "way/489901372",
        "amenity": "school",
        "barrier": "fence",
        "name": "ООУ Страхил Пинџуров - Страшо Пинџур",
        "name:en": "Strahil Pindzhurov - Strasho Pindzhur EMS",
        "phone": "+38948483418",
        "website": "https://oustrasopindzur.wordpress.com/",
        "wikidata": "Q12909239",
        "wikipedia": "mk:ОУ „Страшо Пинџур“ - Мало Коњари",
        "@geometry": "center"
      },
      "geometry": {
        "type": "Point",
        "coordinates": [
          21.4627575,
          41.3374455
        ]
      },
      "id": "way/489901372"
    },
    {
      "type": "Feature",
      "properties": {
        "@id": "way/495043125",
        "amenity": "school",
        "barrier": "fence",
        "name": "ПООУ Народен Херој Круме Волнароски-Коле",
        "name:en": "People's Hero Krume Volnaroski-Kole AEMS",
        "name:mk": "ПООУ Народен Херој Круме Волнароски-Коле",
        "website": "https://ooukrumevolnaroski.edu.mk",
        "wikidata": "Q20568735",
        "wikipedia": "mk:ОУ „Круме Волнароски“ - Тополчани",
        "@geometry": "center"
      },
      "geometry": {
        "type": "Point",
        "coordinates": [
          21.5357672,
          41.2949534
        ]
      },
      "id": "way/495043125"
    },
    {
      "type": "Feature",
      "properties": {
        "@id": "way/495421277",
        "amenity": "school",
        "name": "ОУ Дервиш Цара",
        "name:en": "Dervish Cara Elementary school",
        "name:mk": "ОУ Дервиш Цара",
        "name:sq": "Shkolla fillore",
        "@geometry": "center"
      },
      "geometry": {
        "type": "Point",
        "coordinates": [
          20.9389928,
          41.9765149
        ]
      },
      "id": "way/495421277"
    },
    {
      "type": "Feature",
      "properties": {
        "@id": "node/497549505",
        "amenity": "courthouse",
        "name": "Основен суд",
        "name:en": "District court"
      },
      "geometry": {
        "type": "Point",
        "coordinates": [
          22.8547928,
          41.7067216
        ]
      },
      "id": "node/497549505"
    },
    {
      "type": "Feature",
      "properties": {
        "@id": "node/497549518",
        "amenity": "police",
        "name": "Полиција",
        "name:en": "Police"
      },
      "geometry": {
        "type": "Point",
        "coordinates": [
          22.85315,
          41.71148
        ]
      },
      "id": "node/497549518"
    },
    {
      "type": "Feature",
      "properties": {
        "@id": "way/505215521",
        "amenity": "school",
        "name": "Woodrow Wilson High School",
        "name:en": "Woodrow Wilson High School",
        "@geometry": "center"
      },
      "geometry": {
        "type": "Point",
        "coordinates": [
          20.9709518,
          41.9778213
        ]
      },
      "id": "way/505215521"
    },
    {
      "type": "Feature",
      "properties": {
        "@id": "way/507592933",
        "amenity": "school",
        "building": "yes",
        "int_name": "Krste Misirkov (Braka Miladinovci)",
        "name": "Крсте Мисирков (Браќа Миладиновци",
        "@geometry": "center"
      },
      "geometry": {
        "type": "Point",
        "coordinates": [
          21.7164504,
          42.1291649
        ]
      },
      "id": "way/507592933"
    },
    {
      "type": "Feature",
      "properties": {
        "@id": "way/508255444",
        "amenity": "school",
        "int_name": "EMUC - Nace Bugjoni",
        "name": "ЕМУЦ - Наце Буѓони",
        "@geometry": "center"
      },
      "geometry": {
        "type": "Point",
        "coordinates": [
          21.7170495,
          42.1291087
        ]
      },
      "id": "way/508255444"
    },
    {
      "type": "Feature",
      "properties": {
        "@id": "way/533806913",
        "amenity": "school",
        "name": "QSI International School of Skopje",
        "@geometry": "center"
      },
      "geometry": {
        "type": "Point",
        "coordinates": [
          21.3819862,
          42.0019155
        ]
      },
      "id": "way/533806913"
    },
    {
      "type": "Feature",
      "properties": {
        "@id": "node/534285407",
        "amenity": "school",
        "name": "ЦСО Нико Нестор"
      },
      "geometry": {
        "type": "Point",
        "coordinates": [
          20.6755028,
          41.182665
        ]
      },
      "id": "node/534285407"
    },
    {
      "type": "Feature",
      "properties": {
        "@id": "node/534285567",
        "addr:city": "Струга",
        "amenity": "police",
        "name": "Полициска станица"
      },
      "geometry": {
        "type": "Point",
        "coordinates": [
          20.6837155,
          41.1778769
        ]
      },
      "id": "node/534285567"
    },
    {
      "type": "Feature",
      "properties": {
        "@id": "node/547076356",
        "amenity": "school",
        "name": "ОСЕУ \"8-ми Септември\"",
        "name:en": "Osmi Septemvri College"
      },
      "geometry": {
        "type": "Point",
        "coordinates": [
          20.9800652,
          42.0101321
        ]
      },
      "id": "node/547076356"
    },
    {
      "type": "Feature",
      "properties": {
        "@id": "way/548212321",
        "amenity": "school",
        "name": "СУГС Никола Карев",
        "@geometry": "center"
      },
      "geometry": {
        "type": "Point",
        "coordinates": [
          21.4002562,
          42.0044076
        ]
      },
      "id": "way/548212321"
    },
    {
      "type": "Feature",
      "properties": {
        "@id": "node/552781811",
        "amenity": "school",
        "grades": "1-9",
        "name": "ООУ „Свети Климент Охридски“ - Бутел",
        "operator": "Општина Бутел",
        "website": "https://www.facebook.com/klimentohridskibutel"
      },
      "geometry": {
        "type": "Point",
        "coordinates": [
          21.445394,
          42.0401876
        ]
      },
      "id": "node/552781811"
    },
    {
      "type": "Feature",
      "properties": {
        "@id": "node/553868046",
        "amenity": "school",
        "name": "Музичко-балетско училиште „Илија Николовски - Луј“"
      },
      "geometry": {
        "type": "Point",
        "coordinates": [
          21.4355617,
          41.9983639
        ]
      },
      "id": "node/553868046"
    },
    {
      "type": "Feature",
      "properties": {
        "@id": "way/562463292",
        "amenity": "school",
        "barrier": "fence",
        "name": "ПООУ Народен Херој Круме Волнароски-Коле",
        "name:en": "People's Hero Krume Volnaroski-Kole AEMS",
        "name:mk": "ПООУ Народен Херој Круме Волнароски-Коле",
        "website": "https://ooukrumevolnaroski.edu.mk",
        "wikidata": "Q20568735",
        "wikipedia": "mk:ОУ „Круме Волнароски“ - Тополчани",
        "@geometry": "center"
      },
      "geometry": {
        "type": "Point",
        "coordinates": [
          21.4334031,
          41.2638784
        ]
      },
      "id": "way/562463292"
    },
    {
      "type": "Feature",
      "properties": {
        "@id": "node/568024520",
        "amenity": "hospital",
        "healthcare": "hospital",
        "name": "SANITA"
      },
      "geometry": {
        "type": "Point",
        "coordinates": [
          20.6795882,
          41.181565
        ]
      },
      "id": "node/568024520"
    },
    {
      "type": "Feature",
      "properties": {
        "@id": "node/568024688",
        "amenity": "hospital",
        "healthcare": "hospital",
        "name": "City hospital"
      },
      "geometry": {
        "type": "Point",
        "coordinates": [
          20.6791796,
          41.1810946
        ]
      },
      "id": "node/568024688"
    },
    {
      "type": "Feature",
      "properties": {
        "@id": "way/569601147",
        "amenity": "school",
        "name": "Основно училиште „Братство Единство“",
        "@geometry": "center"
      },
      "geometry": {
        "type": "Point",
        "coordinates": [
          20.8049943,
          41.1188766
        ]
      },
      "id": "way/569601147"
    },
    {
      "type": "Feature",
      "properties": {
        "@id": "way/572339608",
        "addr:postcode": "1200",
        "addr:street": "Илинденска",
        "amenity": "school",
        "email": "s.medicina@t.mk",
        "name": "ОСМУ Никола Штејн",
        "name:en": "HMMS Nikola Shtejn",
        "name:mk": "ОСМУ Никола Штејн",
        "name:sq": "SHMKM Nikolla Shtejn",
        "opening_hours": "Mo-Fr 07:00-20:00",
        "phone": "38944339110",
        "website": "http://nstejn.edu.mk",
        "@geometry": "center"
      },
      "geometry": {
        "type": "Point",
        "coordinates": [
          20.9610784,
          41.9930705
        ]
      },
      "id": "way/572339608"
    },
    {
      "type": "Feature",
      "properties": {
        "@id": "way/577146046",
        "amenity": "school",
        "name": "Петар Поп Арсов",
        "@geometry": "center"
      },
      "geometry": {
        "type": "Point",
        "coordinates": [
          21.3878233,
          42.0063887
        ]
      },
      "id": "way/577146046"
    },
    {
      "type": "Feature",
      "properties": {
        "@id": "way/578229353",
        "addr:city": "Виница",
        "addr:housenumber": "16",
        "addr:postcode": "2310",
        "addr:street": "Braka Miladinovci",
        "amenity": "police",
        "building": "yes",
        "name": "ПС Виница",
        "operator": "МВР на РМ",
        "phone": "+389 33 363122",
        "@geometry": "center"
      },
      "geometry": {
        "type": "Point",
        "coordinates": [
          22.5035151,
          41.8847346
        ]
      },
      "id": "way/578229353"
    },
    {
      "type": "Feature",
      "properties": {
        "@id": "way/579386164",
        "addr:city": "Струга",
        "addr:housenumber": "4",
        "addr:street": "Јово Стефаноски - Риле",
        "amenity": "school",
        "name": "ООУ Браќа Миладиновци",
        "name:sq": "Shkolla Fillore \"Vëllezërit Milladinov\"",
        "wikidata": "Q12909047",
        "wikipedia": "mk:ОУ „Браќа Миладиновци“ - Струга",
        "@geometry": "center"
      },
      "geometry": {
        "type": "Point",
        "coordinates": [
          20.6846372,
          41.1750078
        ]
      },
      "id": "way/579386164"
    },
    {
      "type": "Feature",
      "properties": {
        "@id": "way/579388479",
        "addr:city": "Струга",
        "addr:housenumber": "ББ",
        "addr:street": "Туристичка",
        "amenity": "townhall",
        "building": "yes",
        "name": "ЛС Струга",
        "name:sq": "Komuna e Strugës",
        "operator": "ЗЕЛС",
        "@geometry": "center"
      },
      "geometry": {
        "type": "Point",
        "coordinates": [
          20.6801477,
          41.1781874
        ]
      },
      "id": "way/579388479"
    },
    {
      "type": "Feature",
      "properties": {
        "@id": "way/579708241",
        "amenity": "school",
        "name": "ООУ Јосип Броз - Тито",
        "@geometry": "center"
      },
      "geometry": {
        "type": "Point",
        "coordinates": [
          20.6691118,
          41.1751285
        ]
      },
      "id": "way/579708241"
    },
    {
      "type": "Feature",
      "properties": {
        "@id": "way/585118824",
        "amenity": "school",
        "name": "Тошо Велков Пепето",
        "@geometry": "center"
      },
      "geometry": {
        "type": "Point",
        "coordinates": [
          22.0167919,
          41.4374831
        ]
      },
      "id": "way/585118824"
    },
    {
      "type": "Feature",
      "properties": {
        "@id": "way/612628053",
        "amenity": "school",
        "name": "ОУ Мирче Ацев",
        "@geometry": "center"
      },
      "geometry": {
        "type": "Point",
        "coordinates": [
          21.3508135,
          42.0081353
        ]
      },
      "id": "way/612628053"
    },
    {
      "type": "Feature",
      "properties": {
        "@id": "way/620649954",
        "amenity": "school",
        "name": "ПООУ Стале Попов",
        "name:en": "Stale Popov AEMS",
        "@geometry": "center"
      },
      "geometry": {
        "type": "Point",
        "coordinates": [
          21.6284706,
          41.2917288
        ]
      },
      "id": "way/620649954"
    },
    {
      "type": "Feature",
      "properties": {
        "@id": "way/666492759",
        "amenity": "hospital",
        "building": "yes",
        "healthcare": "hospital",
        "name": "Здравствен дом Велес",
        "@geometry": "center"
      },
      "geometry": {
        "type": "Point",
        "coordinates": [
          21.7794859,
          41.7171975
        ]
      },
      "id": "way/666492759"
    },
    {
      "type": "Feature",
      "properties": {
        "@id": "way/671994292",
        "addr:city": "Струга",
        "amenity": "hospital",
        "healthcare": "hospital",
        "name": "Институт за нефрологија",
        "name:en": "Institute of Nephrology",
        "name:sq": "IPSH Instituti i Nefrologjise - Strugë",
        "@geometry": "center"
      },
      "geometry": {
        "type": "Point",
        "coordinates": [
          20.6947646,
          41.172429
        ]
      },
      "id": "way/671994292"
    },
    {
      "type": "Feature",
      "properties": {
        "@id": "way/677899122",
        "amenity": "hospital",
        "healthcare": "hospital",
        "name": "Партизанска Болница",
        "@geometry": "center"
      },
      "geometry": {
        "type": "Point",
        "coordinates": [
          22.4647113,
          41.7611708
        ]
      },
      "id": "way/677899122"
    },
    {
      "type": "Feature",
      "properties": {
        "@id": "way/707017724",
        "amenity": "school",
        "name": "Shkolla Emin Duraku",
        "website": "http://eminduraku.edu.mk/",
        "@geometry": "center"
      },
      "geometry": {
        "type": "Point",
        "coordinates": [
          21.2378011,
          41.973436
        ]
      },
      "id": "way/707017724"
    },
    {
      "type": "Feature",
      "properties": {
        "@id": "way/718351562",
        "amenity": "police",
        "name": "Полиција (РС/МК)",
        "name:en": "Integrated Border Crossing Presevo–Tabanovce",
        "name:fr": "Poste frontière intégré Presevo–Tabanovce",
        "name:mk": "Интегриран граничен премин Прешево–Табановце",
        "name:sq": "Kalimi kufitar i integruar Preshevë–Tabanoc",
        "name:sr": "Интегрисани гранични прелаз Прешево–Табановце",
        "name:sr-Latn": "Integrisani granični prelaz Preševo–Tabanovce",
        "@geometry": "center"
      },
      "geometry": {
        "type": "Point",
        "coordinates": [
          21.7031935,
          42.2383471
        ]
      },
      "id": "way/718351562"
    },
    {
      "type": "Feature",
      "properties": {
        "@id": "node/738836547",
        "amenity": "school",
        "name": "Партенија Зографски"
      },
      "geometry": {
        "type": "Point",
        "coordinates": [
          21.4363017,
          41.982566
        ]
      },
      "id": "node/738836547"
    },
    {
      "type": "Feature",
      "properties": {
        "@id": "way/768658360",
        "amenity": "police",
        "barrier": "border_control",
        "building": "yes",
        "name": "Vendkalimi Kufitar Stançiç - Bellanoc / Белановце",
        "@geometry": "center"
      },
      "geometry": {
        "type": "Point",
        "coordinates": [
          21.5495567,
          42.2534706
        ]
      },
      "id": "way/768658360"
    },
    {
      "type": "Feature",
      "properties": {
        "@id": "way/770390209",
        "addr:city": "Другово",
        "addr:postcode": "6261",
        "addr:street": "Гоце Делчев",
        "amenity": "school",
        "name": "ООУ Христо Узунов",
        "name:en": "Hristo Uzunov EMS",
        "religion": "none",
        "@geometry": "center"
      },
      "geometry": {
        "type": "Point",
        "coordinates": [
          20.9223388,
          41.483621
        ]
      },
      "id": "way/770390209"
    },
    {
      "type": "Feature",
      "properties": {
        "@id": "node/774784615",
        "amenity": "hospital",
        "name": "Здравствен дом Ресен",
        "name:mk": "Здравствен дом Ресен"
      },
      "geometry": {
        "type": "Point",
        "coordinates": [
          21.0073455,
          41.0899619
        ]
      },
      "id": "node/774784615"
    },
    {
      "type": "Feature",
      "properties": {
        "@id": "way/789965987",
        "addr:city": "Битола",
        "addr:housenumber": "61",
        "addr:postcode": "7000",
        "addr:street": "1. Мај",
        "amenity": "townhall",
        "building": "yes",
        "email": "bitola@t-home.mk",
        "fax": "+38947208307",
        "name": "ЛС Битола",
        "name:en": "City hall of Bitola",
        "phone": "+38947208442",
        "townhall:type": "city",
        "@geometry": "center"
      },
      "geometry": {
        "type": "Point",
        "coordinates": [
          21.3314847,
          41.0319632
        ]
      },
      "id": "way/789965987"
    },
    {
      "type": "Feature",
      "properties": {
        "@id": "way/816784591",
        "amenity": "school",
        "name": "ООУ Пере Тошев",
        "@geometry": "center"
      },
      "geometry": {
        "type": "Point",
        "coordinates": [
          21.9443785,
          41.5165734
        ]
      },
      "id": "way/816784591"
    },
    {
      "type": "Feature",
      "properties": {
        "@id": "way/818917959",
        "amenity": "hospital",
        "healthcare": "hospital",
        "name": "Општа Болница Кичево",
        "@geometry": "center"
      },
      "geometry": {
        "type": "Point",
        "coordinates": [
          20.9625622,
          41.5093373
        ]
      },
      "id": "way/818917959"
    },
    {
      "type": "Feature",
      "properties": {
        "@id": "way/818925856",
        "amenity": "school",
        "barrier": "fence",
        "name": "ООУ Кузман Јосифоски-Питу",
        "name:en": "Kuzman Josifoski-Pitu EMS",
        "name:mk": "ООУ Кузман Јосифоски-Питу",
        "@geometry": "center"
      },
      "geometry": {
        "type": "Point",
        "coordinates": [
          20.9557623,
          41.508851
        ]
      },
      "id": "way/818925856"
    },
    {
      "type": "Feature",
      "properties": {
        "@id": "way/820221684",
        "amenity": "police",
        "building": "yes",
        "name": "ИКТ",
        "@geometry": "center"
      },
      "geometry": {
        "type": "Point",
        "coordinates": [
          21.565888,
          41.3625054
        ]
      },
      "id": "way/820221684"
    },
    {
      "type": "Feature",
      "properties": {
        "@id": "way/828216346",
        "amenity": "school",
        "barrier": "fence",
        "name": "ООУ Др Владимир Полежиноски-Полежина",
        "name:en": "Dr Vladimir Polezhinoski-Polezina EMS",
        "name:mk": "ООУ Др Владимир Полежиноски-Полежина",
        "@geometry": "center"
      },
      "geometry": {
        "type": "Point",
        "coordinates": [
          20.9600529,
          41.5041768
        ]
      },
      "id": "way/828216346"
    },
    {
      "type": "Feature",
      "properties": {
        "@id": "way/828220333",
        "addr:street": "11 Септември",
        "amenity": "school",
        "name": "О.У Санде Штерјоски",
        "name:en": "O.U Sande Sterjoski",
        "@geometry": "center"
      },
      "geometry": {
        "type": "Point",
        "coordinates": [
          20.9575729,
          41.5189267
        ]
      },
      "id": "way/828220333"
    },
    {
      "type": "Feature",
      "properties": {
        "@id": "way/839015846",
        "addr:city": "Свети Николе",
        "addr:housenumber": "82",
        "addr:postcode": "2220",
        "addr:street": "Карпошева",
        "amenity": "hospital",
        "healthcare": "hospital",
        "name": "Нова амбуланта",
        "@geometry": "center"
      },
      "geometry": {
        "type": "Point",
        "coordinates": [
          21.9368935,
          41.8680197
        ]
      },
      "id": "way/839015846"
    },
    {
      "type": "Feature",
      "properties": {
        "@id": "way/839020774",
        "addr:city": "Свети Николе",
        "addr:housenumber": "39",
        "addr:postcode": "2220",
        "addr:street": "Септемвриска",
        "amenity": "hospital",
        "healthcare": "hospital",
        "name": "Примариус Др. Ѓорѓи Гаврилски",
        "name:en": "Primarius Dr. Gjorgji Gavrilski",
        "@geometry": "center"
      },
      "geometry": {
        "type": "Point",
        "coordinates": [
          21.9400907,
          41.8605963
        ]
      },
      "id": "way/839020774"
    },
    {
      "type": "Feature",
      "properties": {
        "@id": "way/839150798",
        "addr:city": "Свети Николе",
        "addr:housenumber": "24",
        "addr:postcode": "2220",
        "addr:street": "Кочо Рацин",
        "amenity": "school",
        "name": "СОУ „Кочо Рацин“",
        "name:en": "High School \"Kocho Racin\"",
        "@geometry": "center"
      },
      "geometry": {
        "type": "Point",
        "coordinates": [
          21.9385917,
          41.8655291
        ]
      },
      "id": "way/839150798"
    },
    {
      "type": "Feature",
      "properties": {
        "@id": "way/839150821",
        "amenity": "townhall",
        "building": "yes",
        "name": "Општина Свети Николе",
        "name:en": "Municipality Sveti Nikole",
        "@geometry": "center"
      },
      "geometry": {
        "type": "Point",
        "coordinates": [
          21.9416481,
          41.8647757
        ]
      },
      "id": "way/839150821"
    },
    {
      "type": "Feature",
      "properties": {
        "@id": "way/839153503",
        "addr:city": "Свети Николе",
        "addr:housenumber": "66",
        "addr:postcode": "2220",
        "addr:street": "Ангел Трајчев",
        "amenity": "school",
        "name": "ООУ „Кирил и Методиј“",
        "name:en": "Primary school \"Kiril and Metodij\"",
        "@geometry": "center"
      },
      "geometry": {
        "type": "Point",
        "coordinates": [
          21.9373393,
          41.8639141
        ]
      },
      "id": "way/839153503"
    },
    {
      "type": "Feature",
      "properties": {
        "@id": "way/839158984",
        "amenity": "police",
        "building": "yes",
        "name": "Полициска станица Свети Николе",
        "@geometry": "center"
      },
      "geometry": {
        "type": "Point",
        "coordinates": [
          21.9424644,
          41.8639175
        ]
      },
      "id": "way/839158984"
    },
    {
      "type": "Feature",
      "properties": {
        "@id": "way/839736611",
        "amenity": "school",
        "name": "Средно стручно училиште „Кочо Рацин“",
        "@geometry": "center"
      },
      "geometry": {
        "type": "Point",
        "coordinates": [
          21.9490153,
          41.8627384
        ]
      },
      "id": "way/839736611"
    },
    {
      "type": "Feature",
      "properties": {
        "@id": "way/840311371",
        "amenity": "courthouse",
        "building": "yes",
        "name": "Основен суд Свети Николе",
        "@geometry": "center"
      },
      "geometry": {
        "type": "Point",
        "coordinates": [
          21.944282,
          41.8650981
        ]
      },
      "id": "way/840311371"
    },
    {
      "type": "Feature",
      "properties": {
        "@id": "way/844322211",
        "amenity": "school",
        "name": "Kiril Pejchinovik",
        "@geometry": "center"
      },
      "geometry": {
        "type": "Point",
        "coordinates": [
          21.4443324,
          41.9781468
        ]
      },
      "id": "way/844322211"
    },
    {
      "type": "Feature",
      "properties": {
        "@id": "way/849618789",
        "addr:city": "Кочани",
        "addr:housenumber": "12",
        "addr:postcode": "2300",
        "addr:street": "Тодосија Паунов",
        "amenity": "police",
        "building": "yes",
        "name": "Полициска станица Кочани",
        "name:en": "Police Station Kochani",
        "opening_hours": "24/7",
        "@geometry": "center"
      },
      "geometry": {
        "type": "Point",
        "coordinates": [
          22.4139046,
          41.914059
        ]
      },
      "id": "way/849618789"
    },
    {
      "type": "Feature",
      "properties": {
        "@id": "node/850990939",
        "amenity": "school",
        "name": "о.у. \"Гоце Делчев\""
      },
      "geometry": {
        "type": "Point",
        "coordinates": [
          21.581798,
          41.9930543
        ]
      },
      "id": "node/850990939"
    },
    {
      "type": "Feature",
      "properties": {
        "@id": "way/859029872",
        "addr:city": "Прилеп",
        "addr:housenumber": "1А",
        "addr:postcode": "7500",
        "addr:street": "Цар Самоил",
        "amenity": "school",
        "barrier": "fence",
        "email": "rampolevkata@gmail.com",
        "name": "ООУ Народен Херој Рампо Левков-Левката",
        "name:en": "People's Hero Rampo Levkov-Levkata EMS",
        "name:mk": "ООУ Народен Херој Рампо Левков-Левката",
        "phone": "+38948422377",
        "website": "https://rampolevkataprilep.weebly.com/",
        "wikidata": "Q20568840",
        "wikipedia": "mk:ОУ „Рампо Левката“ - Прилеп",
        "@geometry": "center"
      },
      "geometry": {
        "type": "Point",
        "coordinates": [
          21.5540674,
          41.3377561
        ]
      },
      "id": "way/859029872"
    },
    {
      "type": "Feature",
      "properties": {
        "@id": "way/860988445",
        "addr:city": "Прилеп",
        "addr:housenumber": "2",
        "addr:postcode": "7510",
        "addr:street": "Мечкин Камен",
        "amenity": "school",
        "barrier": "fence",
        "name": "ООУ Ѓорѓи Делчев-Гоце",
        "name:en": "Gjorgi Delchev-Goce EMS",
        "website": "https://oougocedelcev.edu.mk/",
        "wikidata": "Q20567629",
        "wikipedia": "mk:ОУ „Гоце Делчев“ - Прилеп",
        "@geometry": "center"
      },
      "geometry": {
        "type": "Point",
        "coordinates": [
          21.5678226,
          41.3430617
        ]
      },
      "id": "way/860988445"
    },
    {
      "type": "Feature",
      "properties": {
        "@id": "way/861170117",
        "amenity": "school",
        "barrier": "fence",
        "name": "ПООУ Блаже Конески",
        "name:en": "Blazhe Koneski AEMS",
        "@geometry": "center"
      },
      "geometry": {
        "type": "Point",
        "coordinates": [
          21.5358158,
          41.3570965
        ]
      },
      "id": "way/861170117"
    },
    {
      "type": "Feature",
      "properties": {
        "@id": "way/863267699",
        "amenity": "hospital",
        "email": "bolnicapp@yahoo.com",
        "healthcare": "hospital",
        "name": "ГОБ Народен Херој Борка Талески-Црниот",
        "name:en": "People's hero Borka Taleski-Crniot GCH",
        "name:mk": "ГОБ Народен Херој Борка Талески-Црниот",
        "phone": "+38948422430;+38948407000",
        "wikidata": "Q57911493",
        "wikipedia": "mk:ЈЗУ Општа болница „Борка Талески“-Прилеп",
        "@geometry": "center"
      },
      "geometry": {
        "type": "Point",
        "coordinates": [
          21.5631096,
          41.3431
        ]
      },
      "id": "way/863267699"
    },
    {
      "type": "Feature",
      "properties": {
        "@id": "way/878963520",
        "amenity": "school",
        "barrier": "fence",
        "name": "ПООУ Народен Херој Круме Волнароски-Коле",
        "name:en": "People's Hero Krume Volnaroski-Kole AEMS",
        "name:mk": "ПООУ Народен Херој Круме Волнароски-Коле",
        "website": "https://ooukrumevolnaroski.edu.mk",
        "wikidata": "Q20568735",
        "wikipedia": "mk:ОУ „Круме Волнароски“ - Тополчани",
        "@geometry": "center"
      },
      "geometry": {
        "type": "Point",
        "coordinates": [
          21.4062116,
          41.2374165
        ]
      },
      "id": "way/878963520"
    },
    {
      "type": "Feature",
      "properties": {
        "@id": "way/878965708",
        "amenity": "school",
        "barrier": "fence",
        "name": "ПООУ Гоце Делчев",
        "name:en": "Goce Delchev AEMS",
        "@geometry": "center"
      },
      "geometry": {
        "type": "Point",
        "coordinates": [
          21.6530744,
          41.3676703
        ]
      },
      "id": "way/878965708"
    },
    {
      "type": "Feature",
      "properties": {
        "@id": "way/890973667",
        "amenity": "school",
        "barrier": "fence",
        "name": "ПООУ Кирил и Методиј",
        "name:en": "Kiril i Metodij AEMS",
        "phone": "+38948456217",
        "@geometry": "center"
      },
      "geometry": {
        "type": "Point",
        "coordinates": [
          21.4860526,
          41.2159241
        ]
      },
      "id": "way/890973667"
    },
    {
      "type": "Feature",
      "properties": {
        "@id": "way/891518919",
        "addr:city": "Кривогаштани",
        "addr:housenumber": "84",
        "addr:postcode": "7524",
        "addr:street": "Филип Втори",
        "amenity": "townhall",
        "building": "yes",
        "name": "ЛС Кривогаштани",
        "name:en": "Local selfgovernment of Krivogashtani",
        "townhall:type": "municipality",
        "@geometry": "center"
      },
      "geometry": {
        "type": "Point",
        "coordinates": [
          21.3314697,
          41.3371155
        ]
      },
      "id": "way/891518919"
    },
    {
      "type": "Feature",
      "properties": {
        "@id": "way/893146894",
        "amenity": "school",
        "barrier": "fence",
        "name": "ПООУ Народен Херој Круме Волнароски-Коле",
        "name:en": "People's Hero Krume Volnaroski-Kole AEMS",
        "name:mk": "ПООУ Народен Херој Круме Волнароски-Коле",
        "website": "https://ooukrumevolnaroski.edu.mk",
        "wikidata": "Q20568735",
        "wikipedia": "mk:ОУ „Круме Волнароски“ - Тополчани",
        "@geometry": "center"
      },
      "geometry": {
        "type": "Point",
        "coordinates": [
          21.5687655,
          41.2818867
        ]
      },
      "id": "way/893146894"
    },
    {
      "type": "Feature",
      "properties": {
        "@id": "way/893149557",
        "amenity": "school",
        "barrier": "fence",
        "name": "ПООУ Народен Херој Круме Волнароски-Коле",
        "name:en": "People's Hero Krume Volnaroski-Kole AEMS",
        "name:mk": "ПООУ Народен Херој Круме Волнароски-Коле",
        "website": "https://ooukrumevolnaroski.edu.mk",
        "wikidata": "Q20568735",
        "wikipedia": "mk:ОУ „Круме Волнароски“ - Тополчани",
        "@geometry": "center"
      },
      "geometry": {
        "type": "Point",
        "coordinates": [
          21.3953509,
          41.248553
        ]
      },
      "id": "way/893149557"
    },
    {
      "type": "Feature",
      "properties": {
        "@id": "way/893155848",
        "amenity": "school",
        "barrier": "fence",
        "name": "ПООУ Стале Попов",
        "name:en": "Stale Popov AEMS",
        "@geometry": "center"
      },
      "geometry": {
        "type": "Point",
        "coordinates": [
          21.6864288,
          41.1632546
        ]
      },
      "id": "way/893155848"
    },
    {
      "type": "Feature",
      "properties": {
        "@id": "way/893162091",
        "amenity": "school",
        "barrier": "fence",
        "name": "ПООУ Гоце Делчев",
        "name:en": "Goce Delchev AEMS",
        "@geometry": "center"
      },
      "geometry": {
        "type": "Point",
        "coordinates": [
          21.7406832,
          41.3724221
        ]
      },
      "id": "way/893162091"
    },
    {
      "type": "Feature",
      "properties": {
        "@id": "way/899133476",
        "amenity": "school",
        "barrier": "fence",
        "name": "ПООУ Стале Попов",
        "name:en": "Stale Popov AEMS",
        "@geometry": "center"
      },
      "geometry": {
        "type": "Point",
        "coordinates": [
          21.6706317,
          41.2799488
        ]
      },
      "id": "way/899133476"
    },
    {
      "type": "Feature",
      "properties": {
        "@id": "way/899134885",
        "addr:city": "Cкoпje",
        "addr:housenumber": "27",
        "addr:street": "Димитрије Чуповски",
        "amenity": "school",
        "check_date": "2024-08-26",
        "grades": "9-12",
        "name": "СУГС Гимназија „Јосип Броз-Тито”",
        "phone": "+389 2 3214 314",
        "website": "https://josipbroztito.edu.mk/",
        "@geometry": "center"
      },
      "geometry": {
        "type": "Point",
        "coordinates": [
          21.4261486,
          41.9943192
        ]
      },
      "id": "way/899134885"
    },
    {
      "type": "Feature",
      "properties": {
        "@id": "way/899182418",
        "amenity": "school",
        "barrier": "fence",
        "name": "ПООУ Стале Попов",
        "name:en": "Stale Popov AEMS",
        "@geometry": "center"
      },
      "geometry": {
        "type": "Point",
        "coordinates": [
          21.8238968,
          41.1473982
        ]
      },
      "id": "way/899182418"
    },
    {
      "type": "Feature",
      "properties": {
        "@id": "way/899195540",
        "amenity": "school",
        "barrier": "fence",
        "name": "ПООУ Рампо Левков-Левката",
        "name:en": "Rampo Levkov=levkata AEMS",
        "@geometry": "center"
      },
      "geometry": {
        "type": "Point",
        "coordinates": [
          21.5767984,
          41.3259156
        ]
      },
      "id": "way/899195540"
    },
    {
      "type": "Feature",
      "properties": {
        "@id": "way/899449838",
        "amenity": "school",
        "barrier": "fence",
        "name": "ПООУ Кирил и Методиј",
        "name:en": "Kiril i Metodij AEMS",
        "phone": "+38948456217",
        "wikidata": "Q12909070",
        "wikipedia": "mk:ОУ „Кирил и Методиј“ - Канатларци",
        "@geometry": "center"
      },
      "geometry": {
        "type": "Point",
        "coordinates": [
          21.5963339,
          41.1795491
        ]
      },
      "id": "way/899449838"
    },
    {
      "type": "Feature",
      "properties": {
        "@id": "way/899453104",
        "amenity": "school",
        "barrier": "fence",
        "name": "ПООУ Кирил и Методиј",
        "name:en": "Kiril i Metodij AEMS",
        "phone": "+38948456217",
        "@geometry": "center"
      },
      "geometry": {
        "type": "Point",
        "coordinates": [
          21.5473356,
          41.2311074
        ]
      },
      "id": "way/899453104"
    },
    {
      "type": "Feature",
      "properties": {
        "@id": "way/899463572",
        "amenity": "school",
        "barrier": "fence",
        "name": "ПООУ Народен Херој Круме Волнароски-Коле",
        "name:en": "People's Hero Krume Volnaroski-Kole AEMS",
        "name:mk": "ПООУ Народен Херој Круме Волнароски-Коле",
        "website": "https://ooukrumevolnaroski.edu.mk",
        "wikidata": "Q20568735",
        "wikipedia": "mk:ОУ „Круме Волнароски“ - Тополчани",
        "@geometry": "center"
      },
      "geometry": {
        "type": "Point",
        "coordinates": [
          21.5675271,
          41.302003
        ]
      },
      "id": "way/899463572"
    },
    {
      "type": "Feature",
      "properties": {
        "@id": "way/899468318",
        "amenity": "school",
        "name": "ПООУ Стале Попов",
        "name:en": "Stale Popov AEMS",
        "@geometry": "center"
      },
      "geometry": {
        "type": "Point",
        "coordinates": [
          21.727812,
          41.1669231
        ]
      },
      "id": "way/899468318"
    },
    {
      "type": "Feature",
      "properties": {
        "@id": "way/899479866",
        "amenity": "townhall",
        "building": "yes",
        "name": "МЗ Крушевица",
        "name:en": "RC Krushevica",
        "townhall:type": "village",
        "@geometry": "center"
      },
      "geometry": {
        "type": "Point",
        "coordinates": [
          21.6534885,
          41.2061646
        ]
      },
      "id": "way/899479866"
    },
    {
      "type": "Feature",
      "properties": {
        "@id": "way/899479867",
        "amenity": "school",
        "barrier": "fence",
        "name": "ПООУ Стале Попов",
        "name:en": "Stale Popov AEMS",
        "@geometry": "center"
      },
      "geometry": {
        "type": "Point",
        "coordinates": [
          21.6535332,
          41.2057657
        ]
      },
      "id": "way/899479867"
    },
    {
      "type": "Feature",
      "properties": {
        "@id": "way/899622223",
        "amenity": "school",
        "barrier": "fence",
        "name": "ПООУ Стале Попов",
        "name:en": "Stale Popov AEMS",
        "@geometry": "center"
      },
      "geometry": {
        "type": "Point",
        "coordinates": [
          21.7828243,
          41.1387345
        ]
      },
      "id": "way/899622223"
    },
    {
      "type": "Feature",
      "properties": {
        "@id": "way/899627680",
        "amenity": "school",
        "barrier": "fence",
        "name": "ПООУ Кирил и Методиј",
        "name:en": "Kiril i Metodij AEMS",
        "phone": "+38948456217",
        "@geometry": "center"
      },
      "geometry": {
        "type": "Point",
        "coordinates": [
          21.5991838,
          41.2307299
        ]
      },
      "id": "way/899627680"
    },
    {
      "type": "Feature",
      "properties": {
        "@id": "way/899641936",
        "amenity": "school",
        "barrier": "fence",
        "name": "ООУ Стале Попов",
        "name:en": "Stale Popov EMS",
        "@geometry": "center"
      },
      "geometry": {
        "type": "Point",
        "coordinates": [
          21.8262467,
          41.1771977
        ]
      },
      "id": "way/899641936"
    },
    {
      "type": "Feature",
      "properties": {
        "@id": "way/899641940",
        "amenity": "police",
        "building": "yes",
        "name": "ПС Витолиште",
        "name:en": "Vitolishte PS",
        "@geometry": "center"
      },
      "geometry": {
        "type": "Point",
        "coordinates": [
          21.8251872,
          41.1777035
        ]
      },
      "id": "way/899641940"
    },
    {
      "type": "Feature",
      "properties": {
        "@id": "way/899655606",
        "amenity": "school",
        "name": "ПООУ Стале Попов",
        "name:en": "Stale Popov AEMS",
        "@geometry": "center"
      },
      "geometry": {
        "type": "Point",
        "coordinates": [
          21.6912293,
          41.2587279
        ]
      },
      "id": "way/899655606"
    },
    {
      "type": "Feature",
      "properties": {
        "@id": "way/899660530",
        "amenity": "school",
        "barrier": "fence",
        "name": "ООУ Кирил и Методиј",
        "name:en": "Kiril i Metodij EMS",
        "phone": "+38948456217",
        "wikidata": "Q12909070",
        "wikipedia": "mk:ОУ „Кирил и Методиј“ - Канатларци",
        "@geometry": "center"
      },
      "geometry": {
        "type": "Point",
        "coordinates": [
          21.4985384,
          41.2128944
        ]
      },
      "id": "way/899660530"
    },
    {
      "type": "Feature",
      "properties": {
        "@id": "way/899660532",
        "amenity": "school",
        "barrier": "fence",
        "name": "ПООУ Кирил и Методиј",
        "name:en": "Kiril i Metodij AEMS",
        "phone": "+38948456217",
        "@geometry": "center"
      },
      "geometry": {
        "type": "Point",
        "coordinates": [
          21.5670311,
          41.2002623
        ]
      },
      "id": "way/899660532"
    },
    {
      "type": "Feature",
      "properties": {
        "@id": "way/899882844",
        "amenity": "school",
        "barrier": "fence",
        "name": "ПООУ Стале Попов",
        "name:en": "Stale Popov AEMS",
        "@geometry": "center"
      },
      "geometry": {
        "type": "Point",
        "coordinates": [
          21.6457696,
          41.2553308
        ]
      },
      "id": "way/899882844"
    },
    {
      "type": "Feature",
      "properties": {
        "@id": "way/899882852",
        "amenity": "school",
        "barrier": "fence",
        "name": "ПООУ Круме Волнароски-Коља",
        "name:en": "Krume Volnaroski-Kolja AEMS",
        "@geometry": "center"
      },
      "geometry": {
        "type": "Point",
        "coordinates": [
          21.4616361,
          41.2033999
        ]
      },
      "id": "way/899882852"
    },
    {
      "type": "Feature",
      "properties": {
        "@id": "way/899882864",
        "amenity": "school",
        "barrier": "fence",
        "name": "ПООУ",
        "name:en": "AEMS",
        "@geometry": "center"
      },
      "geometry": {
        "type": "Point",
        "coordinates": [
          21.6702259,
          41.4028723
        ]
      },
      "id": "way/899882864"
    },
    {
      "type": "Feature",
      "properties": {
        "@id": "way/905876264",
        "amenity": "school",
        "barrier": "fence",
        "name": "Наце Николоски",
        "name:en": "Nace Nikoloski",
        "name:mk": "Наце Николоски",
        "source": "Mapbox",
        "@geometry": "center"
      },
      "geometry": {
        "type": "Point",
        "coordinates": [
          20.6487481,
          41.3660832
        ]
      },
      "id": "way/905876264"
    },
    {
      "type": "Feature",
      "properties": {
        "@id": "way/914465149",
        "amenity": "school",
        "barrier": "fence",
        "name": "ОМУ Ордан Михајлоски-Оцка",
        "name:en": "Ordan Mihajloski-Ocka EMS",
        "name:mk": "ОМУ Ордан Михајлоски-Оцка",
        "phone": "+38948415715",
        "website": "https://muzickoprilep.edu.mk/",
        "@geometry": "center"
      },
      "geometry": {
        "type": "Point",
        "coordinates": [
          21.5539975,
          41.3435827
        ]
      },
      "id": "way/914465149"
    },
    {
      "type": "Feature",
      "properties": {
        "@id": "way/914466874",
        "amenity": "school",
        "barrier": "fence",
        "name": "ООУ Блаже Конески",
        "name:en": "Blazhe Koneski EMS",
        "name:mk": "ООУ Блаже Конески",
        "website": "https://oublazekoneski.edu.mk/",
        "wikidata": "Q20567489",
        "wikipedia": "mk:ОУ „Блаже Конески“ - Прилеп",
        "@geometry": "center"
      },
      "geometry": {
        "type": "Point",
        "coordinates": [
          21.5371492,
          41.3512584
        ]
      },
      "id": "way/914466874"
    },
    {
      "type": "Feature",
      "properties": {
        "@id": "way/915203317",
        "amenity": "school",
        "barrier": "fence",
        "name": "ООУ Добре Јованоски",
        "name:en": "Dobre Jovanoski EMS",
        "name:mk": "ООУ Добре Јованоски",
        "website": "https://ooudobrejovanoski.edu.mk/",
        "wikidata": "Q20568539",
        "wikipedia": "mk:ОУ „Добре Јовановски“ - Прилеп",
        "@geometry": "center"
      },
      "geometry": {
        "type": "Point",
        "coordinates": [
          21.5521951,
          41.3530967
        ]
      },
      "id": "way/915203317"
    },
    {
      "type": "Feature",
      "properties": {
        "@id": "way/915205457",
        "amenity": "school",
        "barrier": "fence",
        "name": "ООУ Народен Херој Кире Гаврилоски-Јане",
        "name:en": "People's hero Kire Gavriloski-Jane EMS",
        "name:mk": "ООУ Народен Херој Кире Гаврилоски-Јане",
        "website": "https://www.ooukgjane.edu.mk/",
        "wikidata": "Q20567771",
        "wikipedia": "mk:ОУ „Кире Гаврилоски-Јане“ - Прилеп",
        "@geometry": "center"
      },
      "geometry": {
        "type": "Point",
        "coordinates": [
          21.560971,
          41.3476578
        ]
      },
      "id": "way/915205457"
    },
    {
      "type": "Feature",
      "properties": {
        "@id": "way/915207488",
        "addr:city": "Прилеп",
        "addr:housenumber": "0",
        "addr:postcode": "7500",
        "addr:street": "Архиепископ Доситеј",
        "amenity": "school",
        "barrier": "fence",
        "email": "oukohridski@t-home.mk",
        "name": "ООУ Климент Охридски",
        "name:en": "Kliment Ohridski EMS",
        "name:mk": "ООУ Климент Охридски",
        "website": "https://ooukohridski.wordpress.com/",
        "wikidata": "Q20568653",
        "wikipedia": "mk:ОУ „Климент Охридски“ - Прилеп",
        "@geometry": "center"
      },
      "geometry": {
        "type": "Point",
        "coordinates": [
          21.5481514,
          41.3458971
        ]
      },
      "id": "way/915207488"
    },
    {
      "type": "Feature",
      "properties": {
        "@id": "way/918943444",
        "addr:city": "Прилеп",
        "addr:housenumber": "64",
        "addr:postcode": "7500",
        "addr:street": "Борка Талески-Модерното",
        "amenity": "school",
        "barrier": "fence",
        "name": "ООУ Коста Солев-Кочо Рацин",
        "name:en": "Kosta Solev-Kocho Racin EMS",
        "phone": "+38948425772",
        "website": "http://ooukocoracinprilep.edu.mk/",
        "wikidata": "Q12909190",
        "wikipedia": "mk:ОУ „Кочо Рацин“ - Прилеп",
        "@geometry": "center"
      },
      "geometry": {
        "type": "Point",
        "coordinates": [
          21.554578,
          41.3437266
        ]
      },
      "id": "way/918943444"
    },
    {
      "type": "Feature",
      "properties": {
        "@id": "way/922175325",
        "addr:city": "Cкoпje",
        "addr:housenumber": "14",
        "addr:postcode": "1000",
        "addr:street": "Aдам Мицкиевиќ",
        "amenity": "school",
        "email": "ooukirogligorov@yahoo.com;contakt@ooukirogligorov.edu.mk",
        "grades": "1-9",
        "name": "ООУ,,Киро Глигоров''",
        "name:en": "OOU Kiro Gligorov",
        "phone": "+38926142744;+38926142745",
        "website": "https://www.ooukirogligorov.edu.mk/",
        "@geometry": "center"
      },
      "geometry": {
        "type": "Point",
        "coordinates": [
          21.4143238,
          41.9925398
        ]
      },
      "id": "way/922175325"
    },
    {
      "type": "Feature",
      "properties": {
        "@id": "way/929187741",
        "amenity": "school",
        "barrier": "fence",
        "name": "ПООУ Ѓорче Петров",
        "name:en": "Gjorche Petrov AEMS",
        "@geometry": "center"
      },
      "geometry": {
        "type": "Point",
        "coordinates": [
          21.3990754,
          41.4610251
        ]
      },
      "id": "way/929187741"
    },
    {
      "type": "Feature",
      "properties": {
        "@id": "way/956043144",
        "addr:city": "skopje",
        "addr:postcode": "1000",
        "addr:street": "Алекса Демниевски",
        "amenity": "hospital",
        "email": "nmk@santeplusgroup.com",
        "healthcare": "hospital",
        "name": "Санте Плус",
        "name:en": "Sante Plus",
        "phone": "+38925112016",
        "website": "https://www.santeplusgroup.com/sante-plus-n-macedonia-1",
        "@geometry": "center"
      },
      "geometry": {
        "type": "Point",
        "coordinates": [
          21.3441436,
          42.0045326
        ]
      },
      "id": "way/956043144"
    },
    {
      "type": "Feature",
      "properties": {
        "@id": "way/957920007",
        "amenity": "school",
        "barrier": "fence",
        "name": "ОУ Исмаил Ќемали",
        "name:en": "Ismail Kjemali AEMS",
        "name:mk": "ОУ Исмаил Ќемали",
        "name:sq": "ShF Ismail Qemali",
        "polling_station": "yes",
        "@geometry": "center"
      },
      "geometry": {
        "type": "Point",
        "coordinates": [
          21.4134382,
          41.5272482
        ]
      },
      "id": "way/957920007"
    },
    {
      "type": "Feature",
      "properties": {
        "@id": "way/991234632",
        "addr:city": "Прилеп",
        "addr:postcode": "7500",
        "amenity": "school",
        "barrier": "fence",
        "name": "ПООУ Коста Солев-Кочо Рацин",
        "name:en": "Kosta Solev-Kocho Racin AEMS",
        "website": "http://ooukocoracinprilep.edu.mk/",
        "wikidata": "Q12909190",
        "wikipedia": "mk:ОУ „Кочо Рацин“ - Прилеп",
        "@geometry": "center"
      },
      "geometry": {
        "type": "Point",
        "coordinates": [
          21.5607908,
          41.3402863
        ]
      },
      "id": "way/991234632"
    },
    {
      "type": "Feature",
      "properties": {
        "@id": "way/992188591",
        "amenity": "school",
        "barrier": "fence",
        "name": "ПООУ Тодор Ангелевски-Тошо Даскало",
        "name:en": "Todor Angelevski-Tosho Daskalot AEMS",
        "name:mk": "ПООУ Тодор Ангелевски-Тошо Даскалот",
        "wikidata": "Q12909396",
        "wikipedia": "mk:ПОУ „Тодор Ангелевски“ - Горно Оризари",
        "@geometry": "center"
      },
      "geometry": {
        "type": "Point",
        "coordinates": [
          21.3414536,
          41.0551674
        ]
      },
      "id": "way/992188591"
    },
    {
      "type": "Feature",
      "properties": {
        "@id": "way/992188593",
        "addr:city": "Битола",
        "addr:housenumber": "62",
        "addr:postcode": "7000",
        "addr:street": "Илинденска",
        "amenity": "school",
        "barrier": "fence",
        "email": "todorangelevski@hotmail.com",
        "name": "ООУ Тодор Ангелевски-Тошо Даскалот",
        "name:en": "Todor Angelevski-Tosho Daskalot EMS",
        "name:mk": "ООУ Тодор Ангелевски-Тошо Даскалот",
        "phone": "+38947622337",
        "website": "http://todorangelevski.blogspot.com/",
        "wikidata": "Q12911556",
        "wikipedia": "mk:ЦОУ „Тодор Ангелевски“ - Битола",
        "@geometry": "center"
      },
      "geometry": {
        "type": "Point",
        "coordinates": [
          21.3387127,
          41.0370877
        ]
      },
      "id": "way/992188593"
    },
    {
      "type": "Feature",
      "properties": {
        "@id": "way/992188601",
        "amenity": "school",
        "barrier": "fence",
        "name": "ООУ Никола Тодоровски-Коле Канински",
        "name:en": "Nikola Todorovski-Kole Kaninski EMS",
        "name:mk": "ООУ Никола Тодоровски-Коле Канински",
        "website": "https://oukolekaninski.wordpress.com/",
        "wikidata": "Q20568664",
        "wikipedia": "mk:ОУ „Коле Канински“ - Битола",
        "@geometry": "center"
      },
      "geometry": {
        "type": "Point",
        "coordinates": [
          21.3437856,
          41.0258381
        ]
      },
      "id": "way/992188601"
    },
    {
      "type": "Feature",
      "properties": {
        "@id": "way/992188604",
        "addr:city": "Битола",
        "addr:housenumber": "0",
        "addr:postcode": "7000",
        "addr:street": "1. Мај",
        "amenity": "school",
        "barrier": "fence",
        "email": "sv.kim.bitola@gmail",
        "name": "ООУ Св. Кирил и Методиј",
        "name:en": "St. Cyril and Methodius EMS",
        "name:mk": "ООУ Св. Кирил и Методиј",
        "phone": "+38947237222",
        "website": "https://oukimbt.webs.com/",
        "wikidata": "Q20568967",
        "wikipedia": "mk:ОУ „Св. Кирил и Методиј“ - Битола",
        "@geometry": "center"
      },
      "geometry": {
        "type": "Point",
        "coordinates": [
          21.3389734,
          41.030829
        ]
      },
      "id": "way/992188604"
    },
    {
      "type": "Feature",
      "properties": {
        "@id": "way/992188613",
        "addr:city": "Битола",
        "addr:housenumber": "0",
        "addr:postcode": "7000",
        "addr:street": "Димче Лахчански",
        "amenity": "school",
        "barrier": "fence",
        "email": "ouklimentbt@yahoo.com",
        "fax": "+38947252733",
        "name": "ООУ Св. Климент Охридски",
        "name:en": "St. Clement of Ohrid EMS",
        "name:mk": "ООУ Св. Климент Охридски",
        "phone": "+38947255737",
        "website": "http://ousvklimentohridskibt.weebly.com/",
        "wikidata": "Q12909232",
        "wikipedia": "mk:ОУ „Св. Климент Охридски“ - Битола",
        "@geometry": "center"
      },
      "geometry": {
        "type": "Point",
        "coordinates": [
          21.3090538,
          41.0240314
        ]
      },
      "id": "way/992188613"
    },
    {
      "type": "Feature",
      "properties": {
        "@id": "way/992188617",
        "addr:city": "Битола",
        "addr:housenumber": "32",
        "addr:postcode": "7000",
        "addr:street": "Димитар Влахов",
        "amenity": "school",
        "barrier": "fence",
        "name": "ООУ Ѓорѓи Сугарев-Волкан",
        "name:en": "Gjorgji Sugarev-Volkan EMS",
        "name:mk": "ООУ Ѓорѓи Сугарев-Волкан",
        "website": "https://gorgisugarev.wordpress.com/",
        "wikidata": "Q12909125",
        "wikipedia": "mk:ОУ „Ѓорѓи Сугарев“ - Битола",
        "@geometry": "center"
      },
      "geometry": {
        "type": "Point",
        "coordinates": [
          21.3336381,
          41.0341328
        ]
      },
      "id": "way/992188617"
    },
    {
      "type": "Feature",
      "properties": {
        "@id": "way/992188627",
        "amenity": "school",
        "barrier": "fence",
        "email": "stinaumov@gmail.com",
        "fax": "+38947223364",
        "name": "ООУ Народен Херој Стефан Наумов-Стив",
        "name:en": "People's Hero Stefan Naumov-Stiv EMS",
        "name:mk": "ООУ Народен Херој Стефан Наумов-Стив",
        "phone": "+38947223364",
        "website": "http://oustivnaumovbt.edu.mk/",
        "wikidata": "Q20568997",
        "wikipedia": "mk:ОУ „Стив Наумов“ - Битола",
        "@geometry": "center"
      },
      "geometry": {
        "type": "Point",
        "coordinates": [
          21.3263744,
          41.0275757
        ]
      },
      "id": "way/992188627"
    },
    {
      "type": "Feature",
      "properties": {
        "@id": "way/992188629",
        "addr:city": "Битола",
        "addr:housenumber": "50",
        "addr:postcode": "7000",
        "addr:street": "Охридска",
        "amenity": "school",
        "barrier": "fence",
        "fax": "+38947231240",
        "name": "ООУ Др Трифун Пановски",
        "name:en": "Dr Trifun Panovski EMS",
        "name:mk": "ООУ Др Трифун Пановски",
        "phone": "+38947231240",
        "website": "https://trifunpanovskibitola.wordpress.com/",
        "wikidata": "Q20568507",
        "wikipedia": "mk:ОУ „Д-р Трифун Пановски“ - Битола",
        "@geometry": "center"
      },
      "geometry": {
        "type": "Point",
        "coordinates": [
          21.3272882,
          41.0310581
        ]
      },
      "id": "way/992188629"
    },
    {
      "type": "Feature",
      "properties": {
        "@id": "way/992188637",
        "addr:city": "Битола",
        "addr:housenumber": "4",
        "addr:postcode": "7000",
        "addr:street": "Младински Бригади",
        "amenity": "school",
        "barrier": "fence",
        "fax": "+38947203788",
        "name": "ООУ Народен Херој Елпида Караманди-Бисера",
        "name:en": "People's Hero Elpida Karamandi-Bisera EMS",
        "name:mk": "ООУ Народен Херој Елпида Караманди-Бисера",
        "phone": "+38947253798",
        "website": "https://www.elpidakaramandi.edu.mk/",
        "wikidata": "Q12909177",
        "wikipedia": "mk:ОУ „Елпида Караманди“ - Битола",
        "@geometry": "center"
      },
      "geometry": {
        "type": "Point",
        "coordinates": [
          21.3127102,
          41.031339
        ]
      },
      "id": "way/992188637"
    },
    {
      "type": "Feature",
      "properties": {
        "@id": "way/999516015",
        "amenity": "townhall",
        "building": "yes",
        "name": "Orman's village hall",
        "@geometry": "center"
      },
      "geometry": {
        "type": "Point",
        "coordinates": [
          20.7850788,
          41.1398529
        ]
      },
      "id": "way/999516015"
    },
    {
      "type": "Feature",
      "properties": {
        "@id": "way/1000936466",
        "addr:city": "Скопје",
        "addr:housenumber": "бб",
        "addr:postcode": "1000",
        "addr:street": "Рекреативен центар",
        "amenity": "townhall",
        "building": "yes",
        "name": "Општина Сарај",
        "@geometry": "center"
      },
      "geometry": {
        "type": "Point",
        "coordinates": [
          21.3354861,
          42.001318
        ]
      },
      "id": "way/1000936466"
    },
    {
      "type": "Feature",
      "properties": {
        "@id": "way/1001087615",
        "addr:city": "Скопје",
        "addr:country": "MK",
        "addr:housenumber": "б. б",
        "addr:postcode": "1000",
        "addr:street": "Бранко Заревски",
        "amenity": "police",
        "building": "yes",
        "name": "Полициска станица Драчево",
        "@geometry": "center"
      },
      "geometry": {
        "type": "Point",
        "coordinates": [
          21.5141723,
          41.9394205
        ]
      },
      "id": "way/1001087615"
    },
    {
      "type": "Feature",
      "properties": {
        "@id": "way/1001092512",
        "addr:city": "Скопје",
        "addr:postcode": "1000",
        "addr:street": "Бутелска",
        "amenity": "police",
        "building": "yes",
        "int_name": "Police station - Butel",
        "name": "Полициска станица - Бутел",
        "@geometry": "center"
      },
      "geometry": {
        "type": "Point",
        "coordinates": [
          21.4464771,
          42.0376462
        ]
      },
      "id": "way/1001092512"
    },
    {
      "type": "Feature",
      "properties": {
        "@id": "way/1001106179",
        "addr:city": "Скопје",
        "addr:country": "MK",
        "addr:housenumber": "73",
        "addr:postcode": "1000",
        "addr:street": "Булевар Ѓорче Петров",
        "amenity": "townhall",
        "building": "yes",
        "name": "Општина Ѓорче Петров",
        "@geometry": "center"
      },
      "geometry": {
        "type": "Point",
        "coordinates": [
          21.3501962,
          42.0059344
        ]
      },
      "id": "way/1001106179"
    },
    {
      "type": "Feature",
      "properties": {
        "@id": "way/1001108745",
        "addr:city": "Cкoпje",
        "addr:country": "MK",
        "addr:housenumber": "9",
        "addr:postcode": "1000",
        "addr:street": "Радика",
        "amenity": "townhall",
        "building": "yes",
        "name": "Општина Карпош",
        "@geometry": "center"
      },
      "geometry": {
        "type": "Point",
        "coordinates": [
          21.3975274,
          42.005554
        ]
      },
      "id": "way/1001108745"
    },
    {
      "type": "Feature",
      "properties": {
        "@id": "way/1001116861",
        "addr:city": "Скопје",
        "addr:housenumber": "бб",
        "addr:postcode": "1000",
        "addr:street": "Булевар Македонска Војска",
        "amenity": "police",
        "building": "yes",
        "name": "Полициска станица Ѓорче Петров",
        "@geometry": "center"
      },
      "geometry": {
        "type": "Point",
        "coordinates": [
          21.3621944,
          42.008782
        ]
      },
      "id": "way/1001116861"
    },
    {
      "type": "Feature",
      "properties": {
        "@id": "way/1002974675",
        "amenity": "school",
        "name": "Sv. Kliment Ohridski",
        "@geometry": "center"
      },
      "geometry": {
        "type": "Point",
        "coordinates": [
          20.7792765,
          41.1211009
        ]
      },
      "id": "way/1002974675"
    },
    {
      "type": "Feature",
      "properties": {
        "@id": "way/1009691552",
        "addr:city": "Cкoпje",
        "addr:housenumber": "11",
        "addr:postcode": "1000",
        "addr:street": "Скупи",
        "amenity": "school",
        "building": "school",
        "email": "info@ips.mk",
        "name": "International Primary School",
        "operator": "International Primary School",
        "operator:type": "private",
        "phone": "+38923073700;+38970239830",
        "website": "https://ips.mk",
        "@geometry": "center"
      },
      "geometry": {
        "type": "Point",
        "coordinates": [
          21.4033718,
          42.013977
        ]
      },
      "id": "way/1009691552"
    },
    {
      "type": "Feature",
      "properties": {
        "@id": "way/1044716329",
        "amenity": "school",
        "barrier": "fence",
        "name": "ПООУ Пецо Крстески-Даскалот",
        "name:en": "Peco Krsteski-Daskalot AEMSA",
        "name:mk": "ПООУ Пецо Крстески-Даскалот",
        "wikidata": "Q61121375",
        "wikipedia": "mk:ПУ „Пецо Даскалот“ - Вранче",
        "@geometry": "center"
      },
      "geometry": {
        "type": "Point",
        "coordinates": [
          21.3724461,
          41.3936621
        ]
      },
      "id": "way/1044716329"
    },
    {
      "type": "Feature",
      "properties": {
        "@id": "way/1047511357",
        "amenity": "school",
        "barrier": "fence",
        "name": "ПООУ Исмаил Ќемали",
        "name:en": "Ismail Kjemali AEMS",
        "wikidata": "Q83795720",
        "wikipedia": "mk:ПУ „Исмаил Ќемали“ - Гостиражни",
        "@geometry": "center"
      },
      "geometry": {
        "type": "Point",
        "coordinates": [
          21.4286406,
          41.5548757
        ]
      },
      "id": "way/1047511357"
    },
    {
      "type": "Feature",
      "properties": {
        "@id": "way/1047603395",
        "amenity": "school",
        "name": "ООУ Вера Циривири-Трена",
        "name:en": "Vera Ciriviri-Trena EMS",
        "wikidata": "Q20568365",
        "wikipedia": "mk:ОУ „Вера Циривири - Трена“ - Дебреште",
        "@geometry": "center"
      },
      "geometry": {
        "type": "Point",
        "coordinates": [
          21.3140552,
          41.4775057
        ]
      },
      "id": "way/1047603395"
    },
    {
      "type": "Feature",
      "properties": {
        "@id": "way/1047603415",
        "amenity": "school",
        "barrier": "fence",
        "name": "ПООУ Пере Тошев",
        "name:en": "Pere Toshev AEMS",
        "@geometry": "center"
      },
      "geometry": {
        "type": "Point",
        "coordinates": [
          21.4880817,
          41.4638916
        ]
      },
      "id": "way/1047603415"
    },
    {
      "type": "Feature",
      "properties": {
        "@id": "way/1047622468",
        "amenity": "school",
        "barrier": "fence",
        "name": "ООУ Пецо Крстески-Даскалот",
        "name:en": "Peco Krsteski-Daskalot EMS",
        "wikidata": "Q12909223",
        "wikipedia": "mk:ОУ „Пецо Даскалот“ - Долнени",
        "@geometry": "center"
      },
      "geometry": {
        "type": "Point",
        "coordinates": [
          21.4533306,
          41.4259226
        ]
      },
      "id": "way/1047622468"
    },
    {
      "type": "Feature",
      "properties": {
        "@id": "way/1047622477",
        "amenity": "school",
        "barrier": "fence",
        "name": "ПООУ Пере Тошев",
        "name:en": "Pere Toshev AEMS",
        "@geometry": "center"
      },
      "geometry": {
        "type": "Point",
        "coordinates": [
          21.5440716,
          41.4681818
        ]
      },
      "id": "way/1047622477"
    },
    {
      "type": "Feature",
      "properties": {
        "@id": "way/1047622483",
        "amenity": "school",
        "barrier": "fence",
        "name": "ПООУ Пере Тошев",
        "name:en": "Pere Toshev AEMS",
        "wikidata": "Q83962780",
        "wikipedia": "mk:ПУ „Пере Тошев“ - Дупјачани",
        "@geometry": "center"
      },
      "geometry": {
        "type": "Point",
        "coordinates": [
          21.519383,
          41.4407688
        ]
      },
      "id": "way/1047622483"
    },
    {
      "type": "Feature",
      "properties": {
        "@id": "way/1054082248",
        "amenity": "school",
        "barrier": "fence",
        "name": "ООУ Слобода",
        "name:en": "Sloboda EMS",
        "wikidata": "Q12909200",
        "wikipedia": "mk:ОУ „Лирија“ - Житоше",
        "@geometry": "center"
      },
      "geometry": {
        "type": "Point",
        "coordinates": [
          21.2791102,
          41.420907
        ]
      },
      "id": "way/1054082248"
    },
    {
      "type": "Feature",
      "properties": {
        "@id": "way/1054098592",
        "amenity": "school",
        "barrier": "fence",
        "name": "ПООУ Пецо Крстески-Даскалот",
        "name:en": "Peco Krsteski-Daskalot AEMS",
        "@geometry": "center"
      },
      "geometry": {
        "type": "Point",
        "coordinates": [
          21.41519,
          41.3817059
        ]
      },
      "id": "way/1054098592"
    },
    {
      "type": "Feature",
      "properties": {
        "@id": "way/1054257654",
        "amenity": "school",
        "barrier": "fence",
        "name": "ПООУ Петре Глигуровски",
        "name:en": "Petre Gligurovski AEMS",
        "name:mk": "ПООУ Петре Глигуровски",
        "wikidata": "Q12909106",
        "wikipedia": "mk:ОУ „Петре Глигуровски“ - Костинци",
        "@geometry": "center"
      },
      "geometry": {
        "type": "Point",
        "coordinates": [
          21.4069671,
          41.4977509
        ]
      },
      "id": "way/1054257654"
    },
    {
      "type": "Feature",
      "properties": {
        "@id": "way/1054257661",
        "amenity": "school",
        "barrier": "fence",
        "name": "ПООУ Мирче Ацев-Стојче",
        "name:en": "Mirche Acev-Stojche AEMS",
        "name:mk": "ПООУ Мирче Ацев-Стојче",
        "wikidata": "Q110370163",
        "wikipedia": "mk:ПУ „Мирче Ацев“ - Кошино",
        "@geometry": "center"
      },
      "geometry": {
        "type": "Point",
        "coordinates": [
          21.2886719,
          41.4684953
        ]
      },
      "id": "way/1054257661"
    },
    {
      "type": "Feature",
      "properties": {
        "@id": "way/1054290171",
        "amenity": "school",
        "barrier": "fence",
        "name": "ООУ Мирче Ацев-Стојче",
        "name:en": "Mirche Acev-Stojche EMS",
        "wikidata": "Q20568773",
        "wikipedia": "mk:ОУ „Мирче Ацев“ - Лажани",
        "@geometry": "center"
      },
      "geometry": {
        "type": "Point",
        "coordinates": [
          21.3195714,
          41.446117
        ]
      },
      "id": "way/1054290171"
    },
    {
      "type": "Feature",
      "properties": {
        "@id": "way/1054395727",
        "amenity": "school",
        "barrier": "fence",
        "name": "ПООУ Слобода",
        "name:en": "Sloboda AEMS",
        "name:mk": "ПООУ Слобода",
        "wikidata": "Q110314324",
        "wikipedia": "mk:ПУ „Лирија“ - Локвени",
        "@geometry": "center"
      },
      "geometry": {
        "type": "Point",
        "coordinates": [
          21.3073324,
          41.3980341
        ]
      },
      "id": "way/1054395727"
    },
    {
      "type": "Feature",
      "properties": {
        "@id": "way/1054395744",
        "amenity": "school",
        "barrier": "fence",
        "name": "ПООУ Пере Тошев",
        "name:en": "Pere Toshev AEMS",
        "name:mk": "ПООУ Пере Тошев",
        "@geometry": "center"
      },
      "geometry": {
        "type": "Point",
        "coordinates": [
          21.5608703,
          41.4485277
        ]
      },
      "id": "way/1054395744"
    },
    {
      "type": "Feature",
      "properties": {
        "@id": "way/1055341011",
        "amenity": "school",
        "barrier": "fence",
        "name": "ООУ Ѓорче Петров",
        "name:en": "Gjorche Petrov EMS",
        "wikidata": "Q12909028",
        "wikipedia": "mk:ОУ „Ѓорче Петров“ - Ропотово",
        "@geometry": "center"
      },
      "geometry": {
        "type": "Point",
        "coordinates": [
          21.3763143,
          41.4517918
        ]
      },
      "id": "way/1055341011"
    },
    {
      "type": "Feature",
      "properties": {
        "@id": "way/1055731611",
        "amenity": "school",
        "barrier": "fence",
        "name": "ПООУ Ѓорче Петров",
        "name:en": "Gjorche Petrov AEMS",
        "name:mk": "ПООУ Ѓорче Петров",
        "wikidata": "Q84081248",
        "wikipedia": "mk:ПУ „Ѓорче Петров“ - Секирци",
        "@geometry": "center"
      },
      "geometry": {
        "type": "Point",
        "coordinates": [
          21.4167165,
          41.4747192
        ]
      },
      "id": "way/1055731611"
    },
    {
      "type": "Feature",
      "properties": {
        "@id": "way/1055765337",
        "amenity": "school",
        "barrier": "fence",
        "name": "ПООУ Пецо Крстески-Даскалот",
        "name:en": "Peco Krsteski-Daskalot AEMS",
        "name:mk": "ПООУ Пецо Крстески-Даскалот",
        "wikipedia": "mk:ПУ „Пецо Даскалот“ - Сенокос",
        "@geometry": "center"
      },
      "geometry": {
        "type": "Point",
        "coordinates": [
          21.4692424,
          41.4137456
        ]
      },
      "id": "way/1055765337"
    },
    {
      "type": "Feature",
      "properties": {
        "@id": "way/1056108808",
        "amenity": "school",
        "barrier": "fence",
        "name": "ПООУ Петре Глигуровски",
        "name:en": "Petre Gligurovski AEMS",
        "name:mk": "ПООУ Петре Глигуровски",
        "@geometry": "center"
      },
      "geometry": {
        "type": "Point",
        "coordinates": [
          21.4513318,
          41.5006739
        ]
      },
      "id": "way/1056108808"
    },
    {
      "type": "Feature",
      "properties": {
        "@id": "way/1056280412",
        "addr:city": "Крушево",
        "addr:housenumber": "6А",
        "addr:postcode": "7550",
        "addr:street": "Шула Мина",
        "amenity": "school",
        "barrier": "fence",
        "name": "ООУ Никола Карев",
        "name:en": "Nikola Karev EMS",
        "name:mk": "ООУ Никола Карев",
        "website": "http://oounikolakarevkrusevo.edu.mk",
        "wikidata": "Q12909209",
        "wikipedia": "mk:ОУ „Никола Карев“ - Крушево",
        "@geometry": "center"
      },
      "geometry": {
        "type": "Point",
        "coordinates": [
          21.2503188,
          41.3689115
        ]
      },
      "id": "way/1056280412"
    },
    {
      "type": "Feature",
      "properties": {
        "@id": "way/1083221697",
        "amenity": "school",
        "name": "Parku i Shkolles",
        "operator": "Primary school",
        "operator:type": "public",
        "@geometry": "center"
      },
      "geometry": {
        "type": "Point",
        "coordinates": [
          20.8873111,
          41.8782849
        ]
      },
      "id": "way/1083221697"
    },
    {
      "type": "Feature",
      "properties": {
        "@id": "way/1083221708",
        "amenity": "school",
        "name": "Shkolla Fetare",
        "@geometry": "center"
      },
      "geometry": {
        "type": "Point",
        "coordinates": [
          20.8824661,
          41.8789798
        ]
      },
      "id": "way/1083221708"
    },
    {
      "type": "Feature",
      "properties": {
        "@id": "way/1083437726",
        "amenity": "school",
        "name": "Shkolla Fillore e Kalishtit",
        "@geometry": "center"
      },
      "geometry": {
        "type": "Point",
        "coordinates": [
          20.8636949,
          41.8804144
        ]
      },
      "id": "way/1083437726"
    },
    {
      "type": "Feature",
      "properties": {
        "@id": "way/1083507078",
        "amenity": "school",
        "name": "Shkolla Fillore e Gjurgjevishtit",
        "@geometry": "center"
      },
      "geometry": {
        "type": "Point",
        "coordinates": [
          20.8622324,
          41.8958487
        ]
      },
      "id": "way/1083507078"
    },
    {
      "type": "Feature",
      "properties": {
        "@id": "way/1107785886",
        "addr:city": "Стар Дојран",
        "addr:postcode": "1487",
        "addr:street": "Кај 5 ти Ноември",
        "amenity": "townhall",
        "building": "yes",
        "name": "Општина Дојран",
        "source": "microsoft/BuildingFootprints",
        "townhall:type": "municipality",
        "@geometry": "center"
      },
      "geometry": {
        "type": "Point",
        "coordinates": [
          22.7219688,
          41.187107
        ]
      },
      "id": "way/1107785886"
    },
    {
      "type": "Feature",
      "properties": {
        "@id": "way/1122469109",
        "amenity": "school",
        "barrier": "fence",
        "name": "ПООУ Милто Ѓурра",
        "name:en": "Milto Gurra AEMS",
        "name:mk": "ПООУ Милто Ѓурра",
        "wikipedia": "mk:ПУ „Милто Гура“ - Шутово",
        "@geometry": "center"
      },
      "geometry": {
        "type": "Point",
        "coordinates": [
          21.023051,
          41.5472576
        ]
      },
      "id": "way/1122469109"
    },
    {
      "type": "Feature",
      "properties": {
        "@id": "way/1132275158",
        "amenity": "school",
        "name": "ПООУ Браќа Миладиновци",
        "name:en": "Brakja Miladinovci AEMS",
        "@geometry": "center"
      },
      "geometry": {
        "type": "Point",
        "coordinates": [
          21.5048854,
          41.1511909
        ]
      },
      "id": "way/1132275158"
    },
    {
      "type": "Feature",
      "properties": {
        "@id": "way/1132275165",
        "amenity": "school",
        "barrier": "fence",
        "name": "ПООУ Коста Солев-Кочо Рацин",
        "name:en": "Kosta Solev-Kocho Racin AEMS",
        "name:mk": "ПООУ Коста Солев-Кочо Рацин",
        "wikidata": "Q71394605",
        "wikipedia": "mk:ПУ „Кочо Рацин“ - Беранци",
        "@geometry": "center"
      },
      "geometry": {
        "type": "Point",
        "coordinates": [
          21.3590889,
          41.1583384
        ]
      },
      "id": "way/1132275165"
    },
    {
      "type": "Feature",
      "properties": {
        "@id": "way/1132275190",
        "amenity": "school",
        "barrier": "fence",
        "name": "ПООУ Браќа Миладиновци",
        "name:en": "Brakja Miladinovci AEMS",
        "name:mk": "ПООУ Браќа Миладиновци",
        "wikidata": "Q71392475",
        "wikipedia": "mk:ПУ „Браќа Миладиновци“ - Будаково-Трап",
        "@geometry": "center"
      },
      "geometry": {
        "type": "Point",
        "coordinates": [
          21.4719047,
          41.1367203
        ]
      },
      "id": "way/1132275190"
    },
    {
      "type": "Feature",
      "properties": {
        "@id": "way/1197779052",
        "amenity": "school",
        "name": "Mustafa Kemal Ataturk",
        "@geometry": "center"
      },
      "geometry": {
        "type": "Point",
        "coordinates": [
          21.117961,
          41.4679073
        ]
      },
      "id": "way/1197779052"
    },
    {
      "type": "Feature",
      "properties": {
        "@id": "way/1203909139",
        "amenity": "school",
        "name": "Faik Konica",
        "@geometry": "center"
      },
      "geometry": {
        "type": "Point",
        "coordinates": [
          20.9438696,
          41.5730925
        ]
      },
      "id": "way/1203909139"
    },
    {
      "type": "Feature",
      "properties": {
        "@id": "node/1207217951",
        "amenity": "school",
        "name": "Hristo Uzunov"
      },
      "geometry": {
        "type": "Point",
        "coordinates": [
          20.8117352,
          41.1196746
        ]
      },
      "id": "node/1207217951"
    },
    {
      "type": "Feature",
      "properties": {
        "@id": "node/1233405181",
        "amenity": "townhall",
        "name": "DOMO"
      },
      "geometry": {
        "type": "Point",
        "coordinates": [
          22.8442881,
          41.7357263
        ]
      },
      "id": "node/1233405181"
    },
    {
      "type": "Feature",
      "properties": {
        "@id": "node/1233405214",
        "amenity": "school",
        "name": "Skolata Smojmirovo"
      },
      "geometry": {
        "type": "Point",
        "coordinates": [
          22.8440574,
          41.7355541
        ]
      },
      "id": "node/1233405214"
    },
    {
      "type": "Feature",
      "properties": {
        "@id": "way/1241155493",
        "amenity": "school",
        "barrier": "fence",
        "email": "krumevolnaroski@yahoo.com",
        "grades": "0-5",
        "name": "ПООУ Народен Херој Круме Волнароски-Коле",
        "name:en": "People's Hero Krume Volnaroski-Kole AEMS",
        "name:mk": "ПООУ Народен Херој Круме Волнароски-Коле",
        "phone": "+389048480103",
        "website": "https://ooukrumevolnaroski.edu.mk/",
        "wikidata": "Q20568735",
        "wikipedia": "mk:ОУ „Круме Волнароски“ - Тополчани",
        "@geometry": "center"
      },
      "geometry": {
        "type": "Point",
        "coordinates": [
          21.5134901,
          41.3107271
        ]
      },
      "id": "way/1241155493"
    },
    {
      "type": "Feature",
      "properties": {
        "@id": "way/1264318091",
        "amenity": "school",
        "name": "ООУ Методи Митевски Брицо",
        "@geometry": "center"
      },
      "geometry": {
        "type": "Point",
        "coordinates": [
          21.9024697,
          41.7812604
        ]
      },
      "id": "way/1264318091"
    },
    {
      "type": "Feature",
      "properties": {
        "@id": "way/1264318599",
        "amenity": "townhall",
        "building": "yes",
        "name": "Opshtina Lozovo",
        "@geometry": "center"
      },
      "geometry": {
        "type": "Point",
        "coordinates": [
          21.901225,
          41.78087
        ]
      },
      "id": "way/1264318599"
    },
    {
      "type": "Feature",
      "properties": {
        "@id": "way/1271369005",
        "amenity": "school",
        "barrier": "fence",
        "name": "ПООУ Народен Херој Круме Волнароски-Коле",
        "name:en": "People's Hero Krume Volnaroski-Kole AEMS",
        "name:mk": "ПООУ Народен Херој Круме Волнароски-Коле",
        "website": "https://ooukrumevolnaroski.edu.mk",
        "wikidata": "Q20568735",
        "wikipedia": "mk:ОУ „Круме Волнароски“ - Тополчани",
        "@geometry": "center"
      },
      "geometry": {
        "type": "Point",
        "coordinates": [
          21.4825316,
          41.2593097
        ]
      },
      "id": "way/1271369005"
    },
    {
      "type": "Feature",
      "properties": {
        "@id": "node/1272896686",
        "amenity": "townhall",
        "name": "Opstina Vinica"
      },
      "geometry": {
        "type": "Point",
        "coordinates": [
          22.5048335,
          41.8841982
        ]
      },
      "id": "node/1272896686"
    },
    {
      "type": "Feature",
      "properties": {
        "@id": "node/1272901303",
        "amenity": "school",
        "name": "Славчо Стоименски"
      },
      "geometry": {
        "type": "Point",
        "coordinates": [
          22.5039001,
          41.8835512
        ]
      },
      "id": "node/1272901303"
    },
    {
      "type": "Feature",
      "properties": {
        "@id": "node/1272903523",
        "amenity": "hospital",
        "name": "Bolnica Vinica"
      },
      "geometry": {
        "type": "Point",
        "coordinates": [
          22.510037,
          41.8872494
        ]
      },
      "id": "node/1272903523"
    },
    {
      "type": "Feature",
      "properties": {
        "@id": "way/1275807132",
        "amenity": "school",
        "barrier": "fence",
        "name": "ООУ Димитар Ангелов-Димката Габерот",
        "name:en": "Dimitar Angelov-Dimkata Gaberot ES",
        "name:mk": "ООУ Димитар Ангелов-Димката Габерот",
        "phone": "+38943416543",
        "website": "https://www.dagvatasa.edu.mk",
        "wikidata": "Q20567658",
        "wikipedia": "mk:ОУ „Димката Ангелов-Габерот“ - Ваташа",
        "@geometry": "center"
      },
      "geometry": {
        "type": "Point",
        "coordinates": [
          22.0175864,
          41.4198662
        ]
      },
      "id": "way/1275807132"
    },
    {
      "type": "Feature",
      "properties": {
        "@id": "way/1279914571",
        "amenity": "school",
        "name": "ПООУ Климент Охридски",
        "name:en": "Kliment Ohridski AEMS",
        "name:mk": "ПООУ Климент Охридски",
        "@geometry": "center"
      },
      "geometry": {
        "type": "Point",
        "coordinates": [
          21.1944533,
          41.6172782
        ]
      },
      "id": "way/1279914571"
    },
    {
      "type": "Feature",
      "properties": {
        "@id": "way/1285641904",
        "amenity": "school",
        "barrier": "fence",
        "name": "ПООУ Климент Охридски",
        "name:en": "Kliment Ohridski AEMS",
        "name:mk": "ПООУ Климент Охридски",
        "@geometry": "center"
      },
      "geometry": {
        "type": "Point",
        "coordinates": [
          21.148051,
          41.6824054
        ]
      },
      "id": "way/1285641904"
    },
    {
      "type": "Feature",
      "properties": {
        "@id": "way/1285668622",
        "amenity": "school",
        "barrier": "fence",
        "name": "ПООУ Климент Охридски",
        "name:en": "Kliment Ohridski AEMS",
        "name:mk": "ПООУ Климент Охридски",
        "@geometry": "center"
      },
      "geometry": {
        "type": "Point",
        "coordinates": [
          21.2420348,
          41.5202687
        ]
      },
      "id": "way/1285668622"
    },
    {
      "type": "Feature",
      "properties": {
        "@id": "way/1311365265",
        "amenity": "school",
        "barrier": "fence",
        "name": "ПООУ Мустафа Кемал-Ататурк",
        "name:en": "Mustafa Kemal-Ataturk AEMS",
        "name:mk": "ПООУ Мустафа Кемал-Ататурк",
        "@geometry": "center"
      },
      "geometry": {
        "type": "Point",
        "coordinates": [
          20.5829724,
          41.4954784
        ]
      },
      "id": "way/1311365265"
    },
    {
      "type": "Feature",
      "properties": {
        "@id": "way/1312047220",
        "amenity": "school",
        "name": "Primary School \"Goce Delchev\"",
        "@geometry": "center"
      },
      "geometry": {
        "type": "Point",
        "coordinates": [
          22.7067983,
          41.4355919
        ]
      },
      "id": "way/1312047220"
    },
    {
      "type": "Feature",
      "properties": {
        "@id": "way/1312049856",
        "amenity": "school",
        "name": "ОУ Наим Фрашери",
        "@geometry": "center"
      },
      "geometry": {
        "type": "Point",
        "coordinates": [
          21.5337673,
          41.9141589
        ]
      },
      "id": "way/1312049856"
    },
    {
      "type": "Feature",
      "properties": {
        "@id": "way/1312575140",
        "addr:city": "Центар Жупа / Вапа",
        "addr:place": "Центар Жупа / Вапа",
        "addr:postcode": "1258",
        "amenity": "school",
        "barrier": "fence",
        "email": "ouataturk@yahoo.com",
        "fax": "+38946840117",
        "name": "ООУ Мустафа Кемал-Ататурк",
        "name:en": "Mustafa Kemal-Ataturk EMS",
        "name:mk": "ООУ Мустафа Кемал-Ататурк",
        "old_name": "ООУ Народен Херој Генерал-Мајор Моша Пијаде-Чича Јанко",
        "old_name:en": "People's Hero General-Major Mosha Pijade-Chicha Janko EMS",
        "old_name:mk": "ООУ Народен Херој Генерал-Мајор Моша Пијаде-Чича Јанко",
        "phone": "+38946840117",
        "wikidata": "Q20567916",
        "wikipedia": "mk:ОУ „Мустафа Кемал Ататурк“ - Центар Жупа",
        "@geometry": "center"
      },
      "geometry": {
        "type": "Point",
        "coordinates": [
          20.5585114,
          41.4798922
        ]
      },
      "id": "way/1312575140"
    },
    {
      "type": "Feature",
      "properties": {
        "@id": "way/1312580034",
        "amenity": "school",
        "barrier": "fence",
        "name": "ПООУ Неџати Зекерија",
        "name:en": "Nedzhati Zekerija AEMS",
        "name:mk": "ПООУ Неџати Зекерија",
        "wikidata": "Q115777879",
        "wikipedia": "mk:ПУ „Неџати Зекерија“ - Праленик",
        "@geometry": "center"
      },
      "geometry": {
        "type": "Point",
        "coordinates": [
          20.5496128,
          41.4598518
        ]
      },
      "id": "way/1312580034"
    },
    {
      "type": "Feature",
      "properties": {
        "@id": "way/1312594766",
        "amenity": "school",
        "name": "ООУ Неџати Зекерија",
        "name:en": "Nedzhati Zekerija EMS",
        "name:mk": "ООУ Неџати Зекерија",
        "phone": "+38946844266",
        "wikidata": "Q12909207",
        "wikipedia": "mk:ОУ „Неџати Зекерија“ - Коџаџик",
        "@geometry": "center"
      },
      "geometry": {
        "type": "Point",
        "coordinates": [
          20.5978752,
          41.4414375
        ]
      },
      "id": "way/1312594766"
    },
    {
      "type": "Feature",
      "properties": {
        "@id": "way/1312599243",
        "amenity": "school",
        "barrier": "fence",
        "name": "ПООУ Неџати Зекерија",
        "name:en": "Nedzhati Zekerija AEMS",
        "name:mk": "ПООУ Неџати Зекерија",
        "@geometry": "center"
      },
      "geometry": {
        "type": "Point",
        "coordinates": [
          20.6180583,
          41.4351311
        ]
      },
      "id": "way/1312599243"
    },
    {
      "type": "Feature",
      "properties": {
        "@id": "way/1314024963",
        "amenity": "school",
        "barrier": "fence",
        "name": "ПООУ Братство-Единство",
        "name:en": "Brotherhood-Unity AEMS",
        "name:mk": "ПООУ Братство-Единство",
        "@geometry": "center"
      },
      "geometry": {
        "type": "Point",
        "coordinates": [
          20.5285348,
          41.4448877
        ]
      },
      "id": "way/1314024963"
    },
    {
      "type": "Feature",
      "properties": {
        "@id": "way/1314608810",
        "amenity": "school",
        "barrier": "fence",
        "name": "ООУ Реџо Рушит",
        "name:en": "Redzho Rushit EMS",
        "name:mk": "ООУ Реџо Рушит",
        "phone": "+38945262272",
        "wikidata": "Q12909110",
        "wikipedia": "mk:ОУ „Реџо Рушит“ - Зајас",
        "@geometry": "center"
      },
      "geometry": {
        "type": "Point",
        "coordinates": [
          20.9553406,
          41.5980785
        ]
      },
      "id": "way/1314608810"
    },
    {
      "type": "Feature",
      "properties": {
        "@id": "way/1318434554",
        "amenity": "school",
        "barrier": "fence",
        "email": "mende.temelkovski@yahoo.com;brakamiladinovcicarevdvor@gmail.com",
        "mobile": "+38970711743",
        "name": "ООУ Браќа Миладиновци",
        "name:en": "Miladinov Brothers EMS",
        "name:mk": "ООУ Браќа Миладиновци",
        "phone": "+38947489402",
        "wikidata": "Q12909153",
        "wikipedia": "mk:ОУ „Браќа Миладиновци“ - Царев Двор",
        "@geometry": "center"
      },
      "geometry": {
        "type": "Point",
        "coordinates": [
          21.0046907,
          41.0408611
        ]
      },
      "id": "way/1318434554"
    },
    {
      "type": "Feature",
      "properties": {
        "@id": "way/1319178521",
        "amenity": "school",
        "barrier": "fence",
        "name": "ПООУ Климент Охридски",
        "name:en": "Kliment Ohridski AEMS",
        "name:mk": "ПООУ Климент Охридски",
        "@geometry": "center"
      },
      "geometry": {
        "type": "Point",
        "coordinates": [
          20.6972143,
          41.2297302
        ]
      },
      "id": "way/1319178521"
    },
    {
      "type": "Feature",
      "properties": {
        "@id": "way/1319183611",
        "amenity": "school",
        "barrier": "fence",
        "name": "ПООУ Ѓорѓи Делчев-Гоце",
        "name:en": "Gjorgji Delchev-Goce AEMS",
        "name:mk": "ПООУ Ѓорѓи Делчев-Гоце",
        "@geometry": "center"
      },
      "geometry": {
        "type": "Point",
        "coordinates": [
          20.6020352,
          41.2857346
        ]
      },
      "id": "way/1319183611"
    },
    {
      "type": "Feature",
      "properties": {
        "@id": "way/1319265012",
        "amenity": "school",
        "name": "ПООУ 7. Март",
        "name:en": "7 Mart AEMS",
        "name:mk": "ПООУ 7. Март",
        "wikidata": "Q12909063",
        "wikipedia": "mk:ОУ „7 Март“ - Долна Белица",
        "@geometry": "center"
      },
      "geometry": {
        "type": "Point",
        "coordinates": [
          20.6346198,
          41.213678
        ]
      },
      "id": "way/1319265012"
    },
    {
      "type": "Feature",
      "properties": {
        "@id": "way/1322998038",
        "amenity": "school",
        "barrier": "fence",
        "name": "Браќа Миладиновци",
        "name:en": "Miladinov Brothers EMS",
        "name:mk": "ООУ Браќа Миладиновци",
        "@geometry": "center"
      },
      "geometry": {
        "type": "Point",
        "coordinates": [
          21.0807687,
          41.2678034
        ]
      },
      "id": "way/1322998038"
    },
    {
      "type": "Feature",
      "properties": {
        "@id": "way/1323366505",
        "amenity": "school",
        "barrier": "fence",
        "name": "ПООУ Ѓорѓи Делчев-Гоце",
        "name:en": "Gjorgji Delchev-Goce REMS",
        "name:mk": "ПООУ Ѓорѓи Делчев-Гоце",
        "@geometry": "center"
      },
      "geometry": {
        "type": "Point",
        "coordinates": [
          21.2143026,
          41.2087116
        ]
      },
      "id": "way/1323366505"
    },
    {
      "type": "Feature",
      "properties": {
        "@id": "way/1327482978",
        "amenity": "hospital",
        "barrier": "fence",
        "email": "bolnicaleshok@t.mk",
        "fax": "+38944384814",
        "healthcare": "hospital",
        "name": "Специјализирана болница за белодробни заболувања и туберкулоза",
        "name:en": "Specialized hospital for lung diseases and tuberculosis",
        "name:mk": "Специјализирана болница за белодробни заболувања и туберкулоза",
        "phone": "+38944384414",
        "@geometry": "center"
      },
      "geometry": {
        "type": "Point",
        "coordinates": [
          21.0267553,
          42.0655954
        ]
      },
      "id": "way/1327482978"
    },
    {
      "type": "Feature",
      "properties": {
        "@id": "way/1328259365",
        "amenity": "school",
        "barrier": "fence",
        "name": "ООУ Напредок",
        "name:en": "Napredok EMS",
        "name:mk": "ООУ Напредок",
        "wikidata": "Q12909214",
        "wikipedia": "mk:ОУ „Прпарими“ - Чегране",
        "@geometry": "center"
      },
      "geometry": {
        "type": "Point",
        "coordinates": [
          20.9775224,
          41.8378747
        ]
      },
      "id": "way/1328259365"
    },
    {
      "type": "Feature",
      "properties": {
        "@id": "way/1328260597",
        "amenity": "school",
        "barrier": "fence",
        "name": "ПООУ Напредок",
        "name:en": "Napredok REMS",
        "name:mk": "ПООУ Напредок",
        "wikidata": "Q116975459",
        "wikipedia": "mk:ПУ „Прпарими“ - Форино",
        "@geometry": "center"
      },
      "geometry": {
        "type": "Point",
        "coordinates": [
          20.9665256,
          41.8306918
        ]
      },
      "id": "way/1328260597"
    },
    {
      "type": "Feature",
      "properties": {
        "@id": "way/1328261030",
        "amenity": "school",
        "barrier": "fence",
        "email": "infocajla@gmail.com",
        "mobile": "+38977951088042 287 147",
        "name": "ООУ Чајле",
        "name:en": "Chajle EMS",
        "name:mk": "ООУ Чајле",
        "phone": "+38942287147",
        "wikidata": "Q20569045",
        "wikipedia": "mk:ОУ „Чајле“ - Чајле",
        "@geometry": "center"
      },
      "geometry": {
        "type": "Point",
        "coordinates": [
          20.9336157,
          41.8062558
        ]
      },
      "id": "way/1328261030"
    },
    {
      "type": "Feature",
      "properties": {
        "@id": "way/1328350504",
        "amenity": "school",
        "email": "shkolla291@outlook.com",
        "name": "Shkolla fillore \"Gjergj Kastrioti Skënderbeu\"",
        "name:mk": "ООУ Ѓорѓи Кастриот-Скендер Бег",
        "name:sq": "Shkolla fillore \"Gjergj Kastrioti Skënderbeu\"",
        "phone": "+38944488022",
        "wikipedia": "mk:ОУ „Ѓ. К. Скендербег“ - Порој",
        "@geometry": "center"
      },
      "geometry": {
        "type": "Point",
        "coordinates": [
          20.9965767,
          42.0296856
        ]
      },
      "id": "way/1328350504"
    },
    {
      "type": "Feature",
      "properties": {
        "@id": "way/1328351577",
        "amenity": "school",
        "email": "shkolla291@outlook.com",
        "name": "Shkolla fillore \"Gjergj Kastrioti Skënderbeu\"",
        "name:mk": "ПООУ Ѓeрѓ Кастриот-Скендер Бег",
        "name:sq": "Shkolla fillore \"Gjergj Kastrioti Skënderbeu\"",
        "phone": "+38944488022",
        "wikipedia": "mk:ОУ „Ѓ. К. Скендербег“ - Порој",
        "@geometry": "center"
      },
      "geometry": {
        "type": "Point",
        "coordinates": [
          21.0018893,
          42.0282507
        ]
      },
      "id": "way/1328351577"
    },
    {
      "type": "Feature",
      "properties": {
        "@id": "way/1328355792",
        "amenity": "school",
        "barrier": "fence",
        "name": "ООУ Коста Солев-Кочо Рацин",
        "name:en": "Kosta Solev-Kocho Racin EMS",
        "name:mk": "ООУ Коста Солев-Кочо Рацин",
        "website": "https://kostaracin.blogspot.com/",
        "wikidata": "Q20568687",
        "wikipedia": "mk:ОУ „Кочо Рацин“ - Брвеница",
        "@geometry": "center"
      },
      "geometry": {
        "type": "Point",
        "coordinates": [
          20.9825696,
          41.9662988
        ]
      },
      "id": "way/1328355792"
    },
    {
      "type": "Feature",
      "properties": {
        "@id": "way/1328373137",
        "amenity": "school",
        "barrier": "fence",
        "name": "ПООУ Ѓорѓи Делчев-Гоце",
        "name:en": "Gjorgji Delchev-Goce REMS",
        "name:mk": "ПООУ Ѓорѓи Делчев-Гоце",
        "@geometry": "center"
      },
      "geometry": {
        "type": "Point",
        "coordinates": [
          20.9642751,
          41.9064909
        ]
      },
      "id": "way/1328373137"
    },
    {
      "type": "Feature",
      "properties": {
        "@id": "way/1328391048",
        "amenity": "school",
        "barrier": "fence",
        "name": "ПООУ Ѓорѓи Делчев-Гоце",
        "name:en": "Gjorgji Delchev-Goce REMS",
        "name:mk": "ПООУ Ѓорѓи Делчев-Гоце",
        "@geometry": "center"
      },
      "geometry": {
        "type": "Point",
        "coordinates": [
          20.9806026,
          41.895437
        ]
      },
      "id": "way/1328391048"
    },
    {
      "type": "Feature",
      "properties": {
        "@id": "way/1328467683",
        "amenity": "police",
        "building": "yes",
        "int_name": "Police station - Shuto Orizari",
        "name": "Полициска станица - Шуто Оризари",
        "@geometry": "center"
      },
      "geometry": {
        "type": "Point",
        "coordinates": [
          21.4266481,
          42.0432075
        ]
      },
      "id": "way/1328467683"
    },
    {
      "type": "Feature",
      "properties": {
        "@id": "way/1330472790",
        "amenity": "school",
        "barrier": "fence",
        "name": "ООУ\nЃорѓи Делчев-Гоце",
        "name:en": "Gjorgji Delchev\nEMS",
        "name:mk": "ООУ\nЃорѓи Делчев-Гоце",
        "phone": "+38947276331",
        "wikidata": "Q12909053",
        "wikipedia": "mk:ОУ „Гоце Делчев“ - Демир Хисар",
        "@geometry": "center"
      },
      "geometry": {
        "type": "Point",
        "coordinates": [
          21.2032238,
          41.2182684
        ]
      },
      "id": "way/1330472790"
    },
    {
      "type": "Feature",
      "properties": {
        "@id": "way/1331535171",
        "amenity": "school",
        "barrier": "fence",
        "name": "ПООУ Владо Кантарџиев",
        "name:en": "Vlado Kantarzhiev REMS",
        "name:mk": "ПООУ Владо Кантарџиев",
        "@geometry": "center"
      },
      "geometry": {
        "type": "Point",
        "coordinates": [
          22.5539885,
          41.1401137
        ]
      },
      "id": "way/1331535171"
    },
    {
      "type": "Feature",
      "properties": {
        "@id": "way/1332488592",
        "addr:city": "Кукуречани",
        "addr:housenumber": "9",
        "addr:postcode": "7241",
        "addr:street": "Главна",
        "amenity": "school",
        "barrier": "fence",
        "contact:facebook": "aleksandar.turundjev",
        "email": "aturundzev@yahoo.com",
        "mobile": "+38978597589",
        "name": "ООУ Александар Турунџиев",
        "name:en": "Aleksandar Turundzhiev EMS",
        "name:mk": "ООУ Александар Турунџиев",
        "phone": "+38947511451",
        "website": "https://aleksandarturundzev.wordpress.com/",
        "wikidata": "Q20568266",
        "wikipedia": "mk:ОУ „Александар Турунџиев“ - Кукуречани",
        "@geometry": "center"
      },
      "geometry": {
        "type": "Point",
        "coordinates": [
          21.3200753,
          41.0993602
        ]
      },
      "id": "way/1332488592"
    },
    {
      "type": "Feature",
      "properties": {
        "@id": "way/1332488595",
        "amenity": "school",
        "barrier": "fence",
        "contact:facebook": "oubmiladinovcidobrusevo",
        "mobile": "+38976483918",
        "name": "ООУ Браќа Миладиновци",
        "name:en": "Brakja Miladinovci EMS",
        "name:mk": "ООУ Браќа Миладиновци",
        "phone": "+38947292056",
        "website": "https://oubmiladinovciblog.wordpress.com/",
        "wikidata": "Q12909151",
        "wikipedia": "mk:ОУ „Браќа Миладиновци“ - Добрушево",
        "@geometry": "center"
      },
      "geometry": {
        "type": "Point",
        "coordinates": [
          21.4811274,
          41.1708872
        ]
      },
      "id": "way/1332488595"
    },
    {
      "type": "Feature",
      "properties": {
        "@id": "way/1332488618",
        "addr:city": "Битола",
        "addr:housenumber": "13",
        "addr:postcode": "7000",
        "addr:street": "Виенска",
        "amenity": "school",
        "contact:facebook": "OOUGoceDelchevBitola",
        "name": "ООУ Ѓорѓи Делчев-Гоце",
        "name:en": "Gjorgji Delchev-Goce EMS",
        "name:mk": "ООУ Ѓорѓи Делчев-Гоце",
        "phone": "+38947203410",
        "website": "https://btgocedelcev.wordpress.com/",
        "wikidata": "Q20568392",
        "wikipedia": "mk:ОУ „Гоце Делчев“ - Битола",
        "@geometry": "center"
      },
      "geometry": {
        "type": "Point",
        "coordinates": [
          21.3341002,
          41.0281847
        ]
      },
      "id": "way/1332488618"
    },
    {
      "type": "Feature",
      "properties": {
        "@id": "way/1332488624",
        "addr:city": "Могила",
        "addr:street": "Димко Сарванов-Димче Могилче",
        "amenity": "school",
        "barrier": "fence",
        "email": "lk771979@schools.mk",
        "mobile": "+38978381745",
        "name": "ООУ Ѓорѓи Делчев-Гоце",
        "name:en": "Gjorgji Delchev-Goce EMS",
        "name:mk": "ООУ Ѓорѓи Делчев-Гоце",
        "website": "https://gocedelcevmogila.weebly.com/",
        "wikidata": "Q20568441",
        "wikipedia": "mk:ОУ „Гоце Делчев“ - Могила",
        "@geometry": "center"
      },
      "geometry": {
        "type": "Point",
        "coordinates": [
          21.3771316,
          41.1076694
        ]
      },
      "id": "way/1332488624"
    },
    {
      "type": "Feature",
      "properties": {
        "@id": "way/1333459370",
        "amenity": "school",
        "email": "mancumatak@edu.mk;oumancumatak@gmail.com",
        "name": "ООУ Народен Херој Манчу Матак",
        "name:en": "People's Hero Manchu Matak EMS",
        "name:mk": "ООУ Народен Херој Манчу Матак",
        "phone": "+38948471205",
        "wikidata": "Q20567153",
        "wikipedia": "mk:ОУ „Манчу Матак“ - Кривогаштани",
        "@geometry": "center"
      },
      "geometry": {
        "type": "Point",
        "coordinates": [
          21.3310973,
          41.3380638
        ]
      },
      "id": "way/1333459370"
    },
    {
      "type": "Feature",
      "properties": {
        "@id": "way/1333869020",
        "addr:city": "Табановце",
        "addr:place": "Табановце",
        "amenity": "school",
        "name": "Elementary School \"Brakja Ribar\"",
        "name:mk": "ООУ „Браќа Рибар“",
        "@geometry": "center"
      },
      "geometry": {
        "type": "Point",
        "coordinates": [
          21.7140012,
          42.2110245
        ]
      },
      "id": "way/1333869020"
    },
    {
      "type": "Feature",
      "properties": {
        "@id": "way/1334317369",
        "amenity": "school",
        "name": "Migjeni School Grounds",
        "@geometry": "center"
      },
      "geometry": {
        "type": "Point",
        "coordinates": [
          20.975748,
          42.012489
        ]
      },
      "id": "way/1334317369"
    },
    {
      "type": "Feature",
      "properties": {
        "@id": "way/1334579431",
        "amenity": "school",
        "barrier": "fence",
        "name": "ПООУ Сабедин Бајрами",
        "name:en": "Sabedin Bajrami REMS",
        "name:mk": "ПООУ Сабедин Бајрами",
        "@geometry": "center"
      },
      "geometry": {
        "type": "Point",
        "coordinates": [
          20.9447822,
          41.93336
        ]
      },
      "id": "way/1334579431"
    },
    {
      "type": "Feature",
      "properties": {
        "@id": "way/1334580749",
        "amenity": "school",
        "barrier": "fence",
        "name": "ПОУ Јахја Кемал",
        "name:en": "Jahja Kemal PES",
        "name:mk": "ПОУ Јахја Кемал",
        "website": "https://www.ykc.edu.mk/ykctetovo",
        "@geometry": "center"
      },
      "geometry": {
        "type": "Point",
        "coordinates": [
          20.9479619,
          41.9437395
        ]
      },
      "id": "way/1334580749"
    },
    {
      "type": "Feature",
      "properties": {
        "@id": "way/1341419770",
        "addr:city": "Кратово",
        "addr:housenumber": "4",
        "addr:street": "Никола Тесла",
        "amenity": "hospital",
        "healthcare": "hospital",
        "name": "Здравствен Дом Кратово",
        "name:en": "General Hospital Kratovo",
        "@geometry": "center"
      },
      "geometry": {
        "type": "Point",
        "coordinates": [
          22.1688065,
          42.0789207
        ]
      },
      "id": "way/1341419770"
    },
    {
      "type": "Feature",
      "properties": {
        "@id": "way/1343459233",
        "amenity": "police",
        "building": "no",
        "name": "Полициска Станица Кратово",
        "name:en": "Police Station Kratovo",
        "@geometry": "center"
      },
      "geometry": {
        "type": "Point",
        "coordinates": [
          22.1717766,
          42.0789344
        ]
      },
      "id": "way/1343459233"
    },
    {
      "type": "Feature",
      "properties": {
        "@id": "way/1348270343",
        "amenity": "school",
        "name": "Ucilishte \"Sv. Kiril i Metodij\" - Dabilje",
        "@geometry": "center"
      },
      "geometry": {
        "type": "Point",
        "coordinates": [
          22.6852405,
          41.4412344
        ]
      },
      "id": "way/1348270343"
    },
    {
      "type": "Feature",
      "properties": {
        "@id": "node/1381590834",
        "amenity": "school",
        "name": "Дом за Слепи"
      },
      "geometry": {
        "type": "Point",
        "coordinates": [
          21.4411963,
          41.9757689
        ]
      },
      "id": "node/1381590834"
    },
    {
      "type": "Feature",
      "properties": {
        "@id": "node/1381604857",
        "amenity": "hospital",
        "name": "Болница за зависности"
      },
      "geometry": {
        "type": "Point",
        "coordinates": [
          21.442001,
          41.9703449
        ]
      },
      "id": "node/1381604857"
    },
    {
      "type": "Feature",
      "properties": {
        "@id": "node/1475334319",
        "amenity": "police",
        "name": "Полициска Станица Чашка",
        "wheelchair": "no"
      },
      "geometry": {
        "type": "Point",
        "coordinates": [
          21.2754002,
          42.0808106
        ]
      },
      "id": "node/1475334319"
    },
    {
      "type": "Feature",
      "properties": {
        "@id": "node/1710517406",
        "amenity": "police",
        "name": "СВР Велес"
      },
      "geometry": {
        "type": "Point",
        "coordinates": [
          21.7700613,
          41.7182739
        ]
      },
      "id": "node/1710517406"
    },
    {
      "type": "Feature",
      "properties": {
        "@id": "node/1714557674",
        "amenity": "school",
        "name": "ОУ Кочо Рацин Охрид"
      },
      "geometry": {
        "type": "Point",
        "coordinates": [
          20.8102678,
          41.1358547
        ]
      },
      "id": "node/1714557674"
    },
    {
      "type": "Feature",
      "properties": {
        "@id": "node/1734604499",
        "amenity": "school",
        "int_name": "OU Aleksandar Urdarevski",
        "name": "ОУ Александар Урдаревски"
      },
      "geometry": {
        "type": "Point",
        "coordinates": [
          21.3974516,
          42.0941301
        ]
      },
      "id": "node/1734604499"
    },
    {
      "type": "Feature",
      "properties": {
        "@id": "node/1734604514",
        "amenity": "police",
        "name": "Policiska stanica Mirkovci"
      },
      "geometry": {
        "type": "Point",
        "coordinates": [
          21.4043197,
          42.0952992
        ]
      },
      "id": "node/1734604514"
    },
    {
      "type": "Feature",
      "properties": {
        "@id": "node/1734605544",
        "amenity": "townhall",
        "name": "Општина Чучер Сандево"
      },
      "geometry": {
        "type": "Point",
        "coordinates": [
          21.4177736,
          42.1086406
        ]
      },
      "id": "node/1734605544"
    },
    {
      "type": "Feature",
      "properties": {
        "@id": "node/1752188289",
        "amenity": "school",
        "name": "ИТ Академија Александрија",
        "name:en": "IT Academy Alexandria"
      },
      "geometry": {
        "type": "Point",
        "coordinates": [
          21.4073092,
          41.9967522
        ]
      },
      "id": "node/1752188289"
    },
    {
      "type": "Feature",
      "properties": {
        "@id": "node/1790311351",
        "amenity": "school",
        "designation": "Elementary School Vidoe Podgorec",
        "name": "Основно Училиште Видое Подгорец"
      },
      "geometry": {
        "type": "Point",
        "coordinates": [
          22.8164029,
          41.381688
        ]
      },
      "id": "node/1790311351"
    },
    {
      "type": "Feature",
      "properties": {
        "@id": "node/1850511011",
        "amenity": "hospital",
        "healthcare": "hospital",
        "name": "Манолеви"
      },
      "geometry": {
        "type": "Point",
        "coordinates": [
          21.4501059,
          42.0601589
        ]
      },
      "id": "node/1850511011"
    },
    {
      "type": "Feature",
      "properties": {
        "@id": "node/1875854052",
        "amenity": "police",
        "contact:mobile": "023116188",
        "name": "Граничен премин „Блаце”",
        "name:en": "Border crossing \"Blace\"",
        "name:mk": "Граничен премин „Блаце”",
        "opening_hours": "24/7"
      },
      "geometry": {
        "type": "Point",
        "coordinates": [
          21.3049173,
          42.1388234
        ]
      },
      "id": "node/1875854052"
    },
    {
      "type": "Feature",
      "properties": {
        "@id": "node/1919413188",
        "amenity": "police",
        "name": "OVR Radovish"
      },
      "geometry": {
        "type": "Point",
        "coordinates": [
          22.4666598,
          41.634626
        ]
      },
      "id": "node/1919413188"
    },
    {
      "type": "Feature",
      "properties": {
        "@id": "node/1919413189",
        "amenity": "townhall",
        "name": "Radovis Municipality",
        "opening_hours": "Mo-Fr 07:30-15:30"
      },
      "geometry": {
        "type": "Point",
        "coordinates": [
          22.4665377,
          41.6345035
        ]
      },
      "id": "node/1919413189"
    },
    {
      "type": "Feature",
      "properties": {
        "@id": "node/1919413190",
        "amenity": "school",
        "name": "DSU Kosta Susinov"
      },
      "geometry": {
        "type": "Point",
        "coordinates": [
          22.4672673,
          41.6363397
        ]
      },
      "id": "node/1919413190"
    },
    {
      "type": "Feature",
      "properties": {
        "@id": "node/1919413196",
        "amenity": "school",
        "name": "OU Krste Petkov Misirkov"
      },
      "geometry": {
        "type": "Point",
        "coordinates": [
          22.468426,
          41.6354256
        ]
      },
      "id": "node/1919413196"
    },
    {
      "type": "Feature",
      "properties": {
        "@id": "node/1947769757",
        "amenity": "school",
        "int_name": "OMU Risto Jurukov",
        "name": "ОМУ Ристо Јуруков",
        "name:en": "OMU Risto Jurukov"
      },
      "geometry": {
        "type": "Point",
        "coordinates": [
          22.4134704,
          41.9185555
        ]
      },
      "id": "node/1947769757"
    },
    {
      "type": "Feature",
      "properties": {
        "@id": "node/1999950864",
        "amenity": "hospital",
        "emergency": "yes",
        "healthcare": "hospital",
        "name": "Ambulanta"
      },
      "geometry": {
        "type": "Point",
        "coordinates": [
          22.2415389,
          41.408624
        ]
      },
      "id": "node/1999950864"
    },
    {
      "type": "Feature",
      "properties": {
        "@id": "node/2068679800",
        "addr:postcode": "7000",
        "addr:street": "Паца Мирчева",
        "amenity": "school",
        "name": "оу Коле Канински",
        "name:en": "ou Kole Kaninski",
        "name:mk": "оу Коле Канински"
      },
      "geometry": {
        "type": "Point",
        "coordinates": [
          21.3464495,
          41.0045387
        ]
      },
      "id": "node/2068679800"
    },
    {
      "type": "Feature",
      "properties": {
        "@id": "node/2077741820",
        "amenity": "school",
        "name": "ОУ \"Ванчо Китанов\""
      },
      "geometry": {
        "type": "Point",
        "coordinates": [
          22.8835063,
          41.7624428
        ]
      },
      "id": "node/2077741820"
    },
    {
      "type": "Feature",
      "properties": {
        "@id": "node/2123629167",
        "amenity": "police",
        "name": "Полициска станица Гостивар",
        "name:mk": "Полициска станица Гостивар",
        "name:sq": "Stacioni policor Gostivar",
        "source": "Policiska stanica Gostivar (stacioni policor)"
      },
      "geometry": {
        "type": "Point",
        "coordinates": [
          20.9108998,
          41.7971638
        ]
      },
      "id": "node/2123629167"
    },
    {
      "type": "Feature",
      "properties": {
        "@id": "node/2323204660",
        "addr:city": "Гевгелија",
        "addr:housenumber": "4",
        "addr:postcode": "1480",
        "addr:street": "Димитар Влахов",
        "amenity": "townhall",
        "name": "Општина Гевгелија",
        "operator": "Општина Гевгелија"
      },
      "geometry": {
        "type": "Point",
        "coordinates": [
          22.5030763,
          41.1387606
        ]
      },
      "id": "node/2323204660"
    },
    {
      "type": "Feature",
      "properties": {
        "@id": "node/2373004497",
        "addr:city": "Битола",
        "addr:postcode": "7000",
        "amenity": "hospital",
        "emergency": "no",
        "name": "Диагностички центар св.Спас"
      },
      "geometry": {
        "type": "Point",
        "coordinates": [
          21.3702482,
          40.9990844
        ]
      },
      "id": "node/2373004497"
    },
    {
      "type": "Feature",
      "properties": {
        "@id": "node/2405915015",
        "amenity": "hospital",
        "designation": "Здравствен дом",
        "emergency": "no",
        "healthcare": "hospital",
        "name": "Здравствен Дом Струмица",
        "source": "surway"
      },
      "geometry": {
        "type": "Point",
        "coordinates": [
          22.6436156,
          41.4391693
        ]
      },
      "id": "node/2405915015"
    },
    {
      "type": "Feature",
      "properties": {
        "@id": "node/2406043244",
        "amenity": "school",
        "designation": "Основно училиште",
        "name": "Маршал Тито"
      },
      "geometry": {
        "type": "Point",
        "coordinates": [
          22.6362779,
          41.4335818
        ]
      },
      "id": "node/2406043244"
    },
    {
      "type": "Feature",
      "properties": {
        "@id": "node/2406048906",
        "amenity": "school",
        "designation": "Основно училиште",
        "name": "Видое Подгорец"
      },
      "geometry": {
        "type": "Point",
        "coordinates": [
          22.6408215,
          41.4368796
        ]
      },
      "id": "node/2406048906"
    },
    {
      "type": "Feature",
      "properties": {
        "@id": "node/2406054227",
        "amenity": "school",
        "designation": "Основно училиште",
        "name": "Никола Вапцаров"
      },
      "geometry": {
        "type": "Point",
        "coordinates": [
          22.6488595,
          41.4295445
        ]
      },
      "id": "node/2406054227"
    },
    {
      "type": "Feature",
      "properties": {
        "@id": "node/2406054230",
        "amenity": "school",
        "building": "yes",
        "designation": "Средно училиште",
        "name": "Земјоделско училиште Димитар Влахов"
      },
      "geometry": {
        "type": "Point",
        "coordinates": [
          22.6466275,
          41.4392441
        ]
      },
      "id": "node/2406054230"
    },
    {
      "type": "Feature",
      "properties": {
        "@id": "node/2411245246",
        "addr:postcode": "1480",
        "amenity": "hospital",
        "email": "info@negorskibanji.com.mk",
        "internet_access": "wlan",
        "name": "Негорски Бањи",
        "name:en": "Negorski Spa",
        "name:mk": "Негорски Бањи",
        "opening_hours": "24/7",
        "phone": "0038934231174",
        "website": "https://www.negorskibanji.com.mk/"
      },
      "geometry": {
        "type": "Point",
        "coordinates": [
          22.4907252,
          41.1717857
        ]
      },
      "id": "node/2411245246"
    },
    {
      "type": "Feature",
      "properties": {
        "@id": "node/2545342992",
        "amenity": "hospital",
        "name": "ЈЗУ Завод за превенција лекување и рехабилитација на хронични респираторни неспецифични заболувања, Отешево",
        "name:en": "PHI Institute for Prevention Treatment and Rehabilitation of Chronic Respiratory Nonspecific Diseases, Oteševo"
      },
      "geometry": {
        "type": "Point",
        "coordinates": [
          20.9139859,
          40.9776464
        ]
      },
      "id": "node/2545342992"
    },
    {
      "type": "Feature",
      "properties": {
        "@id": "node/2574272018",
        "addr:city": "Крива Паланка",
        "addr:housename": "с.конопница",
        "addr:street": "Konopnica",
        "amenity": "school",
        "name": "ПОУ Илинден"
      },
      "geometry": {
        "type": "Point",
        "coordinates": [
          22.2928534,
          42.1823051
        ]
      },
      "id": "node/2574272018"
    },
    {
      "type": "Feature",
      "properties": {
        "@id": "node/2574272028",
        "addr:city": "Крива Паланка",
        "addr:postcode": "1330",
        "addr:street": "D-r. Nasko Tamburkov",
        "amenity": "school",
        "name": "ОУ Илинден"
      },
      "geometry": {
        "type": "Point",
        "coordinates": [
          22.3242368,
          42.1967762
        ]
      },
      "id": "node/2574272028"
    },
    {
      "type": "Feature",
      "properties": {
        "@id": "node/2578029425",
        "addr:city": "Крива Паланка",
        "addr:housename": "с.мождивњак",
        "addr:postcode": "1330",
        "addr:street": "А2",
        "amenity": "school",
        "name": "ПОУ Илинден"
      },
      "geometry": {
        "type": "Point",
        "coordinates": [
          22.2496006,
          42.1762925
        ]
      },
      "id": "node/2578029425"
    },
    {
      "type": "Feature",
      "properties": {
        "@id": "node/2670727606",
        "amenity": "hospital",
        "name": "Стара Градска болница"
      },
      "geometry": {
        "type": "Point",
        "coordinates": [
          22.6393219,
          41.435179
        ]
      },
      "id": "node/2670727606"
    },
    {
      "type": "Feature",
      "properties": {
        "@id": "node/3002643832",
        "amenity": "police",
        "name": "Полициска станица Охрид",
        "name:en": "Police Station Ohrid",
        "phone": "192"
      },
      "geometry": {
        "type": "Point",
        "coordinates": [
          20.8019655,
          41.1184279
        ]
      },
      "id": "node/3002643832"
    },
    {
      "type": "Feature",
      "properties": {
        "@id": "node/3022359063",
        "addr:city": "Kriva Palanka",
        "addr:postcode": "1330",
        "addr:street": "Illidenska",
        "amenity": "hospital",
        "emergency": "yes",
        "int_name": "Penzionerski zdravsten dom",
        "name": "Пензионерски здравствен дом",
        "name:en": "Retirement Health Clinic"
      },
      "geometry": {
        "type": "Point",
        "coordinates": [
          22.3340869,
          42.2050632
        ]
      },
      "id": "node/3022359063"
    },
    {
      "type": "Feature",
      "properties": {
        "@id": "node/3189877961",
        "amenity": "school",
        "name": "Nikola Karev"
      },
      "geometry": {
        "type": "Point",
        "coordinates": [
          22.463039,
          41.64034
        ]
      },
      "id": "node/3189877961"
    },
    {
      "type": "Feature",
      "properties": {
        "@id": "node/3647042375",
        "amenity": "hospital",
        "name": "Poliklinika \"Goce Delcev\""
      },
      "geometry": {
        "type": "Point",
        "coordinates": [
          21.7343791,
          42.1197425
        ]
      },
      "id": "node/3647042375"
    },
    {
      "type": "Feature",
      "properties": {
        "@id": "node/3695988843",
        "amenity": "townhall",
        "name": "Општина Делчево",
        "name:en": "Municipality of Delchevo"
      },
      "geometry": {
        "type": "Point",
        "coordinates": [
          22.7733985,
          41.9664292
        ]
      },
      "id": "node/3695988843"
    },
    {
      "type": "Feature",
      "properties": {
        "@id": "node/3709964622",
        "amenity": "school",
        "int_name": "OU Vancho Prke",
        "name": "ОУ Ванчо Прќе"
      },
      "geometry": {
        "type": "Point",
        "coordinates": [
          22.8027712,
          41.9669828
        ]
      },
      "id": "node/3709964622"
    },
    {
      "type": "Feature",
      "properties": {
        "@id": "node/4125379517",
        "addr:city": "Cкoпje",
        "addr:postcode": "1000",
        "addr:street": "Булевар Партизански Одреди",
        "amenity": "hospital",
        "healthcare": "hospital",
        "name": "Центар за ментално здравје",
        "name:en": "Center for mental health",
        "operator": "Министерство за здравство"
      },
      "geometry": {
        "type": "Point",
        "coordinates": [
          21.4128098,
          42.0009982
        ]
      },
      "id": "node/4125379517"
    },
    {
      "type": "Feature",
      "properties": {
        "@id": "node/4125379518",
        "addr:city": "Cкoпje",
        "addr:postcode": "1000",
        "addr:street": "Булевар Партизански Одреди",
        "amenity": "hospital",
        "name": "ПЗУ „Д-р Горица“",
        "name:en": "PZU \"D-r Gorica\""
      },
      "geometry": {
        "type": "Point",
        "coordinates": [
          21.4130411,
          42.0010726
        ]
      },
      "id": "node/4125379518"
    },
    {
      "type": "Feature",
      "properties": {
        "@id": "node/4138200603",
        "amenity": "hospital",
        "name": "Неуромедика",
        "name:en": "Neuromedika"
      },
      "geometry": {
        "type": "Point",
        "coordinates": [
          21.4145316,
          42.0005964
        ]
      },
      "id": "node/4138200603"
    },
    {
      "type": "Feature",
      "properties": {
        "@id": "node/4161457892",
        "addr:city": "Виница",
        "addr:housenumber": "2",
        "amenity": "school",
        "email": "vancoprke@yahoo.com",
        "fax": "+38933361237",
        "name": "Ванчо Прке",
        "phone": "+38933361903",
        "website": "http://souvancoprke.gov.mk/"
      },
      "geometry": {
        "type": "Point",
        "coordinates": [
          22.5066167,
          41.8868911
        ]
      },
      "id": "node/4161457892"
    },
    {
      "type": "Feature",
      "properties": {
        "@id": "node/4247656089",
        "addr:postcode": "1238",
        "amenity": "hospital",
        "name": "Hospital"
      },
      "geometry": {
        "type": "Point",
        "coordinates": [
          20.8824258,
          41.8353984
        ]
      },
      "id": "node/4247656089"
    },
    {
      "type": "Feature",
      "properties": {
        "@id": "node/4315672830",
        "amenity": "school",
        "name": "Градинка Ресен Gradinka"
      },
      "geometry": {
        "type": "Point",
        "coordinates": [
          21.012492,
          41.0872538
        ]
      },
      "id": "node/4315672830"
    },
    {
      "type": "Feature",
      "properties": {
        "@id": "node/4338234990",
        "addr:street": "ул. \"Живко Брајковски\"",
        "amenity": "courthouse",
        "name": "Court",
        "name:en": "Court",
        "name:mk": "Основен суд",
        "name:sq": "Gjykata themelore"
      },
      "geometry": {
        "type": "Point",
        "coordinates": [
          20.9072331,
          41.7898541
        ]
      },
      "id": "node/4338234990"
    },
    {
      "type": "Feature",
      "properties": {
        "@id": "node/4375519490",
        "addr:street": "Никола Русински",
        "amenity": "school",
        "name": "ДСУ  Никола Карев",
        "name:mk": "ДСУ  Никола Карев"
      },
      "geometry": {
        "type": "Point",
        "coordinates": [
          21.4011992,
          42.0041882
        ]
      },
      "id": "node/4375519490"
    },
    {
      "type": "Feature",
      "properties": {
        "@id": "node/4379227306",
        "addr:city": "Cкoпje",
        "addr:city:en": "Skopje",
        "addr:housenumber": "109b",
        "addr:postcode": "1000",
        "addr:street": "Булевар Јане Сандански",
        "amenity": "townhall",
        "check_date:opening_hours": "2024-06-05",
        "name": "Општина Аеродром",
        "name:en": "Municipality of Aerodrom",
        "opening_hours": "Mo-Fr 08:00-16:00",
        "townhall:type": "municipality",
        "website": "www.aerodrom.gov.mk"
      },
      "geometry": {
        "type": "Point",
        "coordinates": [
          21.4677752,
          41.9850577
        ]
      },
      "id": "node/4379227306"
    },
    {
      "type": "Feature",
      "properties": {
        "@id": "node/4410665289",
        "amenity": "school",
        "name": "ASM",
        "name:en": "American School Macedonia",
        "name:mk": "ASM"
      },
      "geometry": {
        "type": "Point",
        "coordinates": [
          21.3831825,
          42.0069157
        ]
      },
      "id": "node/4410665289"
    },
    {
      "type": "Feature",
      "properties": {
        "@id": "node/4434599189",
        "amenity": "school",
        "name": "shkolla e mesme teologjike",
        "name:mk": "shkolla e mesme teologjike"
      },
      "geometry": {
        "type": "Point",
        "coordinates": [
          20.8999313,
          41.7994281
        ]
      },
      "id": "node/4434599189"
    },
    {
      "type": "Feature",
      "properties": {
        "@id": "node/4502378793",
        "addr:postcode": "1221",
        "addr:street": "101",
        "amenity": "school",
        "name": "Osnovno uciliste Sabedin Bajrami",
        "name:en": "Elementary school Sabedin Bajrami",
        "name:mk": "Osnovno uciliste Sabedin Bajrami",
        "name:sq": "Shkolla fillore Sabedin Bajrami"
      },
      "geometry": {
        "type": "Point",
        "coordinates": [
          20.927028,
          41.941539
        ]
      },
      "id": "node/4502378793"
    },
    {
      "type": "Feature",
      "properties": {
        "@id": "node/4502450989",
        "addr:postcode": "1221",
        "addr:street": "101",
        "amenity": "hospital",
        "name": "Bolnica Kamenjane",
        "name:en": "Hospital Kamenjane",
        "name:mk": "Bolnica Kamenjane",
        "name:sq": "Spitali Kamjan"
      },
      "geometry": {
        "type": "Point",
        "coordinates": [
          20.9253281,
          41.9441196
        ]
      },
      "id": "node/4502450989"
    },
    {
      "type": "Feature",
      "properties": {
        "@id": "node/4502452989",
        "addr:postcode": "1221",
        "addr:street": "101",
        "amenity": "school",
        "name": "Osnovno uciliste Sabedin Bajrami",
        "name:en": "Elementary School Sabedin Bajrami",
        "name:mk": "Osnovno uciliste Sabedin Bajrami",
        "name:sq": "Shkolla fillore Sabedin Bajrami"
      },
      "geometry": {
        "type": "Point",
        "coordinates": [
          20.9261478,
          41.9442832
        ]
      },
      "id": "node/4502452989"
    },
    {
      "type": "Feature",
      "properties": {
        "@id": "node/4502463692",
        "addr:postcode": "1220",
        "addr:street": "102",
        "amenity": "school",
        "name": "Абдил Фрашери",
        "name:en": "Abdyl Frasheri",
        "name:mk": "Abdil Frasheri",
        "name:sq": "Abdyl Frashëri"
      },
      "geometry": {
        "type": "Point",
        "coordinates": [
          20.9164487,
          41.9233035
        ]
      },
      "id": "node/4502463692"
    },
    {
      "type": "Feature",
      "properties": {
        "@id": "node/4512189989",
        "addr:housenumber": "10",
        "addr:postcode": "1000",
        "addr:street": "Skupi22",
        "amenity": "hospital",
        "email": "medikacentar@yahoo.com",
        "internet_access": "wlan",
        "name": "Медика Центар",
        "name:en": "Medica Centar",
        "name:mk": "Медика Центар",
        "opening_hours": "24/7",
        "phone": "+38970206097"
      },
      "geometry": {
        "type": "Point",
        "coordinates": [
          21.3825697,
          42.0179859
        ]
      },
      "id": "node/4512189989"
    },
    {
      "type": "Feature",
      "properties": {
        "@id": "node/4594252892",
        "amenity": "police",
        "name": "Полициско Оделение Теарце",
        "name:en": "Policisko Odelenie Tearce",
        "name:mk": "Полициско Оделение Теарце"
      },
      "geometry": {
        "type": "Point",
        "coordinates": [
          21.0508376,
          42.0755157
        ]
      },
      "id": "node/4594252892"
    },
    {
      "type": "Feature",
      "properties": {
        "@id": "node/4594252894",
        "amenity": "police",
        "name": "СВР Тетово",
        "name:en": "SVR Tetovo",
        "name:mk": "СВР Тетово"
      },
      "geometry": {
        "type": "Point",
        "coordinates": [
          20.9636814,
          42.0088062
        ]
      },
      "id": "node/4594252894"
    },
    {
      "type": "Feature",
      "properties": {
        "@id": "node/4594261791",
        "amenity": "school",
        "name": "ОУ Кирил Пејчиновиќ",
        "name:en": "OU Kiril Pejcinovich",
        "name:mk": "ОУ Кирил Пејчиновиќ"
      },
      "geometry": {
        "type": "Point",
        "coordinates": [
          21.0523475,
          42.0761881
        ]
      },
      "id": "node/4594261791"
    },
    {
      "type": "Feature",
      "properties": {
        "@id": "node/4658223490",
        "amenity": "school",
        "name": "ОУ Кирил и Медодиј",
        "name:en": "OU Kiril i Metodij",
        "name:mk": "ОУ Кирил и Медодиј"
      },
      "geometry": {
        "type": "Point",
        "coordinates": [
          21.5133898,
          42.0279527
        ]
      },
      "id": "node/4658223490"
    },
    {
      "type": "Feature",
      "properties": {
        "@id": "node/4701925194",
        "addr:postcode": "2420",
        "addr:street": "Ораовица",
        "amenity": "school",
        "name": "ООУ Кирил и Методиј",
        "name:en": "OOU Kiril i Metodij",
        "opening_hours": "Mo-Fr 09:00-18:00"
      },
      "geometry": {
        "type": "Point",
        "coordinates": [
          22.5151443,
          41.6268908
        ]
      },
      "id": "node/4701925194"
    },
    {
      "type": "Feature",
      "properties": {
        "@id": "node/4708705494",
        "amenity": "school",
        "name": "Helen Doron Kapistec"
      },
      "geometry": {
        "type": "Point",
        "coordinates": [
          21.4174048,
          41.9914476
        ]
      },
      "id": "node/4708705494"
    },
    {
      "type": "Feature",
      "properties": {
        "@id": "node/4737821726",
        "amenity": "school",
        "name": "ПООУ \"Гоце Делчев\" - Штип, нас. Три Чешми",
        "name:en": "POOU \"Goce Delcev\" - Shtip, setl. Tri Ceshmi",
        "name:mk": "ПООУ \"Гоце Делчев\" - Штип, нас. Три Чешми"
      },
      "geometry": {
        "type": "Point",
        "coordinates": [
          22.1374625,
          41.7731308
        ]
      },
      "id": "node/4737821726"
    },
    {
      "type": "Feature",
      "properties": {
        "@id": "node/4776265422",
        "amenity": "hospital",
        "name": "ЈЗУ ЗДРАВСТВЕН ДОМ"
      },
      "geometry": {
        "type": "Point",
        "coordinates": [
          21.4407164,
          42.0035328
        ]
      },
      "id": "node/4776265422"
    },
    {
      "type": "Feature",
      "properties": {
        "@id": "node/4885047822",
        "addr:housenumber": "1-1/3",
        "addr:postcode": "1200",
        "addr:street": "Видое Смилевски Бато",
        "amenity": "hospital",
        "emergency": "yes",
        "healthcare": "hospital",
        "healthcare:speciality": "general",
        "name": "ONE Hospital - Tetovo",
        "name:en": "ONE Hospital - Tetovo",
        "name:mk": "ОНЕ Хоспитал - Тетово",
        "name:sq": "ONE Hospital - Tetovë",
        "opening_hours": "Mo-Sa 00:00-00:00",
        "phone": "+38978822777",
        "website": "https://www.onehospital.mk/"
      },
      "geometry": {
        "type": "Point",
        "coordinates": [
          20.9773702,
          42.0030792
        ]
      },
      "id": "node/4885047822"
    },
    {
      "type": "Feature",
      "properties": {
        "@id": "node/5115448717",
        "addr:city": "Ohrid",
        "addr:street": "\"Климентов конак\" бб.",
        "amenity": "school",
        "name": "ОУ \"Св.Климент Охридски\""
      },
      "geometry": {
        "type": "Point",
        "coordinates": [
          20.7968544,
          41.1141182
        ]
      },
      "id": "node/5115448717"
    },
    {
      "type": "Feature",
      "properties": {
        "@id": "node/5130474890",
        "amenity": "hospital",
        "name": "Здравствен дом „Железничар“",
        "name:en": "Železničar Health Centre"
      },
      "geometry": {
        "type": "Point",
        "coordinates": [
          21.4271939,
          41.9933702
        ]
      },
      "id": "node/5130474890"
    },
    {
      "type": "Feature",
      "properties": {
        "@id": "node/5266913821",
        "addr:postcode": "1200",
        "addr:street": "Вон- Вардарска",
        "amenity": "school",
        "email": "info@unite.edu.mk",
        "name": "Universiteti i Tetoves “Fakulteti i shkencave të zbatuara”",
        "name:en": "University of Tetovo",
        "opening_hours": "Mo-Sa 06:00-19:00",
        "website": "https://unite.edu.mk/"
      },
      "geometry": {
        "type": "Point",
        "coordinates": [
          20.9625155,
          41.9915112
        ]
      },
      "id": "node/5266913821"
    },
    {
      "type": "Feature",
      "properties": {
        "@id": "node/5554568424",
        "addr:housenumber": "94a",
        "addr:postcode": "1300",
        "addr:street": "Dragan Stoparevic",
        "amenity": "school",
        "email": "ibssamacedonia@yahoo.com",
        "name": "ИБССА МАКЕДОНИЈА ТРЕНИНГ ЦЕНТАР",
        "name:en": "IBSSA MACEDONIA TRAINING CENTER CLASSROOM",
        "website": "https://www.ibssamacedonia.com/"
      },
      "geometry": {
        "type": "Point",
        "coordinates": [
          21.7321995,
          42.1230263
        ]
      },
      "id": "node/5554568424"
    },
    {
      "type": "Feature",
      "properties": {
        "@id": "node/5570356121",
        "amenity": "school",
        "name": "Shkolla Fillore “Sali Lisi”",
        "name:en": "Primary School “Sali Lisi”"
      },
      "geometry": {
        "type": "Point",
        "coordinates": [
          20.8899632,
          41.8619064
        ]
      },
      "id": "node/5570356121"
    },
    {
      "type": "Feature",
      "properties": {
        "@id": "node/5601794407",
        "amenity": "hospital",
        "name": "Euroitalia"
      },
      "geometry": {
        "type": "Point",
        "coordinates": [
          21.6155055,
          41.9389005
        ]
      },
      "id": "node/5601794407"
    },
    {
      "type": "Feature",
      "properties": {
        "@id": "node/5646430122",
        "addr:street": "Ќемал Ататурк",
        "amenity": "hospital",
        "name": "Visar"
      },
      "geometry": {
        "type": "Point",
        "coordinates": [
          21.4434522,
          42.0130459
        ]
      },
      "id": "node/5646430122"
    },
    {
      "type": "Feature",
      "properties": {
        "@id": "node/5761128321",
        "amenity": "hospital",
        "name": "Др.Пашковски",
        "name:en": "Dr.Paskovski"
      },
      "geometry": {
        "type": "Point",
        "coordinates": [
          21.0130865,
          41.0855049
        ]
      },
      "id": "node/5761128321"
    },
    {
      "type": "Feature",
      "properties": {
        "@id": "node/5761128721",
        "amenity": "school",
        "name": "ОСУ Цар Самоил Касарна",
        "name:en": "MMS King Samoil old army base"
      },
      "geometry": {
        "type": "Point",
        "coordinates": [
          21.0047133,
          41.0921116
        ]
      },
      "id": "node/5761128721"
    },
    {
      "type": "Feature",
      "properties": {
        "@id": "node/5761132821",
        "amenity": "school",
        "name": "ООУ Мите Богоевски",
        "name:en": "BMS Mite Bogoevski"
      },
      "geometry": {
        "type": "Point",
        "coordinates": [
          21.0107101,
          41.0881356
        ]
      },
      "id": "node/5761132821"
    },
    {
      "type": "Feature",
      "properties": {
        "@id": "node/5846660690",
        "addr:housenumber": "7/30",
        "addr:postcode": "1000",
        "addr:street": "Васил Главинов",
        "amenity": "school",
        "email": "diva@castadiva.com.mk",
        "name": "Casta Diva",
        "opening_hours": "16:00-22:00",
        "phone": "+38923220205",
        "website": "https://www.castadiva.com.mk/"
      },
      "geometry": {
        "type": "Point",
        "coordinates": [
          21.4283169,
          41.9967891
        ]
      },
      "id": "node/5846660690"
    },
    {
      "type": "Feature",
      "properties": {
        "@id": "node/5969332187",
        "addr:postcode": "6000",
        "addr:street": "R1208, ohrid",
        "amenity": "hospital",
        "internet_access": "wlan",
        "name": "St. Erasmus Hospital",
        "opening_hours": "Mo 08:00-15:30; Tu 08:00-15:30; We 08:00-15:00; Th 08:00-15:30; Fr 08:00-15:00; Sa 08:00-12:00; Su 00:00-24:00",
        "phone": "+38946272700",
        "website": "https://traortoh.com.mk/"
      },
      "geometry": {
        "type": "Point",
        "coordinates": [
          20.7631403,
          41.1348192
        ]
      },
      "id": "node/5969332187"
    },
    {
      "type": "Feature",
      "properties": {
        "@id": "node/5999496385",
        "addr:street": "3 Македонска Ударна Бригада",
        "amenity": "school",
        "name": "Gimnazijum Sami Frasheri",
        "name:en": "High School Sami Frasheri",
        "name:mk": "Sredno Uciliste Sami Frasheri",
        "name:sq": "Shkolla e Mesme Sami Frashëri"
      },
      "geometry": {
        "type": "Point",
        "coordinates": [
          21.7109563,
          42.1336401
        ]
      },
      "id": "node/5999496385"
    },
    {
      "type": "Feature",
      "properties": {
        "@id": "node/5999496485",
        "addr:street": "11-ти Ноември",
        "amenity": "hospital",
        "healthcare": "hospital",
        "name": "Hitna Pomos",
        "name:en": "Ambulance",
        "name:mk": "Brza Pomos"
      },
      "geometry": {
        "type": "Point",
        "coordinates": [
          21.7104934,
          42.1369857
        ]
      },
      "id": "node/5999496485"
    },
    {
      "type": "Feature",
      "properties": {
        "@id": "node/6054048713",
        "amenity": "school",
        "name": "Универзитет за туризам и менаџмент"
      },
      "geometry": {
        "type": "Point",
        "coordinates": [
          21.398993,
          42.0022668
        ]
      },
      "id": "node/6054048713"
    },
    {
      "type": "Feature",
      "properties": {
        "@id": "node/6079524198",
        "amenity": "school",
        "name": "Kiril i Metodij"
      },
      "geometry": {
        "type": "Point",
        "coordinates": [
          22.5881371,
          42.0224748
        ]
      },
      "id": "node/6079524198"
    },
    {
      "type": "Feature",
      "properties": {
        "@id": "node/6079524199",
        "amenity": "school",
        "name": "Central High School"
      },
      "geometry": {
        "type": "Point",
        "coordinates": [
          22.5893854,
          42.022804
        ]
      },
      "id": "node/6079524199"
    },
    {
      "type": "Feature",
      "properties": {
        "@id": "node/6347485641",
        "amenity": "hospital",
        "healthcare": "hospital",
        "name": "Партизанска болница"
      },
      "geometry": {
        "type": "Point",
        "coordinates": [
          22.4646543,
          41.7613575
        ]
      },
      "id": "node/6347485641"
    },
    {
      "type": "Feature",
      "properties": {
        "@id": "node/6357256985",
        "addr:housenumber": "52",
        "addr:postcode": "1230",
        "addr:street": "Pavle Avramoski",
        "amenity": "school",
        "name": "Мустафа Кемал Ататурк",
        "name:en": "Mustafa Kemal Ataturk",
        "name:tr": "Mustafa Kemal Atatürk"
      },
      "geometry": {
        "type": "Point",
        "coordinates": [
          20.9008852,
          41.7936137
        ]
      },
      "id": "node/6357256985"
    },
    {
      "type": "Feature",
      "properties": {
        "@id": "node/6384505886",
        "addr:postcode": "1230",
        "amenity": "hospital",
        "name": "Болница Ферид Мурад",
        "name:tr": "Ferid Murad Hastanesi"
      },
      "geometry": {
        "type": "Point",
        "coordinates": [
          20.903526,
          41.7929628
        ]
      },
      "id": "node/6384505886"
    },
    {
      "type": "Feature",
      "properties": {
        "@id": "node/6812666691",
        "addr:housenumber": "22",
        "addr:postcode": "1000",
        "addr:street": "Булевар Климент Охридски",
        "amenity": "school",
        "name": "Deutsches Sprachzentrum",
        "name:mk": "Германски Јазичен Центар"
      },
      "geometry": {
        "type": "Point",
        "coordinates": [
          21.4265771,
          42.0000789
        ]
      },
      "id": "node/6812666691"
    },
    {
      "type": "Feature",
      "properties": {
        "@id": "node/6815633186",
        "amenity": "school",
        "name": "Курсеви за Јазик",
        "name:en": "Language Courses",
        "name:tr": "Dil Kursları"
      },
      "geometry": {
        "type": "Point",
        "coordinates": [
          20.9066898,
          41.7925564
        ]
      },
      "id": "node/6815633186"
    },
    {
      "type": "Feature",
      "properties": {
        "@id": "node/6816032485",
        "amenity": "school",
        "name": "Меѓународен Универзитет Визион",
        "name:en": "International University Vision",
        "name:tr": "Uluslararası Vizyon Üniverzite",
        "opening_hours": "24/7"
      },
      "geometry": {
        "type": "Point",
        "coordinates": [
          20.9077838,
          41.7924608
        ]
      },
      "id": "node/6816032485"
    },
    {
      "type": "Feature",
      "properties": {
        "@id": "node/7027084885",
        "amenity": "hospital",
        "name": "Стоматолошка Ординација",
        "name:en": "Dentist"
      },
      "geometry": {
        "type": "Point",
        "coordinates": [
          21.4235554,
          41.9919437
        ]
      },
      "id": "node/7027084885"
    },
    {
      "type": "Feature",
      "properties": {
        "@id": "node/8434537936",
        "addr:city": "Драчево",
        "addr:housenumber": "28",
        "addr:postcode": "1000",
        "addr:street": "Димитар Гуштанов",
        "amenity": "hospital",
        "emergency": "no",
        "healthcare": "hospital",
        "healthcare:speciality": "general",
        "name": "PZU \"Deona MM\"",
        "operator": "Dr. Mira Miloseska",
        "operator:type": "private",
        "phone": "+389 2 2796-952"
      },
      "geometry": {
        "type": "Point",
        "coordinates": [
          21.5158516,
          41.9398219
        ]
      },
      "id": "node/8434537936"
    },
    {
      "type": "Feature",
      "properties": {
        "@id": "node/10091078201",
        "amenity": "school",
        "name": "Основно училиште „Магдалена Антова“",
        "name:en": "Elementary School \"Magdalena Antova\""
      },
      "geometry": {
        "type": "Point",
        "coordinates": [
          21.7355727,
          42.1537696
        ]
      },
      "id": "node/10091078201"
    },
    {
      "type": "Feature",
      "properties": {
        "@id": "node/10174200205",
        "amenity": "hospital",
        "healthcare": "hospital",
        "name": "Здравствен Дом Виница"
      },
      "geometry": {
        "type": "Point",
        "coordinates": [
          22.5105001,
          41.8880143
        ]
      },
      "id": "node/10174200205"
    },
    {
      "type": "Feature",
      "properties": {
        "@id": "node/10267084007",
        "addr:city": "Cкoпje",
        "addr:housenumber": "19",
        "addr:postcode": "1000",
        "addr:street": "Кеј Димитар Влахов",
        "amenity": "courthouse",
        "email": "mail@ustavensud.mk",
        "fax": "+38923119355",
        "name": "Уставен суд на Македонија",
        "name:en": "Constitutional Court of North Macedonia",
        "phone": "+38923165153",
        "website": "https://ustavensud.mk/",
        "wikidata": "Q2348239",
        "wikipedia": "mk:Уставен суд на Македонија"
      },
      "geometry": {
        "type": "Point",
        "coordinates": [
          21.4347067,
          41.9966906
        ]
      },
      "id": "node/10267084007"
    },
    {
      "type": "Feature",
      "properties": {
        "@id": "node/10589369925",
        "addr:city": "Булачани",
        "addr:housenumber": "1",
        "addr:postcode": "1000",
        "addr:street": "5",
        "amenity": "school",
        "name": "ООУ. Наум Охридски-Булачани, Скопје",
        "operator": "Општина Гази Баба"
      },
      "geometry": {
        "type": "Point",
        "coordinates": [
          21.5032851,
          42.0714765
        ]
      },
      "id": "node/10589369925"
    },
    {
      "type": "Feature",
      "properties": {
        "@id": "node/10951507901",
        "addr:city": "Седларево",
        "addr:postcode": "1000",
        "amenity": "school",
        "name": "Shkolla Fillore \"Hasan Tahsini\" Sallarevë",
        "religion": "muslim"
      },
      "geometry": {
        "type": "Point",
        "coordinates": [
          21.1303162,
          41.8820659
        ]
      },
      "id": "node/10951507901"
    },
    {
      "type": "Feature",
      "properties": {
        "@id": "node/11240709443",
        "amenity": "police",
        "name": "Vendkalimi Kufitar Stançiç"
      },
      "geometry": {
        "type": "Point",
        "coordinates": [
          21.5495193,
          42.2533693
        ]
      },
      "id": "node/11240709443"
    },
    {
      "type": "Feature",
      "properties": {
        "@id": "node/11559450967",
        "addr:city": "Cкoпje",
        "addr:housenumber": "28",
        "addr:street": "Митрополит Теодосиј Гологанов",
        "amenity": "hospital",
        "healthcare": "hospital",
        "name": "Анчевски Д-р."
      },
      "geometry": {
        "type": "Point",
        "coordinates": [
          21.4237414,
          41.9952798
        ]
      },
      "id": "node/11559450967"
    },
    {
      "type": "Feature",
      "properties": {
        "@id": "node/12222295022",
        "amenity": "hospital",
        "check_date": "2024-10-04",
        "healthcare": "hospital",
        "name": "Acibadem"
      },
      "geometry": {
        "type": "Point",
        "coordinates": [
          21.4249674,
          41.99847
        ]
      },
      "id": "node/12222295022"
    },
    {
      "type": "Feature",
      "properties": {
        "@id": "node/12291659400",
        "addr:city": "Skopje",
        "addr:housenumber": "7",
        "addr:postcode": "1000",
        "addr:street": "Даме Груев",
        "amenity": "police",
        "int_name": "Police station - Beko",
        "level": "0,_1",
        "mobile": "072334261",
        "name": "Полициска станица - Беко"
      },
      "geometry": {
        "type": "Point",
        "coordinates": [
          21.4276512,
          41.9933635
        ]
      },
      "id": "node/12291659400"
    },
    {
      "type": "Feature",
      "properties": {
        "@id": "node/12306723744",
        "amenity": "townhall",
        "name": "Општина Кратово"
      },
      "geometry": {
        "type": "Point",
        "coordinates": [
          22.1820833,
          42.0781288
        ]
      },
      "id": "node/12306723744"
    }
  ]
}